asset_name,2024_asset_class,2024_description,2024_holding_count,2024_reported_value_bands,2024_value_min_usd,2024_value_max_usd,2024_value_has_open_upper_bound,2025_asset_class,2025_description,2025_holding_count,2025_reported_value_bands,2025_value_min_usd,2025_value_max_usd,2025_value_has_open_upper_bound,2025_vs_2024
3I GROUP PLC UNSPONSORED ADR CMN,,,,,,,,Common stock,Common stock of 3I Group PLC Unsponsored,1,"$1,001-$15,000",1001,15000,False,
3M COMPANY CMN,Common stock,"Common stock of 3M, maker of industrial and consumer products.",3,"None | $1,001-$15,000",2002,30000,False,Common stock,"Common stock of 3M, maker of industrial and consumer products.",3,"$1,001-$15,000 | $15,001-$50,000",17003,80000,False,overlapping_reported_ranges
8VC OPPORTUNITIES ACCESS LLC,Hedge funds & private funds,Access vehicle investing in a venture capital fund managed by 8VC,1,"$1,000,001-$5,000,000",1000001,5000000,False,Hedge funds & private funds,Access vehicle investing in a venture capital fund managed by 8VC,1,"$500,001-$1,000,000",500001,1000000,False,lower
A.O SMITH CORP (DEL) CMN,,,,,,,,Common stock,Common stock of A.O Smith Corp (del),2,None,0,0,False,
A.O. SMITH CORP (DEL) CMN,Common stock,"Common stock of A.O. Smith, a maker of water heaters and boilers",3,None,0,0,False,,,,,,,,
AB LARGE CAP GROWTH ADVISOR,Funds & ETFs,"Mutual fund investing in large U.S. growth companies, AllianceBernstein Advisor share class",3,"Spouse/DC Asset over $1,000,000 | $500,001-$1,000,000",2500003,,True,,,,,,,,
AB LARGE CAP GROWTH ADVISOR CLASS,,,,,,,,Funds & ETFs,Investment fund — AB Large CAP Growth Advisor Class,3,"Spouse/DC Asset over $1,000,000",3000003,,True,
ABB LTD SPONSORED ADR CMN,Common stock,"American depositary shares of ABB, a Swiss industrial automation and electrification company.",2,"None | $15,001-$50,000",15001,50000,False,Common stock,"American depositary shares of ABB, a Swiss industrial automation and electrification company.",1,"$15,001-$50,000",15001,50000,False,same_reported_range
ABBOTT LABORATORIES,Common stock,"Common stock of Abbott Laboratories, a medical devices and health care products company.",3,"$1,001-$15,000 | $15,001-$50,000",17003,80000,False,,,,,,,,
ABBOTT LABORATORIES CMN,Common stock,"Common stock of Abbott Laboratories, a medical device and health products maker",6,"$50,001-$100,000 | $15,001-$50,000",125006,350000,False,Common stock,"Common stock of Abbott Laboratories, a medical device and health products maker",6,"$15,001-$50,000 | $1,001-$15,000",76006,265000,False,overlapping_reported_ranges
ABBVIE INC CMN,Common stock,"Common stock of AbbVie, a large pharmaceutical maker known for Humira.",5,None,0,0,False,Common stock,"Common stock of AbbVie, a large pharmaceutical maker known for Humira. | Common stock of Abbvie Inc",7,"None | $50,001-$100,000 | $15,001-$50,000",115003,250000,False,higher
ABBVIE INC COM USD0 01,,,,,,,,Common stock,Common stock of Abbvie Inc Usd0 01,3,"$1,001-$15,000",3003,45000,False,
ABBVIE INC COM USD0.01,Common stock,"Common stock of AbbVie, a major pharmaceutical company.",3,"$1,001-$15,000",3003,45000,False,,,,,,,,
ABBVIE INC. CMN,Common stock,"Common stock of AbbVie, a pharmaceutical company known for Humira",5,"$15,001-$50,000 | $1,001-$15,000",61005,215000,False,,,,,,,,
ABIOMED INC CMN CONTRA,,,,,,,,Common stock,Common stock of Abiomed Inc Contra,1,None,0,0,False,
ABN AMRO BANK N V UNSPON ADS EACH REP,,,,,,,,Common stock,Common stock of ABN Amro Bank N V Unspon Each REP,1,"$1,001-$15,000",1001,15000,False,
ACCENTURE PLC,Common stock,"Common stock of Accenture, a global IT consulting and outsourcing firm",3,"$15,001-$50,000 | $1,001-$15,000",31003,115000,False,,,,,,,,
ACCENTURE PLC CMN CLASS A,Common stock,"Class A common stock of Accenture, a global IT consulting and professional services firm",7,"$50,001-$100,000 | $1,001-$15,000 | $15,001-$50,000",112007,330000,False,Common stock,"Class A common stock of Accenture, a global IT consulting and professional services firm",7,"$1,001-$15,000 | $15,001-$50,000 | None",34006,160000,False,overlapping_reported_ranges
ACTAVIS PLC (ACT),Common stock,"Stock of Actavis, a generic-drug pharmaceutical company later renamed Allergan.",1,None,0,0,False,,,,,,,,
ADAMS 12 FIVE STAR SCHS COLO GO 5.0000% 12/15/24 JD,Municipal & gov bonds,"Colorado school district general obligation municipal bond, 5% coupon, maturing December 2024",1,None,0,0,False,,,,,,,,
ADOBE INC CMN,Common stock,"Common stock of Adobe, maker of Photoshop, Acrobat, and other creative software.",5,"$15,001-$50,000 | $1,001-$15,000",61005,215000,False,Common stock,"Common stock of Adobe, maker of Photoshop, Acrobat, and other creative software.",7,"$15,001-$50,000 | $1,001-$15,000 | None",62006,230000,False,overlapping_reported_ranges
ADOBE INC COM,,,,,,,,Common stock,Common stock of Adobe Inc,2,"$1,001-$15,000",2002,30000,False,
ADVANCED MICRO DEVICES INC,,,,,,,,Common stock,Common stock of Advanced Micro Devices Inc,3,"$1,001-$15,000",3003,45000,False,
ADVANCED MICRO DEVICES INC CMN,,,,,,,,Common stock,Common stock of Advanced Micro Devices Inc,4,"$15,001-$50,000 | $1,001-$15,000",46004,165000,False,
"ADVANCED MICRO DEVICES, INC. CMN",Common stock,"Common stock of AMD, a semiconductor company making computer processors and graphics chips",4,"$15,001-$50,000 | None",45003,150000,False,,,,,,,,
AEP TEXAS INC 4 7% 05/15/2032 USD SR LIEN,,,,,,,,Preferred & hybrid securities,Preferred / hybrid perpetual security issued by AEP Texas Inc 4 7% 05/15/2032 USD SR Lien,1,"$1,001-$15,000",1001,15000,False,
AEP TEXAS INC 4.7% 05/15/2032 USD,Municipal & gov bonds,"Corporate bond of AEP Texas, an electric utility; 4.7%, maturing May 2032.",2,None,0,0,False,,,,,,,,
AEP TEXAS INC 4.7% 05/15/2032 USD SR LIEN,Preferred & hybrid securities,"Senior bond of AEP Texas, an electric utility; 4.7% coupon, maturing May 2032.",2,"$1,001-$15,000",2002,30000,False,,,,,,,,
AFLAC INCORPORATED CMN,Common stock,"Common stock of Aflac, a supplemental health and life insurance company",3,"$1,001-$15,000",3003,45000,False,Common stock,"Common stock of Aflac, a supplemental health and life insurance company",3,"$1,001-$15,000",3003,45000,False,same_reported_range
AGILENT TECHNOLOGIES INC CMN,,,,,,,,Common stock,Common stock of Agilent Technologies Inc,3,"$1,001-$15,000",3003,45000,False,
"AGILENT TECHNOLOGIES, INC. CMN",Common stock,"Common stock of Agilent Technologies, a maker of laboratory instruments and scientific testing equipment",3,"None | $1,001-$15,000",2002,30000,False,,,,,,,,
AIR LEASE CORP 1 875% 08/15/2026 USD,,,,,,,,Municipal & gov bonds,"Municipal bond — AIR Lease Corp 1, 875% coupon",1,None,0,0,False,
AIR LEASE CORP 1.875% 08/15/2026 USD SR LIEN,Preferred & hybrid securities,"Senior bond of Air Lease, an aircraft leasing company; 1.875% coupon, matures 2026.",1,"$1,001-$15,000",1001,15000,False,,,,,,,,
AIR LEASE CORP 3.375% 07/01/2025 SR LIEN,Preferred & hybrid securities,"Senior bond of Air Lease Corp, an aircraft leasing company; 3.375% interest, matures July 2025.",1,"$15,001-$50,000",15001,50000,False,,,,,,,,
AIR LEASE CORP 3.375% 07/01/2025 USD,Municipal & gov bonds,"Bond of Air Lease Corp, an aircraft leasing company; 3.375%, due July 2025",1,None,0,0,False,,,,,,,,
AIR LEASE CORPORATION 5 3% 02/01/2028 USD,,,,,,,,Municipal & gov bonds,"Municipal bond — AIR Lease Corporation 5, 3% coupon",1,None,0,0,False,
AIR LEASE CORPORATION 5.3% 02/01/2028 USD SR LIEN,Preferred & hybrid securities,"Senior bond of Air Lease, an aircraft leasing company; 5.3%, due February 2028.",1,"$15,001-$50,000",15001,50000,False,,,,,,,,
AIR LEASE CORPORATION HYBRID PERPETUAL,Preferred & hybrid securities,"Perpetual hybrid preferred security of Air Lease Corporation, an aircraft leasing company.",2,None,0,0,False,,,,,,,,
AIR LEASE CORPORATION HYBRID PERPETUAL USD,,,,,,,,Preferred & hybrid securities,Preferred / hybrid perpetual security issued by AIR Lease Corporation,2,None,0,0,False,
AIR LEASE CORPORATION HYBRID PERPETUAL USD SER B JRSUB LIEN CPN 03,Preferred & hybrid securities,Perpetual junior subordinated preferred security of aircraft lessor Air Lease (Series B),2,"$1,001-$15,000",2002,30000,False,Preferred & hybrid securities,Perpetual junior subordinated preferred security of aircraft lessor Air Lease (Series B),2,"$1,001-$15,000",2002,30000,False,same_reported_range
AIR LEASE CORPORATION HYBRID PERPETUAL USD SER D SR LIEN CPN 09/24/2,Preferred & hybrid securities,"Perpetual preferred security (Series D) of Air Lease, an aircraft leasing company",2,"$1,001-$15,000",2002,30000,False,,,,,,,,
AIR PRODUCTS & CHEMICALS 4 75% 02/08/2031 USD SR LIEN,,,,,,,,Preferred & hybrid securities,Preferred / hybrid perpetual security issued by AIR Products & Chemicals 4 75% 02/08/2031 USD SR Lien,1,"$15,001-$50,000",15001,50000,False,
AIR PRODUCTS & CHEMICALS 4.75% 02/08/2031,Municipal & gov bonds,"Corporate bond of industrial gas supplier Air Products & Chemicals — 4.75% coupon, matures 2031",1,None,0,0,False,,,,,,,,
AIR PRODUCTS & CHEMICALS 4.75% 02/08/2031 USD SR LIEN,Preferred & hybrid securities,"Senior corporate bond of industrial gas maker Air Products, 4.75%, maturing February 2031",1,"$15,001-$50,000",15001,50000,False,,,,,,,,
AIR PRODUCTS & CHEMICALS INC CMN,Common stock,"Common stock of Air Products, an industrial gases company.",3,"$1,001-$15,000",3003,45000,False,Common stock,"Common stock of Air Products, an industrial gases company.",5,"$15,001-$50,000 | $1,001-$15,000 | None",17003,80000,False,overlapping_reported_ranges
AIRBNB INC CMN CLASS A,,,,,,,,Common stock,Common stock of Airbnb Inc,2,"None | $1,001-$15,000",1001,15000,False,
"AIRBNB, INC. CMN CLASS A",Common stock,"Class A common stock of Airbnb, the home-rental and travel booking platform",3,"$1,001-$15,000 | None",1001,15000,False,,,,,,,,
AKAMAI TECHNOLOGIES INC CMN,,,,,,,,Common stock,Common stock of Akamai Technologies Inc,2,"$1,001-$15,000 | None",1001,15000,False,
"AKAMAI TECHNOLOGIES, INC. CMN",Common stock,"Common stock of Akamai, an internet content-delivery and cloud security company.",3,"None | $1,001-$15,000",1001,15000,False,,,,,,,,
AKRON OHIO INCOME TAX REV REV 5% 12/01/25 JD,Municipal & gov bonds,"City of Akron, Ohio income-tax revenue bond, 5% coupon, due December 2025.",1,None,0,0,False,,,,,,,,
AKRON OHIO INCOME TAX REV REV 5% 12/01/25 JD CMNTY LEARNING CTR REV,Municipal & gov bonds,"Akron, Ohio income-tax revenue bond for community learning centers, 5% coupon, due 12/01/2025",1,"$50,001-$100,000",50001,100000,False,,,,,,,,
AKRON OHIO PKG FACS INCOME TAX REV 5.0000% 12/01/24 JD,Municipal & gov bonds,"Akron, Ohio parking facilities income-tax revenue bond, 5% coupon, maturing December 2024",1,None,0,0,False,,,,,,,,
AL FED AID HWY FINANCE AUTH REV 5.0000% 09/01/24 MS,Municipal & gov bonds,"Alabama Federal Aid Highway Finance Authority revenue bond — 5% coupon, matures September 2024",1,None,0,0,False,,,,,,,,
ALASKA AIR GROUP INC(DEL HLDG) CMN,Common stock,"Common stock of Alaska Air Group, the parent company of Alaska Airlines.",3,"None | $1,001-$15,000",1001,15000,False,Common stock,"Common stock of Alaska Air Group, the parent company of Alaska Airlines.",1,"$1,001-$15,000",1001,15000,False,same_reported_range
ALBEMARLE CORP CMN,Common stock,"Common stock of Albemarle, a specialty chemicals company known for lithium production.",4,"$1,001-$15,000 | None | $15,001-$50,000",16002,65000,False,Common stock,"Common stock of Albemarle, a specialty chemicals company known for lithium production.",3,"None | $1,001-$15,000",1001,15000,False,lower
ALEXANDRIA REAL ESTATE 2.0% 05 2.0% 05/18/2032 USD SR LIEN M-W+15.00BP,Preferred & hybrid securities,"Senior bond of Alexandria Real Estate, a life-science property REIT; 2.0%, due 2032",1,"$1,001-$15,000",1001,15000,False,,,,,,,,
ALEXANDRIA REAL ESTATE EQUITIE 1 875% 02/01/2033 USD SR LIEN,,,,,,,,Preferred & hybrid securities,Preferred / hybrid perpetual security issued by Alexandria Real Estate Equitie 1 875% 02/01/2033 USD SR Lien,1,"$1,001-$15,000",1001,15000,False,
ALEXANDRIA REAL ESTATE EQUITIE 1 875/ 02/01/2033 USD SR LIEN,,,,,,,,Preferred & hybrid securities,Preferred / hybrid perpetual security issued by Alexandria Real Estate Equitie 1 875/ 02/01/2033 USD SR Lien,1,"$1,001-$15,000",1001,15000,False,
ALEXANDRIA REAL ESTATE EQUITIE 3.45% 04/30/2025 SR LIEN,Preferred & hybrid securities,"Senior bond of Alexandria Real Estate Equities, a lab-space landlord; 3.45%, due April 2025.",1,"$1,001-$15,000",1001,15000,False,,,,,,,,
ALEXANDRIA REAL ESTATE EQUITIES INC,,,,,,,,Common stock,Common stock of Alexandria Real Estate Equities Inc,3,"$1,001-$15,000 | None",2002,30000,False,
"ALEXANDRIA REAL ESTATE EQUITIES, INC.",Common stock,"Stock of Alexandria Real Estate Equities, a real estate investment trust owning life-science labs.",3,"None | $1,001-$15,000",1001,15000,False,,,,,,,,
ALIGN TECHNOLOGY INC CMN,,,,,,,,Common stock,Common stock of Align Technology Inc,3,"$1,001-$15,000",3003,45000,False,
"ALIGN TECHNOLOGY, INC CMN",Common stock,"Common stock of Align Technology, maker of Invisalign clear dental aligners",3,"$1,001-$15,000 | None",2002,30000,False,,,,,,,,
ALLSTATE CORPORATION (THE) PFD USD1 8438(7 38%) SERIES J,,,,,,,,Preferred & hybrid securities,Preferred / hybrid perpetual security issued by Allstate Corporation (the),2,"$1,001-$15,000",2002,30000,False,
ALLSTATE CORPORATION (THE) PFD USD1.8438(7.38%) SERIES J,Preferred & hybrid securities,"Preferred stock (Series J, 7.38%) of Allstate, the auto and home insurer",2,"$1,001-$15,000",2002,30000,False,,,,,,,,
ALLSTATE CORPORATION COMMON STOCK,Common stock,"Common stock of Allstate, a major U.S. auto and home insurance company",6,"$15,001-$50,000 | $1,001-$15,000 | None",19005,110000,False,Common stock,"Common stock of Allstate, a major U.S. auto and home insurance company",6,"None | $1,001-$15,000",3003,45000,False,overlapping_reported_ranges
ALLY FINANCIAL INC HYBRID PERPETUAL USD SER B JRSUB LIEN CPN 04/22/21,,,,,,,,Preferred & hybrid securities,Preferred / hybrid perpetual security issued by Ally Financial Inc,2,"$1,001-$15,000",2002,30000,False,
ALLY FINANCIAL INC. HYBRID PERPETUAL USD SER B JRSUB LIEN CPN 04/22/21,Preferred & hybrid securities,"Perpetual junior subordinated preferred security of Ally Financial, an online banking company",2,"$1,001-$15,000",2002,30000,False,,,,,,,,
ALPHABET INC CAP STK CL A,,,,,,,,Common stock,Common stock of Alphabet Inc CAP STK CL A,3,"$15,001-$50,000",45003,150000,False,
ALPHABET INC CMN CLASS A,,,,,,,,Common stock,Common stock of Alphabet Inc,5,"None | $250,001-$500,000 | $100,001-$250,000 | $15,001-$50,000",465004,1050000,False,
ALPHABET INC CMN CLASS C,,,,,,,,Common stock,Common stock of Alphabet Inc Class C,5,"$15,001-$50,000 | $1,001-$15,000 | $100,001-$250,000",316005,815000,False,
ALPHABET INC. CMN CLASS A,Common stock,"Class A common stock of Alphabet, Google's parent company.",7,"$50,001-$100,000 | None | $100,001-$250,000",400005,950000,False,,,,,,,,
ALPHABET INC. CMN CLASS C,Common stock,"Class C common stock of Alphabet, the parent company of Google | Class C common stock of Alphabet, Google's parent company.",4,"$15,001-$50,000 | $50,001-$100,000 | $100,001-$250,000",265004,650000,False,,,,,,,,
ALTRIA GROUP INC CMN,,,,,,,,Common stock,Common stock of Altria Group Inc,3,"None | $1,001-$15,000",2002,30000,False,
"ALTRIA GROUP, INC. 2.625% 09/16/2026 USD SR LIEN",Preferred & hybrid securities,"Corporate bond of tobacco company Altria, 2.625% coupon, maturing September 2026",1,"$1,001-$15,000",1001,15000,False,,,,,,,,
"ALTRIA GROUP, INC. CMN",Common stock,"Common stock of Altria, the U.S. tobacco company behind Marlboro cigarettes",3,"$1,001-$15,000",3003,45000,False,,,,,,,,
AMAZON COM INC,,,,,,,,Common stock,Common stock of Amazon Inc,3,"$15,001-$50,000 | $1,001-$15,000",31003,115000,False,
AMAZON COM INC CMN,,,,,,,,Common stock,Common stock of Amazon Inc,7,"$50,001-$100,000 | $1,001-$15,000 | $250,001-$500,000 | $100,001-$250,000 | $15,001-$50,000",667007,1430000,False,
AMAZON.COM INC CMN,Common stock,"Common stock of Amazon, the online retail and cloud computing company.",7,"$100,001-$250,000 | $1,001-$15,000 | $250,001-$500,000 | $15,001-$50,000",717007,1580000,False,,,,,,,,
AMCOR PLC CMN,Common stock,"Common stock of Amcor, a global packaging manufacturer.",2,"$1,001-$15,000 | None",1001,15000,False,Common stock,"Common stock of Amcor, a global packaging manufacturer.",3,"None | $1,001-$15,000",2002,30000,False,overlapping_reported_ranges
AMEREN CORPORATION CMN,Common stock,"Common stock of Ameren, an electric and gas utility serving Missouri and Illinois",1,"$100,001-$250,000",100001,250000,False,Common stock,"Common stock of Ameren, an electric and gas utility serving Missouri and Illinois",1,"$15,001-$50,000",15001,50000,False,lower
AMERICAN AIRLINES GROUP INC CMN,Common stock,"Common stock of American Airlines Group, a major U.S. airline.",1,None,0,0,False,,,,,,,,
AMERICAN ELECTRIC POWER INC CMN,Common stock,"Common stock of American Electric Power, a large US electric utility.",1,"$1,001-$15,000",1001,15000,False,Common stock,"Common stock of American Electric Power, a large US electric utility.",1,"$1,001-$15,000",1001,15000,False,same_reported_range
AMERICAN EXPRESS CO CMN,,,,,,,,Common stock,Common stock of American Express CO,4,"None | $15,001-$50,000",45003,150000,False,
AMERICAN EXPRESS CO. CMN,Common stock,Common stock of credit card and payments company American Express,4,"$50,001-$100,000 | $15,001-$50,000",95004,250000,False,,,,,,,,
AMERICAN EXPRESS COMPANY 5 85 / 11/05/2027 USD SR LIEN,,,,,,,,Preferred & hybrid securities,Preferred / hybrid perpetual security issued by American Express Company 5 85 / 11/05/2027 USD SR Lien,1,"$15,001-$50,000",15001,50000,False,
AMERICAN EXPRESS COMPANY 5.85% 11/05/2027 USD,Municipal & gov bonds,"Corporate bond of American Express, 5.85% coupon, maturing November 2027",1,None,0,0,False,,,,,,,,
AMERICAN EXPRESS COMPANY 5.85% 11/05/2027 USD SR LIEN,Preferred & hybrid securities,"Senior corporate bond of American Express — 5.85% coupon, matures November 2027",1,"$15,001-$50,000",15001,50000,False,,,,,,,,
AMERICAN EXPRESS COMPANY HYBRID 07/27/2029 USD SR LIEN CPN 07/28/23 5,Preferred & hybrid securities,"Senior hybrid debt security of American Express, maturing July 2029",1,"$1,001-$15,000",1001,15000,False,,,,,,,,
AMERICAN EXPRESS COMPANY HYBRID PERPETUAL USD JRSUB LIEN CPN 08/0,Preferred & hybrid securities,"Perpetual junior subordinated security of American Express, similar to preferred stock.",2,"$1,001-$15,000",2002,30000,False,Preferred & hybrid securities,"Perpetual junior subordinated security of American Express, similar to preferred stock.",2,"$1,001-$15,000",2002,30000,False,same_reported_range
AMERICAN INTL GROUP INC CMN,,,,,,,,Common stock,Common stock of American Intl Group Inc,5,"$15,001-$50,000 | $1,001-$15,000",33005,145000,False,
"AMERICAN INTL GROUP, INC. CMN",Common stock,"Common stock of AIG, a global insurance company",6,"$50,001-$100,000 | $15,001-$50,000 | $1,001-$15,000 | None",81004,215000,False,,,,,,,,
AMERICAN TOWER CORP 1.3% 09/15/2025 SR LIEN,Preferred & hybrid securities,"Senior bond of American Tower, a cell-tower owner; 1.3%, due September 2025.",1,"$1,001-$15,000",1001,15000,False,,,,,,,,
AMERICAN TOWER CORP 1.3% 09/15/2025 USD,Municipal & gov bonds,"Bond of American Tower, a cell-tower real estate trust; 1.3% coupon, maturing September 2025.",1,None,0,0,False,,,,,,,,
AMERICAN TOWER CORP NEW COM,Common stock,"Common stock of American Tower, a cell tower real estate investment trust",3,"$1,001-$15,000",3003,45000,False,,,,,,,,
AMERICAN TOWER CORPORATION 2 3 / 09/15/2031 USD SR LIEN,,,,,,,,Preferred & hybrid securities,Preferred / hybrid perpetual security issued by American Tower Corporation 2 3 / 09/15/2031 USD SR Lien,1,"$1,001-$15,000",1001,15000,False,
AMERICAN TOWER CORPORATION 2.3% 09/15/2031 USD,Municipal & gov bonds,"Corporate bond of cell-tower owner American Tower, 2.3% coupon, maturing September 2031",1,None,0,0,False,,,,,,,,
AMERICAN TOWER CORPORATION 2.3% 09/15/2031 USD SR LIEN,Preferred & hybrid securities,"Senior corporate bond of cell-tower owner American Tower — 2.3% coupon, matures 2031",1,"$1,001-$15,000",1001,15000,False,,,,,,,,
AMERICAN TOWER CORPORATION 5 9% 11/15/2033 USD SR LIEN,,,,,,,,Preferred & hybrid securities,Preferred / hybrid perpetual security issued by American Tower Corporation 5 9% 11/15/2033 USD SR Lien,1,"$1,001-$15,000",1001,15000,False,
AMERICAN TOWER CORPORATION CMN,Common stock,"Common stock of American Tower, a cell-tower real estate investment trust.",5,"$15,001-$50,000 | None | $1,001-$15,000",18004,95000,False,Common stock,"Common stock of American Tower, a cell-tower real estate investment trust.",4,"$15,001-$50,000 | $1,001-$15,000",18004,95000,False,same_reported_range
AMERICAN WATER WORKS CO INC CMN,,,,,,,,Common stock,Common stock of American Water Works CO Inc,1,"$1,001-$15,000",1001,15000,False,
"AMERICAN WATER WORKS CO, INC. CMN",Common stock,"Common stock of American Water Works, a regulated water utility.",1,"$1,001-$15,000",1001,15000,False,,,,,,,,
AMERIPRISE FINANCIAL INC CMN,,,,,,,,Common stock,Common stock of Ameriprise Financial Inc,3,"None | $1,001-$15,000",2002,30000,False,
"AMERIPRISE FINANCIAL, INC. CMN",Common stock,"Common stock of Ameriprise Financial, a wealth management and insurance firm",3,"None | $1,001-$15,000",1001,15000,False,,,,,,,,
AMERISOURCEBERGEN CORPORATION 2 7 % 03/15/2031 USD SR LIEN,,,,,,,,Preferred & hybrid securities,Preferred / hybrid perpetual security issued by Amerisourcebergen Corporation 2 7 % 03/15/2031 USD SR Lien,1,"$15,001-$50,000",15001,50000,False,
AMERISOURCEBERGEN CORPORATION 2.7% 03/15/2031 USD,Municipal & gov bonds,"Corporate bond of AmerisourceBergen, a pharmaceutical distributor; 2.7%, maturing March 2031.",2,None,0,0,False,,,,,,,,
AMERISOURCEBERGEN CORPORATION 2.7% 03/15/2031 USD SR LIEN,Preferred & hybrid securities,"Senior bond of AmerisourceBergen, a pharmaceutical distributor; 2.7% coupon, maturing March 2031.",2,"$1,001-$15,000 | $15,001-$50,000",16002,65000,False,,,,,,,,
AMETEK INC (NEW) CMN,Common stock,"Common stock of AMETEK, maker of electronic instruments and electromechanical devices",3,"$1,001-$15,000 | None | $15,001-$50,000",16002,65000,False,Common stock,"Common stock of AMETEK, maker of electronic instruments and electromechanical devices",2,None,0,0,False,lower
AMGEN INC 2.0% 01/15/2032 USD SR LIEN,,,,,,,,Preferred & hybrid securities,Preferred / hybrid perpetual security issued by Amgen Inc 2.0% 01/15/2032 USD SR Lien,1,"$1,001-$15,000",1001,15000,False,
AMGEN INC 5 15 % 03/02/2028 USD SR LIEN,,,,,,,,Preferred & hybrid securities,Preferred / hybrid perpetual security issued by Amgen Inc 5 15 % 03/02/2028 USD SR Lien,1,"$15,001-$50,000",15001,50000,False,
AMGEN INC 5 25% 03/02/2030 USD SR LIEN,,,,,,,,Preferred & hybrid securities,Preferred / hybrid perpetual security issued by Amgen Inc 5 25% 03/02/2030 USD SR Lien,1,"$1,001-$15,000",1001,15000,False,
AMGEN INC CMN,,,,,,,,Common stock,Common stock of Amgen Inc,3,"$15,001-$50,000 | $1,001-$15,000",31003,115000,False,
AMGEN INC. 2.0% 01/15/2032 USD,Municipal & gov bonds,"Corporate bond of biotechnology company Amgen, 2% coupon, maturing January 2032",2,None,0,0,False,,,,,,,,
AMGEN INC. 2.0% 01/15/2032 USD SR LIEN,Preferred & hybrid securities,"Senior corporate bond of biotechnology company Amgen — 2% coupon, matures January 2032",2,"$1,001-$15,000",2002,30000,False,,,,,,,,
AMGEN INC. 5.15% 03/02/2028 USD,Municipal & gov bonds,"Corporate bond of biotechnology company Amgen, 5.15% coupon, maturing March 2028",1,None,0,0,False,,,,,,,,
AMGEN INC. 5.15% 03/02/2028 USD SR LIEN,Preferred & hybrid securities,"Senior bond of biotech company Amgen; 5.15% interest, matures March 2028.",1,"$15,001-$50,000",15001,50000,False,,,,,,,,
AMGEN INC. 5.25% 03/02/2030 USD SR LIEN,Preferred & hybrid securities,"Senior bond of biotechnology company Amgen — 5.25% coupon, maturing March 2030",1,"$1,001-$15,000",1001,15000,False,,,,,,,,
AMGEN INC. CMN,Common stock,"Common stock of Amgen, a large biotechnology drug maker.",3,"$15,001-$50,000 | $1,001-$15,000",17003,80000,False,,,,,,,,
AMPHENOL CORP CL A (NEW) CMN CLASS A,,,,,,,,Common stock,Common stock of Amphenol Corp CL A (new),3,"$15,001-$50,000",45003,150000,False,
AMPHENOL CORP CL-A (NEW) CMN CLASS A,Common stock,"Class A common stock of Amphenol, maker of electronic connectors and sensors.",3,"$15,001-$50,000 | None",30002,100000,False,,,,,,,,
AMRIZE AG CMN,,,,,,,,Common stock,Common stock of Amrize AG,1,None,0,0,False,
AMRIZE LTD (US) CMN,,,,,,,,Common stock,Common stock of Amrize Ltd (us),2,"$1,001-$15,000 | $15,001-$50,000",16002,65000,False,
AMRIZE LTD CMN,,,,,,,,Common stock,Common stock of Amrize Ltd,1,None,0,0,False,
ANALOG DEVICES INC CMN,,,,,,,,Common stock,Common stock of Analog Devices Inc,3,"$1,001-$15,000 | $15,001-$50,000 | None",16002,65000,False,
"ANALOG DEVICES, INC. CMN",Common stock,Common stock of semiconductor maker Analog Devices,3,"$1,001-$15,000 | $15,001-$50,000",31003,115000,False,,,,,,,,
ANNE ARUNDEL CNTY MD GO 5 % 04/01/30 AO GO CONSOLIDATED REF BDS 202,,,,,,,,Municipal & gov bonds,Municipal / government bond,1,"$15,001-$50,000",15001,50000,False,
ANNE ARUNDEL CNTY MD GO 5% 04/01/30 AO GO CONSOLIDATED IMPT REF BD,Municipal & gov bonds,"Anne Arundel County, Maryland general obligation refunding bond, 5% coupon, maturing April 2030",1,"$15,001-$50,000",15001,50000,False,,,,,,,,
ANSYS INC CMN,,,,,,,,Common stock,Common stock of Ansys Inc,2,None,0,0,False,
"ANSYS, INC. CMN",Common stock,"Common stock of Ansys, a maker of engineering simulation software",3,"None | $1,001-$15,000",1001,15000,False,,,,,,,,
ANTHEM INC 2 55% 03/15/2031 USD SR LIEN,,,,,,,,Preferred & hybrid securities,Preferred / hybrid perpetual security issued by Anthem Inc 2 55% 03/15/2031 USD SR Lien,1,"$15,001-$50,000",15001,50000,False,
ANTHEM INC 2.55% 03/15/2031 USD,Municipal & gov bonds,"Corporate bond of health insurer Anthem (now Elevance Health); 2.55% coupon, matures 2031.",1,None,0,0,False,,,,,,,,
ANTHEM INC 2.55% 03/15/2031 USD SR LIEN,Preferred & hybrid securities,"Senior bond of health insurer Anthem (now Elevance); 2.55% interest, matures March 2031.",1,"$15,001-$50,000",15001,50000,False,,,,,,,,
AON CORP/AON GLOBAL HOLD 2 85 % 05/28/2027 USD SR LIEN,,,,,,,,Preferred & hybrid securities,Preferred / hybrid perpetual security issued by AON Corp/aon Global Hold 2 85 % 05/28/2027 USD SR Lien,1,"$15,001-$50,000",15001,50000,False,
AON CORP/AON GLOBAL HOLD 2.85% 05/28/2027 USD,Municipal & gov bonds,"Bond of Aon, a global insurance broker; 2.85% coupon, due May 2027",1,None,0,0,False,,,,,,,,
AON CORP/AON GLOBAL HOLD 2.85% 05/28/2027 USD SR LIEN,Preferred & hybrid securities,"Senior bond of Aon, an insurance brokerage and consulting firm; 2.85%, due May 2027.",1,"$15,001-$50,000",15001,50000,False,,,,,,,,
"AON NORTH AMERICA, INC. 5.3% 03/01/2031",Municipal & gov bonds,"Bond of Aon North America, an insurance brokerage; 5.3% coupon, maturing March 2031.",1,None,0,0,False,,,,,,,,
"AON NORTH AMERICA, INC. 5.3% 03/01/2031 USD SR LIEN",Preferred & hybrid securities,"Senior bond of insurance broker Aon North America, 5.3% coupon, due 03/01/2031",1,"$1,001-$15,000",1001,15000,False,,,,,,,,
AON PUBLIC LIMITED COMPANY CMN,Common stock,"Common stock of Aon, a global insurance brokerage and risk advisory firm",6,"$15,001-$50,000 | $1,001-$15,000",34006,160000,False,Common stock,"Common stock of Aon, a global insurance brokerage and risk advisory firm",2,None,0,0,False,lower
AON PUBLIC LIMITED COMPANY CMN CLASS A,,,,,,,,Common stock,Common stock of AON Public Limited Company,6,"$15,001-$50,000 | $1,001-$15,000 | None",33005,145000,False,
APOLLO GLOBAL MANAGEMENT INC CMN,Common stock,"Common stock of Apollo Global Management, a private equity and asset management firm",1,"$1,001-$15,000",1001,15000,False,Common stock,"Common stock of Apollo Global Management, a private equity and asset management firm",2,None,0,0,False,lower
APOLLO GLOBAL MANAGEMENT INC CMN CLASS A,,,,,,,,Common stock,Common stock of Apollo Global Management Inc,3,"None | $1,001-$15,000",1001,15000,False,
APOLLO GLOBAL MANAGEMENT INC PFD USD1 9062(7 62%),,,,,,,,Preferred & hybrid securities,Preferred / hybrid perpetual security issued by Apollo Global Management Inc,2,"$1,001-$15,000",2002,30000,False,
"APOLLO GLOBAL MANAGEMENT, INC. PFD USD1.9062(7.62%)",Preferred & hybrid securities,"Preferred stock of Apollo Global Management, a private equity firm, yielding about 7.62%",2,"$1,001-$15,000",2002,30000,False,,,,,,,,
APPLE INC,Common stock,"Common stock of Apple, maker of the iPhone and Mac computers.",3,"$15,001-$50,000",45003,150000,False,Common stock,"Common stock of Apple, maker of the iPhone and Mac computers.",3,"$15,001-$50,000",45003,150000,False,same_reported_range
APPLE INC CMN,,,,,,,,Common stock,Common stock of Apple Inc,5,"$15,001-$50,000 | $500,001-$1,000,000 | $250,001-$500,000 | None",1015004,2050000,False,
APPLE INC. CMN,Common stock,"Common stock of Apple, maker of iPhones and Mac computers",5,"$100,001-$250,000 | $500,001-$1,000,000 | $250,001-$500,000 | $50,001-$100,000",1150005,2350000,False,,,,,,,,
APPLIED MATERIALS INC CMN,Common stock,"Common stock of Applied Materials, a semiconductor manufacturing equipment maker.",4,"$15,001-$50,000 | $1,001-$15,000 | None",31003,115000,False,Common stock,"Common stock of Applied Materials, a semiconductor manufacturing equipment maker.",4,"$1,001-$15,000 | $15,001-$50,000 | $50,001-$100,000 | None",66003,165000,False,overlapping_reported_ranges
APPLOVIN CORPORATION CMN CLASS A,Common stock,"Class A common stock of AppLovin, a mobile-app advertising technology company.",1,"$50,001-$100,000",50001,100000,False,Common stock,"Class A common stock of AppLovin, a mobile-app advertising technology company. | Common stock of Applovin Corporation",5,"$1,001-$15,000 | $15,001-$50,000 | None",46004,165000,False,overlapping_reported_ranges
APTIV PLC CMN,Common stock,"Common stock of Aptiv, an automotive technology and components supplier",4,"None | $1,001-$15,000",1001,15000,False,Common stock,"Common stock of Aptiv, an automotive technology and components supplier",1,"$1,001-$15,000",1001,15000,False,same_reported_range
ARCADIUM LITHIUM PLC CMN,Common stock,"Common stock of Arcadium Lithium, a lithium mining and chemicals company",2,None,0,0,False,,,,,,,,
ARCH CAPITAL FINANCE LLC 4.011% 12/15/2026 USD SR LIEN,Preferred & hybrid securities,"Senior bond issued by a financing unit of insurer Arch Capital — 4.011% coupon, matures 2026",1,"$1,001-$15,000",1001,15000,False,,,,,,,,
ARCH CAPITAL GROUP LTD CMN,,,,,,,,Common stock,Common stock of Arch Capital Group Ltd,2,"None | $1,001-$15,000",1001,15000,False,
ARCH CAPITAL GROUP LTD. CMN,Common stock,"Common stock of Arch Capital, a Bermuda-based insurance and reinsurance company.",3,"$1,001-$15,000 | None",1001,15000,False,,,,,,,,
ARCHER DANIELS MIDLAND COMPANY CMN,,,,,,,,Common stock,Common stock of Archer Daniels Midland Company,1,"$1,001-$15,000",1001,15000,False,
ARCHER DANIELS-MIDLAND COMPANY CMN,,,,,,,,Common stock,Common stock of Archer Daniels-midland Company,1,"$1,001-$15,000",1001,15000,False,
ARCHER-DANIELS-MIDLAND COMPANY CMN,Common stock,"Common stock of Archer-Daniels-Midland, an agricultural commodities processing company.",3,"$1,001-$15,000 | None",2002,30000,False,Common stock,"Common stock of Archer-Daniels-Midland, an agricultural commodities processing company.",1,"$1,001-$15,000",1001,15000,False,overlapping_reported_ranges
ARECO GOLF/MAYFIELD SAND RIDGE COUNTRY CLUB CLEVELAND OH,,,,,,,,Other,Real estate or club/property interest — Areco Golf/mayfield Sand Ridge Country Club Cleveland OH,2,"$250,001-$500,000 | Spouse/DC Asset over $1,000,000",1250002,,True,
"ARECO GOLF/MAYFIELD SAND RIDGE, COUNTRY CLUB, CLEVELAND, OH",Other,"Membership interest in a private golf and country club near Cleveland, Ohio",2,"$100,001-$250,000 | Spouse/DC Asset over $1,000,000",1100002,,True,,,,,,,,
ARISTA NETWORKS INC CMN,,,,,,,,Common stock,Common stock of Arista Networks Inc,4,"$15,001-$50,000 | $1,001-$15,000",32004,130000,False,
"ARISTA NETWORKS, INC. CMN",Common stock,"Common stock of Arista Networks, a data-center networking equipment company.",4,"$15,001-$50,000 | None",45003,150000,False,,,,,,,,
ARTHUR J GALLAGHER & CO CMN,Common stock,"Common stock of Arthur J. Gallagher, an insurance brokerage firm.",3,"$15,001-$50,000 | None",30002,100000,False,Common stock,"Common stock of Arthur J. Gallagher, an insurance brokerage firm.",2,"$1,001-$15,000 | None",1001,15000,False,lower
ASML HOLDING N V ADR CMN,,,,,,,,Common stock,Common stock of Asml Holding N V,1,"$15,001-$50,000",15001,50000,False,
ASML HOLDING N.V. ADR CMN,Common stock,"U.S.-listed shares (ADR) of ASML, Dutch maker of chipmaking lithography machines",2,"None | $15,001-$50,000",15001,50000,False,,,,,,,,
ASSURANT INC CMN,,,,,,,,Common stock,Common stock of Assurant Inc,2,"$1,001-$15,000",2002,30000,False,
"ASSURANT, INC. CMN",Common stock,"Common stock of Assurant, a specialty insurance company",2,"$1,001-$15,000 | None",1001,15000,False,,,,,,,,
ASTRAZENECA PLC SPONS ADR SPONSORED ADR CMN,Common stock,"American depositary shares of AstraZeneca, a British-Swedish pharmaceutical company",1,"$15,001-$50,000",15001,50000,False,Common stock,"American depositary shares of AstraZeneca, a British-Swedish pharmaceutical company",1,"$50,001-$100,000",50001,100000,False,higher
AT&T INC 2.55 / 12/01/2033 USD SR LIEN,,,,,,,,Preferred & hybrid securities,Preferred / hybrid perpetual security issued by At&t Inc 2.55 / 12/01/2033 USD SR Lien,1,"$1,001-$15,000",1001,15000,False,
AT&T INC CMN,,,,,,,,Common stock,Common stock of At&t Inc,3,"$15,001-$50,000",45003,150000,False,
AT&T INC PFD USD1 2500(5 00%) SERIES A,,,,,,,,Preferred & hybrid securities,Preferred / hybrid perpetual security issued by At&t Inc,2,"$1,001-$15,000",2002,30000,False,
AT&T INC. CMN,Common stock,"Common stock of AT&T, the telecommunications company",3,"$15,001-$50,000 | $1,001-$15,000",31003,115000,False,,,,,,,,
AT&T INC. PFD USD1.2500(5.00%) SERIES A,Preferred & hybrid securities,"Series A preferred stock of AT&T, paying a 5% ($1.25) annual dividend.",2,"$1,001-$15,000",2002,30000,False,,,,,,,,
ATI INC COM USD0 10,,,,,,,,Common stock,Common stock of ATI Inc Usd0 10,2,"$1,001-$15,000",2002,30000,False,
ATLASSIAN CORP CMN,Common stock,"Common stock of Atlassian, maker of workplace software including Jira and Confluence",3,"None | $15,001-$50,000",15001,50000,False,Common stock,"Common stock of Atlassian, maker of workplace software including Jira and Confluence",1,None,0,0,False,lower
ATMOS ENERGY CORPORATION CMN,Common stock,"Common stock of Atmos Energy, a natural gas utility.",1,"$1,001-$15,000",1001,15000,False,Common stock,"Common stock of Atmos Energy, a natural gas utility.",1,"$1,001-$15,000",1001,15000,False,same_reported_range
AU*TH HEALTH SYS REV 5.2500% 01/15/45-CA JJ,Municipal & gov bonds,"Municipal revenue bond for a health system, 5.25%, due January 2045; issuer name garbled.",1,None,0,0,False,,,,,,,,
AU*TH HEALTH SYS REV 5.2500% 01/15/45-CA JJ RFDG-ALBERT EINSTEIN SR A B,Municipal & gov bonds,"Municipal revenue bond refunding for Albert Einstein health system, 5.25% coupon, due 01/15/2045",1,"$100,001-$250,000",100001,250000,False,,,,,,,,
AUS TX CNY COL DST PUB FC LS REV 5.0000% 08/01/25-CA FA,Municipal & gov bonds,"Austin, Texas community college district lease revenue bond, 5% coupon, due August 2025",1,None,0,0,False,,,,,,,,
AUS TX CNY COL DST PUB FC LS REV 5.0000% 08/01/25-CA FA BDS HIGHLAND C,Municipal & gov bonds,"Austin, Texas community college district lease revenue bond (Highland Campus) — 5% coupon, due 2025",1,"$50,001-$100,000",50001,100000,False,,,,,,,,
AUTODESK INC CMN,,,,,,,,Common stock,Common stock of Autodesk Inc,1,"$1,001-$15,000",1001,15000,False,
"AUTODESK, INC CMN",,,,,,,,Common stock,"Common stock of Autodesk, Inc",2,"$15,001-$50,000 | $1,001-$15,000",16002,65000,False,
"AUTODESK, INC. CMN",Common stock,"Common stock of Autodesk, maker of design and engineering software such as AutoCAD.",3,"$15,001-$50,000 | $1,001-$15,000",17003,80000,False,,,,,,,,
AUTOMATIC DATA PROCESSING INC CMN,Common stock,"Common stock of ADP, a payroll and human resources services company.",3,"$15,001-$50,000 | $1,001-$15,000",31003,115000,False,Common stock,"Common stock of ADP, a payroll and human resources services company.",3,"$15,001-$50,000 | $1,001-$15,000",31003,115000,False,same_reported_range
AUTOMATIC DATA PROCESSING INC COM USD0.10,Common stock,"Common stock of ADP, a payroll and human resources services company",3,"$1,001-$15,000",3003,45000,False,,,,,,,,
AUTONATION INC 4 75% 06/01/2030 USD SR LIEN,,,,,,,,Preferred & hybrid securities,Preferred / hybrid perpetual security issued by Autonation Inc 4 75% 06/01/2030 USD SR Lien,1,"$1,001-$15,000",1001,15000,False,
AUTONATION INC 4.75% 06/01/2030 USD SR LIEN,Preferred & hybrid securities,"Senior bond of AutoNation, a car dealership chain; 4.75%, due June 2030.",2,"$1,001-$15,000",2002,30000,False,,,,,,,,
AUTOZONE INC 4 75 / 08/01/2032 USD SR LIEN,,,,,,,,Preferred & hybrid securities,Preferred / hybrid perpetual security issued by Autozone Inc 4 75 / 08/01/2032 USD SR Lien,1,"$1,001-$15,000",1001,15000,False,
AUTOZONE INC 4.75% 08/01/2032 USD,Municipal & gov bonds,"Bond of AutoZone, an auto-parts retailer; 4.75% coupon, maturing August 2032.",1,None,0,0,False,,,,,,,,
AUTOZONE INC 4.75% 08/01/2032 USD SR LIEN,Preferred & hybrid securities,"Senior bond of auto parts retailer AutoZone, 4.75% coupon, due 08/01/2032",1,"$1,001-$15,000",1001,15000,False,,,,,,,,
AUTOZONE INC CMN,,,,,,,,Common stock,Common stock of Autozone Inc,3,"$1,001-$15,000",3003,45000,False,
"AUTOZONE, INC. CMN",Common stock,"Common stock of AutoZone, an auto parts retail chain",3,"$1,001-$15,000",3003,45000,False,,,,,,,,
AVALONBAY COMMUNITIES INC CMN,Common stock,"Common stock of AvalonBay Communities, an apartment real estate investment trust",3,"None | $1,001-$15,000",1001,15000,False,Common stock,"Common stock of AvalonBay Communities, an apartment real estate investment trust",3,"$1,001-$15,000",3003,45000,False,overlapping_reported_ranges
"AVANTOR FUNDING, INC. CMN",Common stock,"Common stock of Avantor, a laboratory supplies and life-sciences materials company",3,None,0,0,False,,,,,,,,
AVERY DENNISON CORPORATION CMN,Common stock,"Common stock of Avery Dennison, a labeling and packaging materials maker.",3,None,0,0,False,Common stock,"Common stock of Avery Dennison, a labeling and packaging materials maker.",2,"$1,001-$15,000 | None",1001,15000,False,higher
AXA-UAP AMERICAN DEPOSITARY SHARES,,,,,,,,Cash & deposits,Cash or bank deposit,1,"$15,001-$50,000",15001,50000,False,
AXALTA COATING SYSTEMS LTD CMN,,,,,,,,Common stock,Common stock of Axalta Coating Systems Ltd,3,"$1,001-$15,000 | $50,001-$100,000 | None",51002,115000,False,
AXALTA COATING SYSTEMS LTD. CMN,Common stock,"Common stock of Axalta, a maker of automotive and industrial paint coatings",3,"$1,001-$15,000 | $15,001-$50,000",31003,115000,False,,,,,,,,
AZURITE II FUND,Funds & ETFs,Private investment fund; strategy not identifiable from the name.,3,"$100,001-$250,000 | $50,001-$100,000",250003,600000,False,Funds & ETFs,Private investment fund; strategy not identifiable from the name.,3,None,0,0,False,lower
AZURITE III FUND,Funds & ETFs,Private investment fund; strategy not identifiable from the name.,3,"$50,001-$100,000 | $15,001-$50,000",115003,250000,False,Funds & ETFs,Private investment fund; strategy not identifiable from the name.,3,"$15,001-$50,000",45003,150000,False,overlapping_reported_ranges
AZURITE V LLC,,,,,,,,Hedge funds & private funds,Private fund / partnership interest — Azurite V LLC,3,"$50,001-$100,000 | $15,001-$50,000",115003,250000,False,
BALL CORPORATION CMN,Common stock,"Common stock of Ball Corporation, maker of aluminum beverage cans",3,"None | $1,001-$15,000",1001,15000,False,Common stock,"Common stock of Ball Corporation, maker of aluminum beverage cans",3,"$1,001-$15,000",3003,45000,False,overlapping_reported_ranges
BANK AMERICA CORP COM,Common stock,"Common stock of Bank of America, a major U.S. bank",3,"$1,001-$15,000",3003,45000,False,,,,,,,,
BANK DEPOSIT PROGRAM(BDPS),Cash & deposits,Brokerage cash-sweep program holding uninvested cash in bank deposit accounts.,1,"$50,001-$100,000",50001,100000,False,Cash & deposits,Brokerage cash-sweep program holding uninvested cash in bank deposit accounts.,1,"$50,001-$100,000",50001,100000,False,same_reported_range
BANK MONTREAL MEDIUM SER K,,,,,,,,Other,Reported asset or transaction line item — Bank Montreal Medium SER K,3,"$250,001-$500,000 | $100,001-$250,000",600003,1250000,False,
BANK OF AMERICA CORP CMN,Common stock,"Common stock of Bank of America, one of the largest U.S. banks",6,"$250,001-$500,000 | $15,001-$50,000 | $100,001-$250,000",495006,1150000,False,Common stock,"Common stock of Bank of America, one of the largest U.S. banks",6,"$100,001-$250,000 | $15,001-$50,000 | $50,001-$100,000",295006,750000,False,overlapping_reported_ranges
BANK OF AMERICA CORPORATION HYBRID 12/20/2028 USD,Preferred & hybrid securities,"Hybrid fixed-income security issued by Bank of America, maturing December 2028.",1,None,0,0,False,,,,,,,,
BANK OF AMERICA CORPORATION HYBRID 12/20/2028 USD SER WI SR LIEN CPN,Preferred & hybrid securities,"Senior note issued by Bank of America, maturing December 2028.",1,"$15,001-$50,000",15001,50000,False,Preferred & hybrid securities,"Senior note issued by Bank of America, maturing December 2028.",1,"$15,001-$50,000",15001,50000,False,same_reported_range
BANK OF AMERICA CORPORATION HYBRID MTN 07/23/2029 USD SER MTN SR LI,,,,,,,,Preferred & hybrid securities,Preferred / hybrid perpetual security issued by Bank of America Corporation,1,"$1,001-$15,000",1001,15000,False,
BANK OF AMERICA CORPORATION HYBRID MTN 07/23/2029 USD SR LIEN CPN 0,Preferred & hybrid securities,"Senior medium-term note issued by Bank of America, maturing July 2029",2,"$1,001-$15,000 | $15,001-$50,000",16002,65000,False,,,,,,,,
BANK OF AMERICA CORPORATION HYBRID MTN 10/22/2030 USD SR LIEN CPN 10,Preferred & hybrid securities,Hybrid medium-term note issued by Bank of America; matures October 2030.,1,"$1,001-$15,000",1001,15000,False,,,,,,,,
BANK OF AMERICA CORPORATION HYBRID MTN 10/24/2026 USD SR LIEN CPN 10,Preferred & hybrid securities,"Senior medium-term note issued by Bank of America, maturing October 2026.",1,"$1,001-$15,000",1001,15000,False,,,,,,,,
BANK OF AMERICA CORPORATION HYBRID PERPETUAL JRSUB LIEN CPN 04/29,Preferred & hybrid securities,Perpetual junior subordinated preferred security issued by Bank of America,1,"$15,001-$50,000",15001,50000,False,,,,,,,,
BANK OF AMERICA CORPORATION HYBRID PERPETUAL USD JRSUB LIEN CPN 0,,,,,,,,Preferred & hybrid securities,Preferred / hybrid perpetual security issued by Bank of America Corporation,4,"$1,001-$15,000 | $15,001-$50,000",18004,95000,False,
BANK OF AMERICA CORPORATION HYBRID PERPETUAL USD SER AA JRSUB LIE,Preferred & hybrid securities,Perpetual junior subordinated preferred security (Series AA) issued by Bank of America,1,"$15,001-$50,000",15001,50000,False,,,,,,,,
BANK OF AMERICA CORPORATION HYBRID PERPETUAL USD SER DD JRSUB LIE,Preferred & hybrid securities,"Perpetual junior-subordinated preferred security of Bank of America, Series DD",2,"$1,001-$15,000",2002,30000,False,Preferred & hybrid securities,"Perpetual junior-subordinated preferred security of Bank of America, Series DD",2,"$1,001-$15,000",2002,30000,False,same_reported_range
BANK OF AMERICA CORPORATION HYBRID PERPETUAL USD SER RR JRSUB LIE,Preferred & hybrid securities,Perpetual junior subordinated preferred security issued by Bank of America,2,"$1,001-$15,000",2002,30000,False,Preferred & hybrid securities,Perpetual junior subordinated preferred security issued by Bank of America,2,"$1,001-$15,000",2002,30000,False,same_reported_range
BANK OF AMERICA CORPORATION HYBRID PERPETUAL USD SER TT JRSUB LIE,Preferred & hybrid securities,"Perpetual junior subordinated security of Bank of America, similar to preferred stock.",2,"$1,001-$15,000",2002,30000,False,Preferred & hybrid securities,"Perpetual junior subordinated security of Bank of America, similar to preferred stock.",2,"$1,001-$15,000",2002,30000,False,same_reported_range
BANK OF AMERICA CORPORATION MTN 4 45% 03/03/2026 SER MTN SUB LIEN,,,,,,,,Municipal & gov bonds,"Municipal bond — Bank of America Corporation MTN 4, 45% coupon",1,"$1,001-$15,000",1001,15000,False,
BANK OF AMERICA CORPORATION MTN 4.45% 03/03/2026 USD SUB LIEN,Municipal & gov bonds,"Subordinated Bank of America note — 4.45% coupon, maturing March 2026",1,"$1,001-$15,000",1001,15000,False,,,,,,,,
BANK OF MONTREAL LINKED TO BASKET OF INDICES UPSIDE LEVERED CAPPE,,,,,,,,Structured notes,Structured note by Bank of Montreal — return linked to Basket of Indices Upside Levered Cappe,2,"$15,001-$50,000 | $50,001-$100,000",65002,150000,False,
BANK OF MONTREAL LINKED TO S&P 500 INDEX,,,,,,,,Structured notes,Structured note by Bank of Montreal — return linked to S&P 500 Index,1,None,0,0,False,
BANK OF MONTREAL LINKED TO S&P 500 INDEX CNTNGNT CPN W BUFFER STR,,,,,,,,Structured notes,Structured note by Bank of Montreal — return linked to S&P 500 Index Cntngnt CPN W Buffer STR,9,"$15,001-$50,000 | $1,001-$15,000 | $100,001-$250,000 | $50,001-$100,000",361009,915000,False,
BANK OF MONTREAL LINKED TO S&P 500 INDEX UPSIDE LEVERED CAPPED W B,,,,,,,,Structured notes,Structured note by Bank of Montreal — return linked to S&P 500 Index Upside Levered Capped W B,3,"$100,001-$250,000 | $15,001-$50,000",215003,550000,False,
BANK OF NEW YORK MELLON CORPOR HYBRID 04/26/2027 USD,Preferred & hybrid securities,Hybrid security of Bank of New York Mellon; matures April 2027.,1,None,0,0,False,,,,,,,,
BANK OF NEW YORK MELLON CORPOR HYBRID 04/26/2027 USD SR LIEN CPN 04,Preferred & hybrid securities,"Senior note issued by Bank of New York Mellon, a custody bank, maturing April 2027.",1,"$15,001-$50,000",15001,50000,False,Preferred & hybrid securities,"Senior note issued by Bank of New York Mellon, a custody bank, maturing April 2027.",1,"$15,001-$50,000",15001,50000,False,same_reported_range
BANK OF NEW YORK MELLON CORPOR HYBRID MTN 10/25/2028 USD SR LIEN C,Preferred & hybrid securities,"Senior medium-term note issued by Bank of New York Mellon, due 10/25/2028",1,"$1,001-$15,000",1001,15000,False,,,,,,,,
BANK OF NEW YORK MELLON CORPOR HYBRID PERPETUAL SR LIEN CPN 03/10,Preferred & hybrid securities,Perpetual hybrid preferred security issued by custody bank BNY Mellon,1,"$1,001-$15,000",1001,15000,False,,,,,,,,
BANK OF NEW YORK MELLON CORPOR HYBRID PERPETUAL USD,Preferred & hybrid securities,Perpetual preferred-type security issued by custody bank BNY Mellon,1,None,0,0,False,Preferred & hybrid securities,Perpetual preferred-type security issued by custody bank BNY Mellon,1,None,0,0,False,same_reported_range
BANK OF NEW YORK MELLON CORPOR HYBRID PERPETUAL USD SER G JRSUB,Preferred & hybrid securities,"Perpetual junior subordinated preferred-style security of Bank of New York Mellon, Series G.",2,"$1,001-$15,000",2002,30000,False,,,,,,,,
BANK OF NEW YORK MELLON CORPOR HYBRID PERPETUAL USD SER H JRSUB,Preferred & hybrid securities,"Perpetual junior subordinated security of Bank of New York Mellon, similar to preferred stock.",2,"$1,001-$15,000",2002,30000,False,Preferred & hybrid securities,"Perpetual junior subordinated security of Bank of New York Mellon, similar to preferred stock.",2,"$1,001-$15,000",2002,30000,False,same_reported_range
BANK OF NEW YORK MELLON CORPOR HYBRID PERPETUAL USD SR LIEN CPN,,,,,,,,Preferred & hybrid securities,Preferred / hybrid perpetual security issued by Bank of New York Mellon Corpor,2,"$1,001-$15,000",2002,30000,False,
BANK OF NOVA SCOTIA (THE) 1 3% 09/15/2026 SR LIEN,,,,,,,,Preferred & hybrid securities,Preferred / hybrid perpetual security issued by Bank of Nova Scotia (the) 1 3% 09/15/2026 SR Lien,1,"$15,001-$50,000",15001,50000,False,
BANK OF NOVA SCOTIA (THE) 1.3% 09/15/2026 USD SR LIEN,Preferred & hybrid securities,"Senior bond of Scotiabank, a Canadian bank; 1.3% coupon, due September 2026",1,"$15,001-$50,000",15001,50000,False,,,,,,,,
BANK OF NOVA SCOTIA (THE) HYBRID PERPETUAL USD SUB LIEN CPN 06/04/20,Preferred & hybrid securities,Perpetual hybrid subordinated security of Bank of Nova Scotia (Scotiabank).,1,"$1,001-$15,000",1001,15000,False,,,,,,,,
BARCLAYS BANK PLC LINKED TO BASKET OF INDICES,Structured notes,Structured note issued by Barclays Bank tied to a basket of stock indexes.,3,None,0,0,False,,,,,,,,
BARCLAYS BANK PLC LINKED TO BASKET OF INDICES UPSIDE LEVERED CAPPE,Structured notes,"Barclays structured note tied to a basket of stock indexes, leveraged upside with cap",3,"$50,001-$100,000 | $15,001-$50,000",80003,200000,False,Structured notes,"Barclays structured note tied to a basket of stock indexes, leveraged upside with cap",1,"$15,001-$50,000",15001,50000,False,lower
BARCLAYS BANK PLC LINKED TO S&P 500 INDEX,Structured notes,Structured note issued by Barclays Bank with returns linked to the S&P 500 index,5,None,0,0,False,,,,,,,,
BARCLAYS BANK PLC LINKED TO S&P 500 INDEX CNTNGNT CPN W BUFFER STR,Structured notes,"Barclays-issued structured note tied to the S&P 500, paying contingent coupons, with downside buffer",4,"$50,001-$100,000 | $100,001-$250,000 | $250,001-$500,000",450004,950000,False,Structured notes,"Barclays-issued structured note tied to the S&P 500, paying contingent coupons, with downside buffer",5,"$15,001-$50,000 | $50,001-$100,000 | $250,001-$500,000 | $100,001-$250,000",665005,1400000,False,overlapping_reported_ranges
BARCLAYS BANK PLC LINKED TO S&P 500 INDEX UPSIDE LEVERED CAPPED W,,,,,,,,Structured notes,Structured note by Barclays Bank PLC — return linked to S&P 500 Index Upside Levered Capped W,2,"$50,001-$100,000",100002,200000,False,
BARCLAYS BANK PLC LINKED TO S&P 500 INDEX UPSIDE LEVERED CAPPED W B,Structured notes,"Barclays structured note tied to the S&P 500 with leveraged, capped upside and buffer",3,"$50,001-$100,000",150003,300000,False,Structured notes,"Barclays structured note tied to the S&P 500 with leveraged, capped upside and buffer",3,"$15,001-$50,000 | $100,001-$250,000 | $50,001-$100,000",165003,400000,False,overlapping_reported_ranges
BARCLAYS BANK PLC LINKED TO S&P 500 INDEX UPSIDE LEVERED CAPPED W E,Structured notes,"Barclays structured note tied to the S&P 500 index, with leveraged but capped upside.",2,"$100,001-$250,000",200002,500000,False,,,,,,,,
BARRINGTON GOLF CLUB COUNTRY CLUB AURORA OH,,,,,,,,Other,Real estate or club/property interest — Barrington Golf Club Country Club Aurora OH,2,"$100,001-$250,000 | Spouse/DC Asset over $1,000,000",1100002,,True,
"BARRINGTON GOLF CLUB, COUNTRY CLUB, AURORA, OH",Other,"Membership interest in a private golf and country club in Aurora, Ohio",2,"$100,001-$250,000 | Spouse/DC Asset over $1,000,000",1100002,,True,,,,,,,,
BAT INTL FINANCE PLC 4 448% 03/16/2028 USD SR LIEN,,,,,,,,Preferred & hybrid securities,Preferred / hybrid perpetual security issued by BAT Intl Finance PLC 4 448% 03/16/2028 USD SR Lien,1,"$1,001-$15,000",1001,15000,False,
BAT INTL FINANCE PLC 4.448% 03/16/2028 USD SR LIEN,Preferred & hybrid securities,"Senior bond of British American Tobacco's finance unit; 4.448%, due March 2028.",1,"$15,001-$50,000",15001,50000,False,,,,,,,,
BATH & BODY WORKS INC CMN,,,,,,,,Common stock,Common stock of Bath & Body Works Inc,1,"$1,001-$15,000",1001,15000,False,
"BATH & BODY WORKS, INC. CMN",Common stock,"Common stock of Bath & Body Works, a personal-care and fragrance retailer.",3,"None | $1,001-$15,000",1001,15000,False,,,,,,,,
BAXTER INTERNATIONAL INC 2.272 % 12/01/2028 USD SR LIEN,,,,,,,,Preferred & hybrid securities,Preferred / hybrid perpetual security issued by Baxter International Inc 2.272 % 12/01/2028 USD SR Lien,1,"$15,001-$50,000",15001,50000,False,
BAXTER INTERNATIONAL INC 2.272% 12/01/2028 USD,Municipal & gov bonds,"Corporate bond of medical products maker Baxter International, 2.272% coupon, maturing December 2028",1,None,0,0,False,,,,,,,,
BAXTER INTERNATIONAL INC 2.272% 12/01/2028 USD SR LIEN,Preferred & hybrid securities,"Senior corporate bond of medical products maker Baxter International — 2.272% coupon, matures 2028",1,"$15,001-$50,000",15001,50000,False,,,,,,,,
BAXTER INTERNATIONAL INC 2.539% 02/01/2032 USD,Municipal & gov bonds,"Corporate bond of medical products maker Baxter International; 2.539% coupon, matures 2032.",1,None,0,0,False,Municipal & gov bonds,"Corporate bond of medical products maker Baxter International; 2.539% coupon, matures 2032.",1,None,0,0,False,same_reported_range
BAXTER INTERNATIONAL INC 2.539% 02/01/2032 USD SR LIEN,Preferred & hybrid securities,"Senior bond of medical products maker Baxter; 2.539% interest, matures February 2032.",1,"$1,001-$15,000",1001,15000,False,,,,,,,,
BAXTER INTERNATIONAL INC CMN,Common stock,"Common stock of Baxter International, a medical products and hospital supplies maker",4,None,0,0,False,Common stock,"Common stock of Baxter International, a medical products and hospital supplies maker | Common stock of Baxter International Inc",7,"None | $1,001-$15,000",2002,30000,False,higher
BAXTER INTERNATIONAL INC. CMN,Common stock,"Common stock of Baxter International, a hospital and medical products company.",4,"$15,001-$50,000 | $1,001-$15,000 | $50,001-$100,000",81004,215000,False,,,,,,,,
BCKYE VY OH LOC SC DST DEL CTY GO 5.0000% 12/01/24 JD,Municipal & gov bonds,"Buckeye Valley school district (Delaware County, Ohio) general obligation bond, 5%, due December 2024.",1,None,0,0,False,,,,,,,,
BEAVERCREEK OHIO CITY SCH DIST GO 5% 12/01/29 JD,Municipal & gov bonds,"Beavercreek, Ohio city school district general obligation bond, 5% coupon, due 12/01/2029",1,None,0,0,False,,,,,,,,
BEAVERCREEK OHIO CITY SCH DIST GO 5% 12/01/32 JD,Municipal & gov bonds,"Beavercreek, Ohio city school district general obligation bond, 5% coupon, maturing December 2032",1,None,0,0,False,,,,,,,,
BECTON DICKINSON AND COMPANY CMN,,,,,,,,Common stock,Common stock of Becton Dickinson and Company,5,"None | $1,001-$15,000",2002,30000,False,
"BECTON, DICKINSON AND COMPANY CMN",Common stock,"Common stock of Becton Dickinson, a medical device and diagnostics company",6,"$15,001-$50,000 | $1,001-$15,000 | None",18004,95000,False,,,,,,,,
BELL CANADA 2 15 % 02/15/2032 USD SER US-5 SR LIEN,,,,,,,,Preferred & hybrid securities,Preferred / hybrid perpetual security issued by Bell Canada 2 15 % 02/15/2032 USD SER Us-5 SR Lien,1,"$1,001-$15,000",1001,15000,False,
BELL CANADA 2.15% 02/15/2032 USD,Municipal & gov bonds,"Corporate bond of Canadian telecom company Bell Canada, 2.15%, maturing February 2032",1,None,0,0,False,,,,,,,,
BELL CANADA 2.15% 02/15/2032 USD SER US-5 SR LIEN,Preferred & hybrid securities,"Senior bond of telecom company Bell Canada; 2.15% interest, matures February 2032.",1,"$1,001-$15,000",1001,15000,False,,,,,,,,
BELL CANADA 5 1 % 05/11/2033 USD SR LIEN,,,,,,,,Preferred & hybrid securities,Preferred / hybrid perpetual security issued by Bell Canada 5 1 % 05/11/2033 USD SR Lien,1,"$15,001-$50,000",15001,50000,False,
BERKSHIRE HATHAWAY INC CLASS B,,,,,,,,Common stock,Common stock of Berkshire Hathaway Inc,6,"$15,001-$50,000 | $100,001-$250,000",345006,900000,False,
BERKSHIRE HATHAWAY INC COM USD0 0033 CLASS B,,,,,,,,Common stock,Common stock of Berkshire Hathaway Inc Usd0 0033,3,"$1,001-$15,000",3003,45000,False,
BERKSHIRE HATHAWAY INC. CLASS B,Common stock,"Class B common stock of Berkshire Hathaway, Warren Buffett's holding company",6,"$50,001-$100,000 | $15,001-$50,000 | $100,001-$250,000",330006,800000,False,,,,,,,,
BERRY GLOBAL GROUP INC CMN,Common stock,"Common stock of Berry Global, a plastic packaging manufacturer.",2,None,0,0,False,,,,,,,,
BERRY GLOBAL INC 1 57 / 01/15/2026 SR LIEN,,,,,,,,Preferred & hybrid securities,Preferred / hybrid perpetual security issued by Berry Global Inc 1 57 / 01/15/2026 SR Lien,1,"$1,001-$15,000",1001,15000,False,
"BERRY GLOBAL INC 1,57% 01/15/2026 USD SR LIEN",Preferred & hybrid securities,"Senior bond of Berry Global, a plastic packaging maker; 1.57% coupon, maturing January 2026.",1,"$1,001-$15,000",1001,15000,False,,,,,,,,
BEST BUY CO INC CMN,Common stock,Common stock of electronics retailer Best Buy,3,"None | $1,001-$15,000",1001,15000,False,Common stock,Common stock of electronics retailer Best Buy,3,"None | $1,001-$15,000",2002,30000,False,overlapping_reported_ranges
BIO-TECHNE CORPORATION CMN,Common stock,"Common stock of Bio-Techne, a life-sciences reagents and instruments maker",3,"$1,001-$15,000 | None",1001,15000,False,Common stock,"Common stock of Bio-Techne, a life-sciences reagents and instruments maker",2,"$1,001-$15,000",2002,30000,False,overlapping_reported_ranges
BIOGEN INC CMN,,,,,,,,Common stock,Common stock of Biogen Inc,3,"$1,001-$15,000",3003,45000,False,
BIOGEN INC. CMN,Common stock,"Common stock of Biogen, a biotechnology company focused on neurological diseases",3,"None | $1,001-$15,000",1001,15000,False,,,,,,,,
BLACKROCK FUNDING INC CMN,,,,,,,,Common stock,Common stock of Blackrock Funding Inc,3,"$15,001-$50,000",45003,150000,False,
"BLACKROCK FUNDING, INC. CMN",Common stock,"Common stock of BlackRock, the world's largest asset management firm.",3,"$15,001-$50,000 | $1,001-$15,000",31003,115000,False,,,,,,,,
BLACKROCK INC COM,Common stock,"Common stock of BlackRock, the world's largest asset manager.",3,"$1,001-$15,000",3003,45000,False,,,,,,,,
"BLACKROCK, INC. CMN",Common stock,"Common stock of BlackRock, the world's largest investment management firm",1,None,0,0,False,,,,,,,,
BLACKSTONE GROUP INC/THE CMN,Common stock,"Common stock of Blackstone, a large private-equity and asset management firm.",3,"$15,001-$50,000 | $1,001-$15,000",31003,115000,False,Common stock,"Common stock of Blackstone, a large private-equity and asset management firm.",3,"$15,001-$50,000 | $1,001-$15,000",31003,115000,False,same_reported_range
BLIND BROOK-RYE N Y UN FREE GO 5 / 03/01/27 MS SCH DIST BDS 2022 UT BN,,,,,,,,Municipal & gov bonds,Municipal / government bond,1,"$1,001-$15,000",1001,15000,False,
BLIND BROOK-RYE N Y UN FREE GO 5% 03/01/27 MS SCH DIST BDS 2022 UT BNK,Municipal & gov bonds,"Blind Brook-Rye, New York school district general obligation bond, 5%, due March 2027.",1,"$1,001-$15,000",1001,15000,False,,,,,,,,
BLOCK INC CMN CLASS A,,,,,,,,Common stock,Common stock of Block Inc,2,None,0,0,False,
BNP PARIBAS LINKED TO S&P 500 INDEX,Structured notes,BNP Paribas structured note tied to the S&P 500 stock index,1,None,0,0,False,,,,,,,,
BNP PARIBAS LINKED TO S&P 500 INDEX BUFFERED CAPPED BETA STRUCTURE,Structured notes,"BNP Paribas structured note on the S&P 500 with buffered downside, capped upside",2,"$250,001-$500,000 | $100,001-$250,000",350002,750000,False,,,,,,,,
BNP PARIBAS LINKED TO S&P 500 INDEX BUFFERED CAPPED BETA STRUCTURI,Structured notes,"BNP Paribas structured note tied to the S&P 500, with buffered downside and capped upside",1,"$50,001-$100,000",50001,100000,False,,,,,,,,
BNP PARIBAS LINKED TO S&P 500 INDEX CNTNGNT CPN W BUFFER STRUCTUR,Structured notes,"BNP Paribas structured note tied to the S&P 500, paying contingent coupons with buffer",1,"$50,001-$100,000",50001,100000,False,Structured notes,"BNP Paribas structured note tied to the S&P 500, paying contingent coupons with buffer",5,"$1,001-$15,000 | $15,001-$50,000 | $50,001-$100,000 | $100,001-$250,000",167005,430000,False,higher
BNP PARIBAS LINKED TO S&P 500 INDEX UPSIDE LEVERED CAPPED W BUFFER,,,,,,,,Structured notes,Structured note by BNP Paribas — return linked to S&P 500 Index Upside Levered Capped W Buffer,2,"$50,001-$100,000",100002,200000,False,
BNP PARIBAS SPONSORED ADR CMN,Common stock,"U.S.-traded depositary shares (ADR) of BNP Paribas, a major French bank.",2,"None | $15,001-$50,000",15001,50000,False,Common stock,"U.S.-traded depositary shares (ADR) of BNP Paribas, a major French bank.",1,None,0,0,False,lower
BOFA FIN LLC SER A MTN ZERO CPN,,,,,,,,Preferred & hybrid securities,Preferred / hybrid perpetual security issued by Bofa FIN LLC SER A MTN Zero CPN,2,"$50,001-$100,000 | $500,001-$1,000,000",550002,1100000,False,
BOFA FINANCE LLC LINKED TO S&P 500 INDEX,Structured notes,Bank of America structured note whose return is tied to the S&P 500 index,1,None,0,0,False,,,,,,,,
BOFA FINANCE LLC LINKED TO S&P 500 INDEX CNTNGNT CPN W BUFFER STRU,,,,,,,,Structured notes,Structured note by Bofa Finance LLC — return linked to S&P 500 Index Cntngnt CPN W Buffer Stru,3,"$1,001-$15,000 | $100,001-$250,000 | $250,001-$500,000",351003,765000,False,
BOFA FINANCE LLC LINKED TO S&P 500 INDEX UPSIDE LEVERED CAPPED W BU,Structured notes,"Bank of America structured note tied to the S&P 500, with leveraged capped upside and buffer.",2,"$100,001-$250,000 | $50,001-$100,000",150002,350000,False,Structured notes,"Bank of America structured note tied to the S&P 500, with leveraged capped upside and buffer.",2,"$50,001-$100,000",100002,200000,False,overlapping_reported_ranges
BOOKING HOLDINGS INC CMN,,,,,,,,Common stock,Common stock of Booking Holdings Inc,3,"$15,001-$50,000",45003,150000,False,
BOOKING HOLDINGS INC COM,Common stock,"Common stock of Booking Holdings, online travel company behind Booking.com and Priceline.",3,"$15,001-$50,000 | $1,001-$15,000",31003,115000,False,Common stock,"Common stock of Booking Holdings, online travel company behind Booking.com and Priceline.",3,"$1,001-$15,000",3003,45000,False,overlapping_reported_ranges
BOOKING HOLDINGS INC. CMN,Common stock,"Common stock of Booking Holdings, online travel company behind Booking.com and Priceline",3,"$15,001-$50,000",45003,150000,False,,,,,,,,
BORGWARNER INC CMN,,,,,,,,Common stock,Common stock of Borgwarner Inc,3,"None | $1,001-$15,000",1001,15000,False,
BORGWARNER INC. CMN,Common stock,"Common stock of BorgWarner, an automotive powertrain parts supplier",5,"None | $1,001-$15,000",2002,30000,False,,,,,,,,
"BOSTON PROPERTIES, INC. COMMON STOCK",Common stock,"Common stock of Boston Properties, an office real estate investment trust",3,None,0,0,False,,,,,,,,
BOSTON SCIENTIFIC CORP COMMON STOCK,,,,,,,,Common stock,Common stock of Boston Scientific Corp,3,"$15,001-$50,000 | $1,001-$15,000",31003,115000,False,
BOSTON SCIENTIFIC CORP. COMMON STOCK,Common stock,"Common stock of Boston Scientific, a medical device manufacturer.",3,"$15,001-$50,000",45003,150000,False,,,,,,,,
BOWLING GREEN OHIO CITY SCH GO 5% 10/01/25 AO,Municipal & gov bonds,"Bowling Green, Ohio city school general obligation bond; 5% interest, due October 2025.",1,None,0,0,False,,,,,,,,
BOWLING GREEN OHIO CITY SCH GO 5% 10/01/25 AO DIST FACS UNLTD TAX GO,Municipal & gov bonds,"Bowling Green, Ohio school district general obligation municipal bond; 5%, due October 2025",1,"$15,001-$50,000",15001,50000,False,,,,,,,,
BP P.L.C. SPONSORED ADR CMN,Common stock,"American depositary shares of BP, the British oil and gas company.",2,None,0,0,False,,,,,,,,
BPCP SPEEDSTAR (AUTO PARTS DISTRIBUTION WALTON HILLS OH),,,,,,,,Hedge funds & private funds,Private fund / partnership interest — Bpcp Speedstar (auto Parts Distribution Walton Hills OH),1,"$500,001-$1,000,000",500001,1000000,False,
"BPCP SPEEDSTAR (AUTO PARTS DISTRIBUTION, WALTON HILLS, OH)",Hedge funds & private funds,"Private-equity investment in Speedstar, an auto-parts distribution business in Walton Hills, Ohio.",1,"$500,001-$1,000,000",500001,1000000,False,,,,,,,,
BRISTOL MYERS SQUIBB COMPANY CMN,,,,,,,,Common stock,Common stock of Bristol Myers Squibb Company,3,"$1,001-$15,000 | $15,001-$50,000",17003,80000,False,
BRISTOL-MYERS SQUIBB COMPANY CMN,Common stock,Common stock of pharmaceutical company Bristol-Myers Squibb,3,"$15,001-$50,000 | $1,001-$15,000",31003,115000,False,,,,,,,,
Broad Street Senior Credit Partners II L P,,,,,,,,Hedge funds & private funds,Private fund / partnership interest — Broad Street Senior Credit Partners II L P,1,"$250,001-$500,000",250001,500000,False,
Broad Street Senior Credit Partners II L.P,,,,,,,,Hedge funds & private funds,Private fund / partnership interest — Broad Street Senior Credit Partners II L.P,1,"$100,001-$250,000",100001,250000,False,
"BROAD STREET SENIOR CREDIT PARTNERS II, L.P.",Hedge funds & private funds,Goldman Sachs-managed private credit fund making senior corporate loans,2,"$250,001-$500,000 | $1,000,001-$5,000,000",1250002,5500000,False,,,,,,,,
BROADCOM INC 5 0% 04/15/2030 USD SER WI SR LIEN,,,,,,,,Preferred & hybrid securities,Preferred / hybrid perpetual security issued by Broadcom Inc 5 0% 04/15/2030 USD SER WI SR Lien,1,"$1,001-$15,000",1001,15000,False,
BROADCOM INC CMN,,,,,,,,Common stock,Common stock of Broadcom Inc,5,"$15,001-$50,000 | $100,001-$250,000",330005,850000,False,
BROADCOM INC COM,Common stock,"Common stock of Broadcom, a semiconductor and infrastructure software company",3,"$15,001-$50,000",45003,150000,False,Common stock,"Common stock of Broadcom, a semiconductor and infrastructure software company",3,"$15,001-$50,000",45003,150000,False,same_reported_range
BROADCOM INC. 3.15% 11/15/2025 SER WI SR LIEN,Preferred & hybrid securities,"Senior corporate bond of chipmaker Broadcom, 3.15% coupon, maturing November 2025",1,"$1,001-$15,000",1001,15000,False,,,,,,,,
BROADCOM INC. 3.15% 11/15/2025 USD,Municipal & gov bonds,"Corporate bond of chipmaker Broadcom; 3.15% interest, matures November 2025.",1,None,0,0,False,,,,,,,,
BROADCOM INC. 5.0% 04/15/2030 USD SER WI SR LIEN,Preferred & hybrid securities,"Senior bond of chipmaker Broadcom — 5.0% coupon, maturing April 2030",2,"$1,001-$15,000",2002,30000,False,,,,,,,,
BROADCOM INC. CMN,Common stock,"Common stock of Broadcom, a semiconductor and infrastructure software company.",4,"$50,001-$100,000 | $100,001-$250,000 | $15,001-$50,000",265004,650000,False,,,,,,,,
BROADRIDGE FINANCIAL SOLUTIONS IN CMN,Common stock,"Common stock of Broadridge Financial Solutions, an investor-communications and financial-technology firm.",3,"$1,001-$15,000 | None",2002,30000,False,Common stock,"Common stock of Broadridge Financial Solutions, an investor-communications and financial-technology firm.",3,"$1,001-$15,000 | None",2002,30000,False,same_reported_range
BROWN & BROWN INC CMN,,,,,,,,Common stock,Common stock of Brown & Brown Inc,2,"$1,001-$15,000",2002,30000,False,
"BROWN & BROWN, INC. CMN",Common stock,"Common stock of Brown & Brown, an insurance brokerage firm",3,"$1,001-$15,000 | None",1001,15000,False,,,,,,,,
BROWN FORMAN CORP CL B CMN CLASS B,Common stock,"Class B common stock of Brown-Forman, distiller of Jack Daniel's whiskey",3,"None | $1,001-$15,000",1001,15000,False,Common stock,"Class B common stock of Brown-Forman, distiller of Jack Daniel's whiskey",3,"$1,001-$15,000 | None",2002,30000,False,overlapping_reported_ranges
BUILD NYC RESOURCE CORP N Y REV 4 0000% 11/01/26-CA MN REV BDS THE C,,,,,,,,Municipal & gov bonds,"Municipal bond — Build NYC Resource Corp N Y, 0000% coupon",1,"$1,001-$15,000",1001,15000,False,
BUILD NYC RESOURCE CORP N Y REV 4.0000% 11/01/26-CA MN REV BDS THE C,Municipal & gov bonds,"Build NYC Resource Corp. (New York City) revenue bond — 4% coupon, due November 2026",1,"$1,001-$15,000",1001,15000,False,,,,,,,,
BUILDERS FIRSTSOURCE INC CMN,,,,,,,,Common stock,Common stock of Builders Firstsource Inc,5,"$1,001-$15,000 | None",3003,45000,False,
"BUILDERS FIRSTSOURCE, INC. CMN",Common stock,"Common stock of Builders FirstSource, a building materials supplier for homebuilders.",6,"$15,001-$50,000 | $1,001-$15,000 | None",18004,95000,False,,,,,,,,
BUNGE GLOBAL SA CMN,Common stock,"Common stock of Bunge, a global agribusiness and food processing company.",2,"$1,001-$15,000",2002,30000,False,Common stock,"Common stock of Bunge, a global agribusiness and food processing company.",2,"None | $1,001-$15,000",1001,15000,False,overlapping_reported_ranges
BUTLER CNTY OHIO TRANSN IMPT REV 4% 12/01/25 JD,,,,,,,,Municipal & gov bonds,"Municipal bond — Butler Cnty Ohio Transn Impt, 4% coupon, due 12/01/25, pays Jun/Dec",1,None,0,0,False,
BXP INC COMMON STOCK,,,,,,,,Common stock,"Common stock of BXP (Boston Properties), an office real estate investment trust",2,"$1,001-$15,000 | None",1001,15000,False,
C H ROBINSON WORLDWIDE INC CMN,,,,,,,,Common stock,Common stock of C H Robinson Worldwide Inc,1,"$1,001-$15,000",1001,15000,False,
CADENCE DESIGN SYSTEMS INC CMN,Common stock,"Common stock of Cadence Design Systems, a chip-design software maker.",4,"$1,001-$15,000 | $15,001-$50,000",18004,95000,False,Common stock,"Common stock of Cadence Design Systems, a chip-design software maker.",4,"$1,001-$15,000 | $15,001-$50,000",18004,95000,False,same_reported_range
CAESARS ENTERTAINMENT INC CMN,Common stock,"Common stock of Caesars Entertainment, a casino and resort operator.",3,"$1,001-$15,000 | None",2002,30000,False,Common stock,"Common stock of Caesars Entertainment, a casino and resort operator.",3,"None | $1,001-$15,000",1001,15000,False,overlapping_reported_ranges
CALL/ FLEX EURO PM @ 100 EXP 02/13/2026,,,,,,,,Options,Reported asset or transaction line item — Call/ Flex Euro PM @ 100 EXP 02/13/2026,1,None,0,0,False,
CALL/AAPL FLEX EURO PM 185 EXP 06/07/2024,Options,"Call option on Apple stock — $185 strike, expires 06/07/2024",1,None,0,0,False,,,,,,,,
CALL/AAPL FLEX EURO PM 195 EXP 07/05/2024,Options,"Call option on Apple stock — $195 strike, expires 07/05/2024.",1,None,0,0,False,,,,,,,,
CALL/AAPL FLEX EURO PM 210 EXP 08/02/2024,Options,"Call option on Apple stock — $210 strike, expires 08/02/2024",1,None,0,0,False,,,,,,,,
CALL/AAPL FLEX EURO PM 220 EXP 07/03/2025,,,,,,,,Options,"Call option on AAPL — $220 strike, expires 07/03/2025",1,None,0,0,False,
CALL/AAPL FLEX EURO PM 220 EXP 09/05/2025,,,,,,,,Options,"Call option on AAPL — $220 strike, expires 09/05/2025",1,None,0,0,False,
CALL/AAPL FLEX EURO PM 222 5 EXP 06/06/2025,,,,,,,,Options,"Call option on AAPL — $5 strike, expires 06/06/2025",1,None,0,0,False,
CALL/AAPL FLEX EURO PM 225 EXP 10/03/2025,,,,,,,,Options,"Call option on AAPL — $225 strike, expires 10/03/2025",1,None,0,0,False,
CALL/AAPL FLEX EURO PM 230 EXP 08/01/2025,,,,,,,,Options,"Call option on AAPL — $230 strike, expires 08/01/2025",1,None,0,0,False,
CALL/AAPL FLEX EURO PM 235 EXP 09/05/2025,,,,,,,,Options,"Call option on AAPL — $235 strike, expires 09/05/2025",1,None,0,0,False,
CALL/AAPL FLEX EURO PM 240 EXP 01/03/2025,Options,"Call option on Apple stock — $240 strike, expires 01/03/2025",1,None,0,0,False,Options,"Call option on AAPL — $240 strike, expires 01/03/2025",1,None,0,0,False,same_reported_range
CALL/AAPL FLEX EURO PM 245 EXP 04/04/2025,,,,,,,,Options,"Call option on AAPL — $245 strike, expires 04/04/2025",1,None,0,0,False,
CALL/AAPL FLEX EURO PM 255 EXP 05/02/2025,,,,,,,,Options,"Call option on AAPL — $255 strike, expires 05/02/2025",1,None,0,0,False,
CALL/AAPL FLEX EURO PM 260 EXP 02/07/2025,Options,"Call option on Apple stock — $260 strike, expires 02/07/2025",1,None,0,0,False,Options,"Call option on AAPL — $260 strike, expires 02/07/2025",1,None,0,0,False,same_reported_range
CALL/AAPL FLEX EURO PM 260 EXP 11/07/2025,,,,,,,,Options,"Call option on AAPL — $260 strike, expires 11/07/2025",1,None,0,0,False,
CALL/AAPL FLEX EURO PM 265 EXP 03/07/2025,Options,"Call option on Apple stock — $265 strike, expires 03/07/2025",1,None,0,0,False,Options,"Call option on AAPL — $265 strike, expires 03/07/2025",1,None,0,0,False,same_reported_range
CALL/AAPL FLEX EURO PM 285 EXP 12/05/2025,,,,,,,,Options,"Call option on AAPL — $285 strike, expires 12/05/2025",1,None,0,0,False,
CALL/AAPL FLEX EURO PM 295 EXP 01/02/2026,,,,,,,,Options,"Call option on AAPL — $295 strike, expires 01/02/2026",2,None,0,0,False,
CALL/AAPL FLEX EURO PM 305 EXP 02/06/2026,,,,,,,,Options,"Call option on AAPL — $305 strike, expires 02/06/2026",2,None,0,0,False,
CALL/ACN FLEX EURO PM @ 275 EXP 09/05/2025,,,,,,,,Options,"Call option on ACN — $275 strike, expires 09/05/2025",1,None,0,0,False,
CALL/ACN FLEX EURO PM @ 330 EXP 06/06/2025,,,,,,,,Options,"Call option on ACN — $330 strike, expires 06/06/2025",1,None,0,0,False,
CALL/ACN FLEX EURO PM @ 350 EXP 08/01/2025,,,,,,,,Options,"Call option on ACN — $350 strike, expires 08/01/2025",1,None,0,0,False,
CALL/ACN FLEX EURO PM @ 355 EXP 03/01/2024,Options,"Call option on Accenture stock — $355 strike, expires 03/01/2024",1,None,0,0,False,,,,,,,,
CALL/ACN FLEX EURO PM @ 395 EXP 02/07/2025,Options,"Call option on Accenture stock — $395 strike, expires 02/07/2025",1,None,0,0,False,Options,"Call option on ACN — $395 strike, expires 02/07/2025",1,None,0,0,False,same_reported_range
CALL/ACN FLEX EURO PM @ 425 EXP 04/04/2025,,,,,,,,Options,"Call option on ACN — $425 strike, expires 04/04/2025",1,None,0,0,False,
CALL/AMT FLEX EURO PM @ 192 5 EXP 01/02/2026,,,,,,,,Options,"Call option on AMT — $5 strike, expires 01/02/2026",2,None,0,0,False,
CALL/AMT FLEX EURO PM @ 192 5 EXP 02/06/2026,,,,,,,,Options,"Call option on AMT — $5 strike, expires 02/06/2026",1,None,0,0,False,
CALL/AMT FLEX EURO PM @ 192.5 EXP 02/06/2026,,,,,,,,Options,"Call option on AMT — $192.5 strike, expires 02/06/2026",1,None,0,0,False,
CALL/AMT FLEX EURO PM @ 200 EXP 03/07/2025,,,,,,,,Options,"Call option on AMT — $200 strike, expires 03/07/2025",1,None,0,0,False,
CALL/AMT FLEX EURO PM @ 205 EXP 04/04/2025,,,,,,,,Options,"Call option on AMT — $205 strike, expires 04/04/2025",1,None,0,0,False,
CALL/AMT FLEX EURO PM @ 207 5 EXP 11/07/2025,,,,,,,,Options,"Call option on AMT — $5 strike, expires 11/07/2025",1,None,0,0,False,
CALL/AMT FLEX EURO PM @ 207 5 EXP 12/05/2025,,,,,,,,Options,"Call option on AMT — $5 strike, expires 12/05/2025",1,None,0,0,False,
CALL/AMT FLEX EURO PM @ 225 EXP 02/07/2025,Options,"Call option on American Tower stock — $225 strike, expires 02/07/2025.",1,None,0,0,False,Options,"Call option on AMT — $225 strike, expires 02/07/2025",1,None,0,0,False,same_reported_range
CALL/AMT FLEX EURO PM @ 230 EXP 01/03/2025,Options,"Call option on American Tower stock — $230 strike, expires 01/03/2025",1,None,0,0,False,Options,"Call option on AMT — $230 strike, expires 01/03/2025",1,None,0,0,False,same_reported_range
CALL/AMT FLEX EURO PM @ 230 EXP 08/01/2025,,,,,,,,Options,"Call option on AMT — $230 strike, expires 08/01/2025",1,None,0,0,False,
CALL/AMT FLEX EURO PM @ 230 EXP 10/03/2025,,,,,,,,Options,"Call option on AMT — $230 strike, expires 10/03/2025",1,None,0,0,False,
CALL/AMT FLEX EURO PM @ 235 EXP 05/02/2025,,,,,,,,Options,"Call option on AMT — $235 strike, expires 05/02/2025",1,None,0,0,False,
CALL/AMT FLEX EURO PM @ 240 EXP 07/03/2025,,,,,,,,Options,"Call option on AMT — $240 strike, expires 07/03/2025",1,None,0,0,False,
CALL/AMT FLEX EURO PM @ 240 EXP 09/05/2025,,,,,,,,Options,"Call option on AMT — $240 strike, expires 09/05/2025",1,None,0,0,False,
CALL/AMT FLEX EURO PM @ 250 EXP 06/06/2025,,,,,,,,Options,"Call option on AMT — $250 strike, expires 06/06/2025",1,None,0,0,False,
CALL/AMZN FLEX EURO PM 205 EXP 12/06/2024,Options,"Call option on Amazon stock — $205 strike, expires 12/06/2024",1,None,0,0,False,,,,,,,,
CALL/AMZN FLEX EURO PM 210 EXP 07/03/2025,,,,,,,,Options,"Call option on AMZN — $210 strike, expires 07/03/2025",1,None,0,0,False,
CALL/AMZN FLEX EURO PM 215 EXP 06/06/2025,,,,,,,,Options,"Call option on AMZN — $215 strike, expires 06/06/2025",1,None,0,0,False,
CALL/AMZN FLEX EURO PM 217 5 EXP 01/03/2025,,,,,,,,Options,"Call option on AMZN — $5 strike, expires 01/03/2025",1,None,0,0,False,
CALL/AMZN FLEX EURO PM 217.5 EXP 01/03/2025,Options,"Call option on Amazon stock — $217.50 strike, expires 01/03/2025; European-style, PM-settled.",1,None,0,0,False,,,,,,,,
CALL/AMZN FLEX EURO PM 225 EXP 05/02/2025,,,,,,,,Options,"Call option on AMZN — $225 strike, expires 05/02/2025",1,None,0,0,False,
CALL/AMZN FLEX EURO PM 235 EXP 10/03/2025,,,,,,,,Options,"Call option on AMZN — $235 strike, expires 10/03/2025",1,None,0,0,False,
CALL/AMZN FLEX EURO PM 240 EXP 08/01/2025,,,,,,,,Options,"Call option on AMZN — $240 strike, expires 08/01/2025",1,None,0,0,False,
CALL/AMZN FLEX EURO PM 245 EXP 11/07/2025,,,,,,,,Options,"Call option on AMZN — $245 strike, expires 11/07/2025",1,None,0,0,False,
CALL/AMZN FLEX EURO PM 250 EXP 04/04/2025,,,,,,,,Options,"Call option on AMZN — $250 strike, expires 04/04/2025",1,None,0,0,False,
CALL/AMZN FLEX EURO PM 250 EXP 09/05/2025,,,,,,,,Options,"Call option on AMZN — $250 strike, expires 09/05/2025",1,None,0,0,False,
CALL/AMZN FLEX EURO PM 250 EXP 12/05/2025,,,,,,,,Options,"Call option on AMZN — $250 strike, expires 12/05/2025",1,None,0,0,False,
CALL/AMZN FLEX EURO PM 255 EXP 02/07/2025,Options,"Call option on Amazon stock — $255 strike, expires 02/07/2025.",1,None,0,0,False,Options,"Call option on AMZN — $255 strike, expires 02/07/2025",1,None,0,0,False,same_reported_range
CALL/AMZN FLEX EURO PM 255 EXP 03/07/2025,,,,,,,,Options,"Call option on AMZN — $255 strike, expires 03/07/2025",1,None,0,0,False,
CALL/AMZN FLEX EURO PM 260 EXP 11/07/2025,,,,,,,,Options,"Call option on AMZN — $260 strike, expires 11/07/2025",1,None,0,0,False,
CALL/AMZN FLEX EURO PM 265 EXP 02/06/2026,,,,,,,,Options,"Call option on AMZN — $265 strike, expires 02/06/2026",2,None,0,0,False,
CALL/AMZN FLEX EURO PM 280 EXP 01/02/2026,,,,,,,,Options,"Call option on AMZN — $280 strike, expires 01/02/2026",2,None,0,0,False,
CALL/APD FLEX EURO PM @ 275 EXP 02/06/2026,,,,,,,,Options,"Call option on APD — $275 strike, expires 02/06/2026",2,None,0,0,False,
CALL/APD FLEX EURO PM @ 280 EXP 01/02/2026,,,,,,,,Options,"Call option on APD — $280 strike, expires 01/02/2026",2,None,0,0,False,
CALL/APD FLEX EURO PM @ 305 EXP 08/01/2025,,,,,,,,Options,"Call option on APD — $305 strike, expires 08/01/2025",1,None,0,0,False,
CALL/APD FLEX EURO PM @ 305 EXP 10/03/2025,,,,,,,,Options,"Call option on APD — $305 strike, expires 10/03/2025",1,None,0,0,False,
CALL/APD FLEX EURO PM @ 305 EXP 12/05/2025,,,,,,,,Options,"Call option on APD — $305 strike, expires 12/05/2025",1,None,0,0,False,
CALL/APD FLEX EURO PM @ 310 EXP 11/07/2025,,,,,,,,Options,"Call option on APD — $310 strike, expires 11/07/2025",1,None,0,0,False,
CALL/APD FLEX EURO PM @ 315 EXP 09/05/2025,,,,,,,,Options,"Call option on APD — $315 strike, expires 09/05/2025",1,None,0,0,False,
CALL/AVGO FLEX EURO PM 285 EXP 08/01/2025,,,,,,,,Options,"Call option on AVGO — $285 strike, expires 08/01/2025",1,None,0,0,False,
CALL/AVGO FLEX EURO PM 335 EXP 09/05/2025,,,,,,,,Options,"Call option on AVGO — $335 strike, expires 09/05/2025",1,None,0,0,False,
CALL/AVGO FLEX EURO PM 405 EXP 11/07/2025,,,,,,,,Options,"Call option on AVGO — $405 strike, expires 11/07/2025",1,None,0,0,False,
CALL/AVGO FLEX EURO PM 420 EXP 12/05/2025,,,,,,,,Options,"Call option on AVGO — $420 strike, expires 12/05/2025",1,None,0,0,False,
CALL/AVGO FLEX EURO PM 485 EXP 02/06/2026,,,,,,,,Options,"Call option on AVGO — $485 strike, expires 02/06/2026",2,None,0,0,False,
CALL/AXP FLEX EURO PM @ 202.5 EXP 03/01/2024,Options,"Call option on American Express stock — $202.50 strike, expires 03/01/2024.",1,None,0,0,False,,,,,,,,
CALL/AXP FLEX EURO PM @ 285 EXP 06/06/2025,,,,,,,,Options,"Call option on AXP — $285 strike, expires 06/06/2025",1,None,0,0,False,
CALL/AXP FLEX EURO PM @ 300 EXP 01/03/2025,Options,"Call option on American Express stock — $300 strike, expires 01/03/2025",1,None,0,0,False,Options,"Call option on AXP — $300 strike, expires 01/03/2025",1,None,0,0,False,same_reported_range
CALL/AXP FLEX EURO PM @ 300 EXP 05/02/2025,,,,,,,,Options,"Call option on AXP — $300 strike, expires 05/02/2025",1,None,0,0,False,
CALL/AXP FLEX EURO PM @ 305 EXP 07/03/2025,,,,,,,,Options,"Call option on AXP — $305 strike, expires 07/03/2025",1,None,0,0,False,
CALL/AXP FLEX EURO PM @ 335 EXP 02/07/2025,Options,"Call option on American Express stock — $335 strike, expires 02/07/2025",1,None,0,0,False,Options,"Call option on AXP — $335 strike, expires 02/07/2025",1,None,0,0,False,same_reported_range
CALL/AXP FLEX EURO PM @ 335 EXP 03/07/2025,,,,,,,,Options,"Call option on AXP — $335 strike, expires 03/07/2025",1,None,0,0,False,
CALL/AXP FLEX EURO PM @ 340 EXP 04/04/2025,,,,,,,,Options,"Call option on AXP — $340 strike, expires 04/04/2025",1,None,0,0,False,
CALL/AXP FLEX EURO PM @ 360 EXP 09/05/2025,,,,,,,,Options,"Call option on AXP — $360 strike, expires 09/05/2025",1,None,0,0,False,
CALL/AZN FLEX EURO PM @ 100 EXP 02/13/2026,,,,,,,,Options,"Call option on AZN — $100 strike, expires 02/13/2026",1,None,0,0,False,
CALL/AZN FLEX EURO PM @ 65 EXP 04/12/2024,Options,"Call option on AstraZeneca shares — $65 strike, expires 04/12/2024; European-style, PM-settled.",2,None,0,0,False,,,,,,,,
CALL/AZN FLEX EURO PM @ 73 EXP 01/10/2025,,,,,,,,Options,"Call option on AZN — $73 strike, expires 01/10/2025",1,None,0,0,False,
CALL/AZN FLEX EURO PM @ 73 EXP 03/14/2025,,,,,,,,Options,"Call option on AZN — $73 strike, expires 03/14/2025",1,None,0,0,False,
CALL/AZN FLEX EURO PM @ 74 EXP 02/14/2025,,,,,,,,Options,"Call option on AZN — $74 strike, expires 02/14/2025",1,None,0,0,False,
CALL/AZN FLEX EURO PM @ 74 EXP 05/10/2024,Options,"Call option on AstraZeneca stock — $74 strike, expires 05/10/2024.",2,None,0,0,False,,,,,,,,
CALL/AZN FLEX EURO PM @ 75 EXP 07/11/2025,,,,,,,,Options,"Call option on AZN — $75 strike, expires 07/11/2025",1,None,0,0,False,
CALL/AZN FLEX EURO PM @ 76 EXP 06/14/2024,Options,"Call option on AstraZeneca stock — $76 strike, expires 06/14/2024",2,None,0,0,False,,,,,,,,
CALL/AZN FLEX EURO PM @ 77 EXP 06/13/2025,,,,,,,,Options,"Call option on AZN — $77 strike, expires 06/13/2025",1,None,0,0,False,
CALL/AZN FLEX EURO PM @ 78 EXP 09/12/2025,,,,,,,,Options,"Call option on AZN — $78 strike, expires 09/12/2025",1,None,0,0,False,
CALL/AZN FLEX EURO PM @ 80 EXP 04/11/2025,,,,,,,,Options,"Call option on AZN — $80 strike, expires 04/11/2025",1,None,0,0,False,
CALL/AZN FLEX EURO PM @ 80 EXP 10/10/2025,,,,,,,,Options,"Call option on AZN — $80 strike, expires 10/10/2025",1,None,0,0,False,
CALL/AZN FLEX EURO PM @ 81 EXP 08/08/2025,,,,,,,,Options,"Call option on AZN — $81 strike, expires 08/08/2025",1,None,0,0,False,
CALL/AZN FLEX EURO PM @ 85 EXP 05/09/2025,,,,,,,,Options,"Call option on AZN — $85 strike, expires 05/09/2025",1,None,0,0,False,
CALL/AZN FLEX EURO PM @ 86 EXP 11/14/2025,,,,,,,,Options,"Call option on AZN — $86 strike, expires 11/14/2025",1,None,0,0,False,
CALL/AZN FLEX EURO PM @ 94 EXP 12/12/2025,,,,,,,,Options,"Call option on AZN — $94 strike, expires 12/12/2025",1,None,0,0,False,
CALL/AZN FLEX EURO PM @ 98 EXP 01/09/2026,,,,,,,,Options,"Call option on AZN — $98 strike, expires 01/09/2026",2,None,0,0,False,
CALL/CCEP FLEX EURO PM 100 EXP 10/10/2025,,,,,,,,Options,"Call option on CCEP — $100 strike, expires 10/10/2025",1,None,0,0,False,
CALL/CCEP FLEX EURO PM 101 EXP 09/05/2025,,,,,,,,Options,"Call option on CCEP — $101 strike, expires 09/05/2025",1,None,0,0,False,
CALL/CCEP FLEX EURO PM 101 EXP 09/12/2025,,,,,,,,Options,"Call option on CCEP — $101 strike, expires 09/12/2025",1,None,0,0,False,
CALL/CCEP FLEX EURO PM 102 EXP 10/03/2025,,,,,,,,Options,"Call option on CCEP — $102 strike, expires 10/03/2025",1,None,0,0,False,
CALL/CCEP FLEX EURO PM 80 EXP 03/14/2025,,,,,,,,Options,"Call option on CCEP — $80 strike, expires 03/14/2025",1,None,0,0,False,
CALL/CCEP FLEX EURO PM 81 EXP 01/10/2025,,,,,,,,Options,"Call option on CCEP — $81 strike, expires 01/10/2025",1,None,0,0,False,
CALL/CCEP FLEX EURO PM 85 EXP 02/14/2025,,,,,,,,Options,"Call option on CCEP — $85 strike, expires 02/14/2025",1,None,0,0,False,
CALL/CCEP FLEX EURO PM 90 EXP 04/11/2025,,,,,,,,Options,"Call option on CCEP — $90 strike, expires 04/11/2025",1,None,0,0,False,
CALL/CCEP FLEX EURO PM 92 EXP 05/09/2025,,,,,,,,Options,"Call option on CCEP — $92 strike, expires 05/09/2025",1,None,0,0,False,
CALL/CCEP FLEX EURO PM 92 EXP 07/11/2025,,,,,,,,Options,"Call option on CCEP — $92 strike, expires 07/11/2025",1,None,0,0,False,
CALL/CCEP FLEX EURO PM 92 EXP 12/05/2025,,,,,,,,Options,"Call option on CCEP — $92 strike, expires 12/05/2025",1,None,0,0,False,
CALL/CCEP FLEX EURO PM 94 EXP 01/02/2026,,,,,,,,Options,"Call option on CCEP — $94 strike, expires 01/02/2026",2,None,0,0,False,
CALL/CCEP FLEX EURO PM 94 EXP 11/07/2025,,,,,,,,Options,"Call option on CCEP — $94 strike, expires 11/07/2025",1,None,0,0,False,
CALL/CCEP FLEX EURO PM 94 EXP 11/14/2025,,,,,,,,Options,"Call option on CCEP — $94 strike, expires 11/14/2025",1,None,0,0,False,
CALL/CCEP FLEX EURO PM 94 EXP 12/05/2025,,,,,,,,Options,"Call option on CCEP — $94 strike, expires 12/05/2025",1,None,0,0,False,
CALL/CCEP FLEX EURO PM 96 EXP 01/09/2026,,,,,,,,Options,"Call option on CCEP — $96 strike, expires 01/09/2026",2,None,0,0,False,
CALL/CCEP FLEX EURO PM 96 EXP 02/06/2026,,,,,,,,Options,"Call option on CCEP — $96 strike, expires 02/06/2026",2,None,0,0,False,
CALL/CCEP FLEX EURO PM 96 EXP 02/13/2026,,,,,,,,Options,"Call option on CCEP — $96 strike, expires 02/13/2026",2,None,0,0,False,
CALL/CCEP FLEX EURO PM 96 EXP 12/12/2025,,,,,,,,Options,"Call option on CCEP — $96 strike, expires 12/12/2025",1,None,0,0,False,
CALL/CCEP FLEX EURO PM 99 EXP 06/13/2025,,,,,,,,Options,"Call option on CCEP — $99 strike, expires 06/13/2025",1,None,0,0,False,
CALL/CCEP FLEX EURO PM 99 EXP 08/08/2025,,,,,,,,Options,"Call option on CCEP — $99 strike, expires 08/08/2025",1,None,0,0,False,
CALL/CMG FLEX EURO PM @ 47 EXP 11/07/2025,,,,,,,,Options,"Call option on CMG — $47 strike, expires 11/07/2025",1,None,0,0,False,
CALL/CMG FLEX EURO PM @ 49 EXP 12/05/2025,,,,,,,,Options,"Call option on CMG — $49 strike, expires 12/05/2025",1,None,0,0,False,
CALL/CMG FLEX EURO PM @ 64 EXP 09/05/2025,,,,,,,,Options,"Call option on CMG — $64 strike, expires 09/05/2025",1,None,0,0,False,
CALL/CMG FLEX EURO PM @ 65 EXP 10/03/2025,,,,,,,,Options,"Call option on CMG — $65 strike, expires 10/03/2025",1,None,0,0,False,
CALL/COF FLEX EURO PM @ 245 EXP 01/02/2026,,,,,,,,Options,"Call option on COF — $245 strike, expires 01/02/2026",2,None,0,0,False,
CALL/COF FLEX EURO PM @ 245 EXP 09/05/2025,,,,,,,,Options,"Call option on COF — $245 strike, expires 09/05/2025",1,None,0,0,False,
CALL/COF FLEX EURO PM @ 245 EXP 11/07/2025,,,,,,,,Options,"Call option on COF — $245 strike, expires 11/07/2025",1,None,0,0,False,
CALL/COF FLEX EURO PM @ 250 EXP 12/05/2025,,,,,,,,Options,"Call option on COF — $250 strike, expires 12/05/2025",1,None,0,0,False,
CALL/COF FLEX EURO PM @ 260 EXP 02/06/2026,,,,,,,,Options,"Call option on COF — $260 strike, expires 02/06/2026",2,None,0,0,False,
CALL/CRH FLEX EURO PM @ 101 EXP 06/13/2025,,,,,,,,Options,"Call option on CRH — $101 strike, expires 06/13/2025",1,None,0,0,False,
CALL/CRH FLEX EURO PM @ 101 EXP 08/08/2025,,,,,,,,Options,"Call option on CRH — $101 strike, expires 08/08/2025",1,None,0,0,False,
CALL/CRH FLEX EURO PM @ 103 EXP 03/14/2025,,,,,,,,Options,"Call option on CRH — $103 strike, expires 03/14/2025",1,None,0,0,False,
CALL/CRH FLEX EURO PM @ 104 EXP 09/12/2025,,,,,,,,Options,"Call option on CRH — $104 strike, expires 09/12/2025",1,None,0,0,False,
CALL/CRH FLEX EURO PM @ 109 EXP 02/14/2025,,,,,,,,Options,"Call option on CRH — $109 strike, expires 02/14/2025",1,None,0,0,False,
CALL/CRH FLEX EURO PM @ 109 EXP 07/11/2025,,,,,,,,Options,"Call option on CRH — $109 strike, expires 07/11/2025",1,None,0,0,False,
CALL/CRH FLEX EURO PM @ 112 5 EXP 01/10/2025,,,,,,,,Options,"Call option on CRH — $5 strike, expires 01/10/2025",1,None,0,0,False,
CALL/CRH FLEX EURO PM @ 112 EXP 05/09/2025,,,,,,,,Options,"Call option on CRH — $112 strike, expires 05/09/2025",1,None,0,0,False,
CALL/CRH FLEX EURO PM @ 117 5 EXP 10/10/2025,,,,,,,,Options,"Call option on CRH — $5 strike, expires 10/10/2025",1,None,0,0,False,
CALL/CRH FLEX EURO PM @ 120 EXP 01/09/2026,,,,,,,,Options,"Call option on CRH — $120 strike, expires 01/09/2026",2,None,0,0,False,
CALL/CRH FLEX EURO PM @ 122 5 EXP 04/11/2025,,,,,,,,Options,"Call option on CRH — $5 strike, expires 04/11/2025",1,None,0,0,False,
CALL/CRH FLEX EURO PM @ 125 EXP 11/14/2025,,,,,,,,Options,"Call option on CRH — $125 strike, expires 11/14/2025",1,None,0,0,False,
CALL/CRH FLEX EURO PM @ 132 5 EXP 12/12/2025,,,,,,,,Options,"Call option on CRH — $5 strike, expires 12/12/2025",1,None,0,0,False,
CALL/CRH FLEX EURO PM @ 140 EXP 02/13/2026,,,,,,,,Options,"Call option on CRH — $140 strike, expires 02/13/2026",2,None,0,0,False,
CALL/CRH FLEX EURO PM @ 73 EXP 03/08/2024,Options,"Call option on CRH (building materials company) stock — $73 strike, expires 03/08/2024",2,None,0,0,False,,,,,,,,
CALL/DDOG FLEX EURO PM 119 EXP 06/06/2025,,,,,,,,Options,"Call option on DDOG — $119 strike, expires 06/06/2025",1,None,0,0,False,
CALL/DDOG FLEX EURO PM 127 5 EXP 07/03/2025,,,,,,,,Options,"Call option on DDOG — $5 strike, expires 07/03/2025",1,None,0,0,False,
CALL/DDOG FLEX EURO PM 137 5 EXP 08/01/2025,,,,,,,,Options,"Call option on DDOG — $5 strike, expires 08/01/2025",1,None,0,0,False,
CALL/DDOG FLEX EURO PM 160 EXP 10/03/2025,,,,,,,,Options,"Call option on DDOG — $160 strike, expires 10/03/2025",1,None,0,0,False,
CALL/DDOG FLEX EURO PM 160 EXP 11/07/2025,,,,,,,,Options,"Call option on DDOG — $160 strike, expires 11/07/2025",1,None,0,0,False,
CALL/DDOG FLEX EURO PM 170 EXP 04/04/2025,,,,,,,,Options,"Call option on DDOG — $170 strike, expires 04/04/2025",1,None,0,0,False,
CALL/DDOG FLEX EURO PM 177 5 EXP 05/02/2025,,,,,,,,Options,"Call option on DDOG — $5 strike, expires 05/02/2025",1,None,0,0,False,
CALL/DDOG FLEX EURO PM 182 5 EXP 02/07/2025,,,,,,,,Options,"Call option on DDOG — $5 strike, expires 02/07/2025",1,None,0,0,False,
CALL/DDOG FLEX EURO PM 182.5 EXP 02/07/2025,Options,"Call option on Datadog (cloud-monitoring software) stock — $182.50 strike, expires 02/07/2025",1,None,0,0,False,,,,,,,,
CALL/DDOG FLEX EURO PM 185 EXP 09/05/2025,,,,,,,,Options,"Call option on DDOG — $185 strike, expires 09/05/2025",1,None,0,0,False,
CALL/DDOG FLEX EURO PM 190 EXP 12/05/2025,,,,,,,,Options,"Call option on DDOG — $190 strike, expires 12/05/2025",1,None,0,0,False,
CALL/DDOG FLEX EURO PM 225 EXP 01/02/2026,,,,,,,,Options,"Call option on DDOG — $225 strike, expires 01/02/2026",1,None,0,0,False,
CALL/DHR FLEX EURO PM @ 215 EXP 06/06/2025,,,,,,,,Options,"Call option on DHR — $215 strike, expires 06/06/2025",1,None,0,0,False,
CALL/DHR FLEX EURO PM @ 215 EXP 10/03/2025,,,,,,,,Options,"Call option on DHR — $215 strike, expires 10/03/2025",1,None,0,0,False,
CALL/DHR FLEX EURO PM @ 215 EXP 11/07/2025,,,,,,,,Options,"Call option on DHR — $215 strike, expires 11/07/2025",1,None,0,0,False,
CALL/DHR FLEX EURO PM @ 217 5 EXP 07/03/2025,,,,,,,,Options,"Call option on DHR — $5 strike, expires 07/03/2025",1,None,0,0,False,
CALL/DHR FLEX EURO PM @ 217 5 EXP 08/01/2025,,,,,,,,Options,"Call option on DHR — $5 strike, expires 08/01/2025",1,None,0,0,False,
CALL/DHR FLEX EURO PM @ 220 EXP 04/04/2025,,,,,,,,Options,"Call option on DHR — $220 strike, expires 04/04/2025",1,None,0,0,False,
CALL/DHR FLEX EURO PM @ 225 EXP 09/05/2025,,,,,,,,Options,"Call option on DHR — $225 strike, expires 09/05/2025",1,None,0,0,False,
CALL/DHR FLEX EURO PM @ 230 EXP 05/02/2025,,,,,,,,Options,"Call option on DHR — $230 strike, expires 05/02/2025",1,None,0,0,False,
CALL/DHR FLEX EURO PM @ 245 EXP 12/05/2025,,,,,,,,Options,"Call option on DHR — $245 strike, expires 12/05/2025",1,None,0,0,False,
CALL/DHR FLEX EURO PM @ 255 EXP 02/07/2025,Options,"Call option on Danaher stock — $255 strike, expires 02/07/2025; European-style, PM-settled.",1,None,0,0,False,Options,"Call option on DHR — $255 strike, expires 02/07/2025",1,None,0,0,False,same_reported_range
CALL/DHR FLEX EURO PM @ 260 EXP 03/07/2025,,,,,,,,Options,"Call option on DHR — $260 strike, expires 03/07/2025",1,None,0,0,False,
CALL/DHR FLEX EURO PM @ 270 EXP 01/03/2025,Options,"Call option on Danaher stock — $270 strike, expires 01/03/2025.",1,None,0,0,False,Options,"Call option on DHR — $270 strike, expires 01/03/2025",1,None,0,0,False,same_reported_range
CALL/ETN FLEX EURO PM @ 425 EXP 01/02/2026,,,,,,,,Options,"Call option on ETN — $425 strike, expires 01/02/2026",2,None,0,0,False,
CALL/EWA FLEX EURO PM @ 22.5 EXP 01/12/2024,Options,"Call option on the iShares MSCI Australia ETF — $22.50 strike, expires 01/12/2024",2,None,0,0,False,,,,,,,,
CALL/EWA FLEX EURO PM @ 25 EXP 03/14/2025,,,,,,,,Options,"Call option on EWA — $25 strike, expires 03/14/2025",1,None,0,0,False,
CALL/EWA FLEX EURO PM @ 25 EXP 05/09/2025,,,,,,,,Options,"Call option on EWA — $25 strike, expires 05/09/2025",1,None,0,0,False,
CALL/EWA FLEX EURO PM @ 26 5 EXP 01/09/2026,,,,,,,,Options,"Call option on EWA — $5 strike, expires 01/09/2026",2,None,0,0,False,
CALL/EWA FLEX EURO PM @ 26 5 EXP 02/14/2025,,,,,,,,Options,"Call option on EWA — $5 strike, expires 02/14/2025",1,None,0,0,False,
CALL/EWA FLEX EURO PM @ 26 5 EXP 04/11/2025,,,,,,,,Options,"Call option on EWA — $5 strike, expires 04/11/2025",1,None,0,0,False,
CALL/EWA FLEX EURO PM @ 26 EXP 06/13/2025,,,,,,,,Options,"Call option on EWA — $26 strike, expires 06/13/2025",1,None,0,0,False,
CALL/EWA FLEX EURO PM @ 26 EXP 07/11/2025,,,,,,,,Options,"Call option on EWA — $26 strike, expires 07/11/2025",1,None,0,0,False,
CALL/EWA FLEX EURO PM @ 27 5 EXP 01/10/2025,,,,,,,,Options,"Call option on EWA — $5 strike, expires 01/10/2025",1,None,0,0,False,
CALL/EWA FLEX EURO PM @ 27 5 EXP 02/13/2026,,,,,,,,Options,"Call option on EWA — $5 strike, expires 02/13/2026",2,None,0,0,False,
CALL/EWA FLEX EURO PM @ 27 5 EXP 08/08/2025,,,,,,,,Options,"Call option on EWA — $5 strike, expires 08/08/2025",1,None,0,0,False,
CALL/EWA FLEX EURO PM @ 27 5 EXP 09/12/2025,,,,,,,,Options,"Call option on EWA — $5 strike, expires 09/12/2025",1,None,0,0,False,
CALL/EWA FLEX EURO PM @ 28 5 EXP 12/12/2025,,,,,,,,Options,"Call option on EWA — $5 strike, expires 12/12/2025",1,None,0,0,False,
CALL/EWA FLEX EURO PM @ 28 EXP 10/10/2025,,,,,,,,Options,"Call option on EWA — $28 strike, expires 10/10/2025",1,None,0,0,False,
CALL/EWA FLEX EURO PM @ 29 EXP 11/14/2025,,,,,,,,Options,"Call option on EWA — $29 strike, expires 11/14/2025",1,None,0,0,False,
CALL/EWJ FLEX EURO PM @ 63 EXP 01/12/2024,Options,"Call option on the iShares MSCI Japan ETF — $63 strike, expires 01/12/2024; European-style.",2,None,0,0,False,,,,,,,,
CALL/EWJ FLEX EURO PM @ 70 EXP 03/08/2024,Options,"Call option on the iShares MSCI Japan ETF — $70 strike, expires 03/08/2024.",2,None,0,0,False,,,,,,,,
CALL/EWJ FLEX EURO PM @ 70 EXP 03/14/2025,,,,,,,,Options,"Call option on EWJ — $70 strike, expires 03/14/2025",1,None,0,0,False,
CALL/EWJ FLEX EURO PM @ 72 EXP 02/14/2025,,,,,,,,Options,"Call option on EWJ — $72 strike, expires 02/14/2025",1,None,0,0,False,
CALL/EWJ FLEX EURO PM @ 74 EXP 01/10/2025,,,,,,,,Options,"Call option on EWJ — $74 strike, expires 01/10/2025",1,None,0,0,False,
CALL/EWJ FLEX EURO PM @ 74 EXP 04/11/2025,,,,,,,,Options,"Call option on EWJ — $74 strike, expires 04/11/2025",1,None,0,0,False,
CALL/EWJ FLEX EURO PM @ 74 EXP 06/13/2025,,,,,,,,Options,"Call option on EWJ — $74 strike, expires 06/13/2025",1,None,0,0,False,
CALL/EWJ FLEX EURO PM @ 76 EXP 05/09/2025,,,,,,,,Options,"Call option on EWJ — $76 strike, expires 05/09/2025",1,None,0,0,False,
CALL/EWJ FLEX EURO PM @ 76 EXP 07/11/2025,,,,,,,,Options,"Call option on EWJ — $76 strike, expires 07/11/2025",1,None,0,0,False,
CALL/EWJ FLEX EURO PM @ 77 EXP 08/08/2025,,,,,,,,Options,"Call option on EWJ — $77 strike, expires 08/08/2025",1,None,0,0,False,
CALL/EWJ FLEX EURO PM @ 77 EXP 09/12/2025,,,,,,,,Options,"Call option on EWJ — $77 strike, expires 09/12/2025",1,None,0,0,False,
CALL/EWJ FLEX EURO PM @ 82 EXP 10/10/2025,,,,,,,,Options,"Call option on EWJ — $82 strike, expires 10/10/2025",1,None,0,0,False,
CALL/EWJ FLEX EURO PM @ 84 84 EXP 01/09/2026,,,,,,,,Options,"Call option on EWJ — $84 strike, expires 01/09/2026",1,None,0,0,False,
CALL/EWJ FLEX EURO PM @ 85 EXP 01/09/2026,,,,,,,,Options,"Call option on EWJ — $85 strike, expires 01/09/2026",1,None,0,0,False,
CALL/EWJ FLEX EURO PM @ 85 EXP 12/12/2025,,,,,,,,Options,"Call option on EWJ — $85 strike, expires 12/12/2025",1,None,0,0,False,
CALL/EWJ FLEX EURO PM @ 86 84 EXP 02/13/2026,,,,,,,,Options,"Call option on EWJ — $84 strike, expires 02/13/2026",1,None,0,0,False,
CALL/EWJ FLEX EURO PM @ 86 EXP 11/14/2025,,,,,,,,Options,"Call option on EWJ — $86 strike, expires 11/14/2025",1,None,0,0,False,
CALL/EWJ FLEX EURO PM @ 87 EXP 02/13/2026,,,,,,,,Options,"Call option on EWJ — $87 strike, expires 02/13/2026",1,None,0,0,False,
CALL/GE FLEX EURO PM @ 150 EXP 04/05/2024,Options,"Call option on General Electric stock — $150 strike, expires 04/05/2024",1,None,0,0,False,,,,,,,,
CALL/GEV FLEX EURO PM @ 155 EXP 07/05/2024,Options,"Call option on GE Vernova stock — $155 strike, expires 07/05/2024.",1,None,0,0,False,,,,,,,,
CALL/GEV FLEX EURO PM @ 205 EXP 10/04/2024,Options,"Call option on GE Vernova stock — $205 strike, expires 10/04/2024",1,None,0,0,False,,,,,,,,
CALL/GEV FLEX EURO PM @ 235 EXP 11/01/2024,Options,"Call option on GE Vernova stock — $235 strike, expires 11/01/2024; European-style, PM-settled.",1,None,0,0,False,,,,,,,,
CALL/GEV FLEX EURO PM @ 355 EXP 05/02/2025,,,,,,,,Options,"Call option on GEV — $355 strike, expires 05/02/2025",1,None,0,0,False,
CALL/GEV FLEX EURO PM @ 360 EXP 01/03/2025,Options,"Call option on GE Vernova (energy equipment) stock — $360 strike, expires 01/03/2025",1,None,0,0,False,Options,"Call option on GEV — $360 strike, expires 01/03/2025",1,None,0,0,False,same_reported_range
CALL/GEV FLEX EURO PM @ 395 EXP 06/06/2025,,,,,,,,Options,"Call option on GEV — $395 strike, expires 06/06/2025",1,None,0,0,False,
CALL/GEV FLEX EURO PM @ 410 EXP 02/07/2025,Options,"Call option on GE Vernova stock — $410 strike, expires 02/07/2025",1,None,0,0,False,Options,"Call option on GEV — $410 strike, expires 02/07/2025",1,None,0,0,False,same_reported_range
CALL/GEV FLEX EURO PM @ 450 EXP 04/04/2025,,,,,,,,Options,"Call option on GEV — $450 strike, expires 04/04/2025",1,None,0,0,False,
CALL/GEV FLEX EURO PM @ 455 EXP 03/07/2025,,,,,,,,Options,"Call option on GEV — $455 strike, expires 03/07/2025",1,None,0,0,False,
CALL/GEV FLEX EURO PM @ 475 EXP 07/03/2025,,,,,,,,Options,"Call option on GEV — $475 strike, expires 07/03/2025",1,None,0,0,False,
CALL/GEV FLEX EURO PM @ 585 EXP 08/01/2025,,,,,,,,Options,"Call option on GEV — $585 strike, expires 08/01/2025",1,None,0,0,False,
CALL/GEV FLEX EURO PM @ 710 EXP 01/02/2026,,,,,,,,Options,"Call option on GEV — $710 strike, expires 01/02/2026",2,None,0,0,False,
CALL/GEV FLEX EURO PM @ 715 EXP 11/07/2025,,,,,,,,Options,"Call option on GEV — $715 strike, expires 11/07/2025",1,None,0,0,False,
CALL/GEV FLEX EURO PM @ 755 EXP 09/05/2025,,,,,,,,Options,"Call option on GEV — $755 strike, expires 09/05/2025",1,None,0,0,False,
CALL/GOOG FLEX EURO PM 265 EXP 11/07/2025,,,,,,,,Options,"Call option on GOOG — $265 strike, expires 11/07/2025",1,None,0,0,False,
CALL/GOOG FLEX EURO PM 275 EXP 12/05/2025,,,,,,,,Options,"Call option on GOOG — $275 strike, expires 12/05/2025",1,None,0,0,False,
CALL/GOOG FLEX EURO PM 325 EXP 01/02/2026,,,,,,,,Options,"Call option on GOOG — $325 strike, expires 01/02/2026",2,None,0,0,False,
CALL/GOOG FLEX EURO PM 370 EXP 02/06/2026,,,,,,,,Options,"Call option on GOOG — $370 strike, expires 02/06/2026",2,None,0,0,False,
CALL/GOOGL FLEX EURO PM 147.5 EXP 05/03/2024,Options,"Call option on Alphabet (Google) stock — $147.50 strike, expires 05/03/2024.",1,None,0,0,False,,,,,,,,
CALL/GOOGL FLEX EURO PM 180 EXP 07/05/2024,Options,"Call option on Alphabet (Google) stock — $180 strike, expires 07/05/2024",1,None,0,0,False,,,,,,,,
CALL/GOOGL FLEX EURO PM 185 EXP 01/03/2025,Options,"Call option on Alphabet (Google) stock — $185 strike, expires 01/03/2025",1,None,0,0,False,Options,"Call option on GOOGL — $185 strike, expires 01/03/2025",1,None,0,0,False,same_reported_range
CALL/GOOGL FLEX EURO PM 195 EXP 02/07/2025,Options,"Call option on Alphabet (Google) stock — $195 strike, expires 02/07/2025; European-style, PM-settled.",1,None,0,0,False,Options,"Call option on GOOGL — $195 strike, expires 02/07/2025",1,None,0,0,False,same_reported_range
CALL/GOOGL FLEX EURO PM 220 EXP 03/07/2025,,,,,,,,Options,"Call option on GOOGL — $220 strike, expires 03/07/2025",1,None,0,0,False,
CALL/HSBC FLEX EURO PM 49 EXP 01/10/2025,,,,,,,,Options,"Call option on HSBC — $49 strike, expires 01/10/2025",1,,,,False,
CALL/HSBC FLEX EURO PM 52 EXP 03/14/2025,,,,,,,,Options,"Call option on HSBC — $52 strike, expires 03/14/2025",1,None,0,0,False,
CALL/HSBC FLEX EURO PM 53 EXP 02/14/2025,,,,,,,,Options,"Call option on HSBC — $53 strike, expires 02/14/2025",1,None,0,0,False,
CALL/HSBC FLEX EURO PM 58 EXP 06/13/2025,,,,,,,,Options,"Call option on HSBC — $58 strike, expires 06/13/2025",1,None,0,0,False,
CALL/HSBC FLEX EURO PM 60 EXP 04/11/2025,,,,,,,,Options,"Call option on HSBC — $60 strike, expires 04/11/2025",1,None,0,0,False,
CALL/HSBC FLEX EURO PM 63 EXP 07/11/2025,,,,,,,,Options,"Call option on HSBC — $63 strike, expires 07/11/2025",1,None,0,0,False,
CALL/HSBC FLEX EURO PM 64 EXP 05/09/2025,,,,,,,,Options,"Call option on HSBC — $64 strike, expires 05/09/2025",1,None,0,0,False,
CALL/HSBC FLEX EURO PM 65 EXP 08/08/2025,,,,,,,,Options,"Call option on HSBC — $65 strike, expires 08/08/2025",1,None,0,0,False,
CALL/HSBC FLEX EURO PM 67 EXP 09/12/2025,,,,,,,,Options,"Call option on HSBC — $67 strike, expires 09/12/2025",1,None,0,0,False,
CALL/HSBC FLEX EURO PM 68 EXP 10/10/2025,,,,,,,,Options,"Call option on HSBC — $68 strike, expires 10/10/2025",1,None,0,0,False,
CALL/HSBC FLEX EURO PM 74 EXP 11/14/2025,,,,,,,,Options,"Call option on HSBC — $74 strike, expires 11/14/2025",1,None,0,0,False,
CALL/HSBC FLEX EURO PM 74 EXP 12/12/2025,,,,,,,,Options,"Call option on HSBC — $74 strike, expires 12/12/2025",1,None,0,0,False,
CALL/HSBC FLEX EURO PM 78 EXP 01/09/2026,,,,,,,,Options,"Call option on HSBC — $78 strike, expires 01/09/2026",2,None,0,0,False,
CALL/HSBC FLEX EURO PM 82 EXP 02/13/2026,,,,,,,,Options,"Call option on HSBC — $82 strike, expires 02/13/2026",2,None,0,0,False,
CALL/HSBC1 FLEX EURO PM 39 EXP 05/10/2024,Options,"Call option on HSBC stock — $39 strike, expires 05/10/2024",2,None,0,0,False,,,,,,,,
CALL/ING FLEX EURO PM @ 14 EXP 04/12/2024,Options,"Call option on ING Group (Dutch bank) stock — $14 strike, expires 04/12/2024",2,None,0,0,False,,,,,,,,
CALL/ING FLEX EURO PM @ 15.5 EXP 05/10/2024,Options,"Call option on ING Groep (Dutch bank) stock — $15.50 strike, expires 05/10/2024",2,None,0,0,False,,,,,,,,
CALL/ING FLEX EURO PM @ 16 75 EXP 02/14/2025,,,,,,,,Options,"Call option on ING — $75 strike, expires 02/14/2025",1,None,0,0,False,
CALL/ING FLEX EURO PM @ 17 25 EXP 01/10/2025,,,,,,,,Options,"Call option on ING — $25 strike, expires 01/10/2025",1,None,0,0,False,
CALL/ING FLEX EURO PM @ 17 EXP 03/14/2025,,,,,,,,Options,"Call option on ING — $17 strike, expires 03/14/2025",1,None,0,0,False,
CALL/ING FLEX EURO PM @ 18 5 EXP 04/11/2025,,,,,,,,Options,"Call option on ING — $5 strike, expires 04/11/2025",1,None,0,0,False,
CALL/ING FLEX EURO PM @ 20 25 EXP 06/13/2025,,,,,,,,Options,"Call option on ING — $25 strike, expires 06/13/2025",1,None,0,0,False,
CALL/ING FLEX EURO PM @ 22 EXP 05/09/2025,,,,,,,,Options,"Call option on ING — $22 strike, expires 05/09/2025",1,None,0,0,False,
CALL/ING FLEX EURO PM @ 22 EXP 07/11/2025,,,,,,,,Options,"Call option on ING — $22 strike, expires 07/11/2025",1,None,0,0,False,
CALL/ING FLEX EURO PM @ 23 EXP 08/08/2025,,,,,,,,Options,"Call option on ING — $23 strike, expires 08/08/2025",1,None,0,0,False,
CALL/ING FLEX EURO PM @ 23 EXP 09/12/2025,,,,,,,,Options,"Call option on ING — $23 strike, expires 09/12/2025",1,None,0,0,False,
CALL/ING FLEX EURO PM @ 24 EXP 09/12/2025,,,,,,,,Options,"Call option on ING — $24 strike, expires 09/12/2025",1,None,0,0,False,
CALL/ING FLEX EURO PM @ 26 EXP 10/10/2025,,,,,,,,Options,"Call option on ING — $26 strike, expires 10/10/2025",1,None,0,0,False,
CALL/ING FLEX EURO PM @ 27 EXP 12/12/2025,,,,,,,,Options,"Call option on ING — $27 strike, expires 12/12/2025",1,None,0,0,False,
CALL/ING FLEX EURO PM @ 28 EXP 01/09/2026,,,,,,,,Options,"Call option on ING — $28 strike, expires 01/09/2026",2,None,0,0,False,
CALL/ING FLEX EURO PM @ 28 EXP 11/14/2025,,,,,,,,Options,"Call option on ING — $28 strike, expires 11/14/2025",1,None,0,0,False,
CALL/ING FLEX EURO PM @ 29 EXP 02/13/2026,,,,,,,,Options,"Call option on ING — $29 strike, expires 02/13/2026",2,None,0,0,False,
CALL/ISRG FLEX EURO PM 365 EXP 03/01/2024,Options,"Call option on Intuitive Surgical stock — $365 strike, expires 03/01/2024.",1,None,0,0,False,,,,,,,,
CALL/ISRG FLEX EURO PM 515 EXP 09/05/2025,,,,,,,,Options,"Call option on ISRG — $515 strike, expires 09/05/2025",1,None,0,0,False,
CALL/ISRG FLEX EURO PM 525 EXP 11/07/2025,,,,,,,,Options,"Call option on ISRG — $525 strike, expires 11/07/2025",1,None,0,0,False,
CALL/ISRG FLEX EURO PM 560 EXP 06/06/2025,,,,,,,,Options,"Call option on ISRG — $560 strike, expires 06/06/2025",1,None,0,0,False,
CALL/ISRG FLEX EURO PM 570 EXP 08/01/2025,,,,,,,,Options,"Call option on ISRG — $570 strike, expires 08/01/2025",1,None,0,0,False,
CALL/ISRG FLEX EURO PM 600 EXP 02/07/2025,Options,"Call option on Intuitive Surgical stock — $600 strike, expires 02/07/2025",1,None,0,0,False,Options,"Call option on ISRG — $600 strike, expires 02/07/2025",1,None,0,0,False,same_reported_range
CALL/ISRG FLEX EURO PM 635 EXP 01/02/2026,,,,,,,,Options,"Call option on ISRG — $635 strike, expires 01/02/2026",2,None,0,0,False,
CALL/ISRG FLEX EURO PM 645 EXP 04/04/2025,,,,,,,,Options,"Call option on ISRG — $645 strike, expires 04/04/2025",1,None,0,0,False,
CALL/JNJ FLEX EURO PM @ 197 5 EXP 01/02/2026,,,,,,,,Options,"Call option on JNJ — $5 strike, expires 01/02/2026",2,None,0,0,False,
CALL/JNJ FLEX EURO PM @ 202.5 EXP 02/06/2026,,,,,,,,Options,"Call option on JNJ — $202.5 strike, expires 02/06/2026",2,None,0,0,False,
CALL/JPM FLEX EURO PM @ 182.5 EXP 04/05/2024,Options,"Call option on JPMorgan Chase stock — $182.50 strike, expires 04/05/2024",1,None,0,0,False,,,,,,,,
CALL/JPM FLEX EURO PM @ 240 EXP 01/03/2025,Options,"Call option on JPMorgan Chase stock — $240 strike, expires 01/03/2025; European-style, PM-settled.",1,None,0,0,False,Options,"Call option on JPM — $240 strike, expires 01/03/2025",1,None,0,0,False,same_reported_range
CALL/JPM FLEX EURO PM @ 250 EXP 06/06/2025,,,,,,,,Options,"Call option on JPM — $250 strike, expires 06/06/2025",1,None,0,0,False,
CALL/JPM FLEX EURO PM @ 260 EXP 03/07/2025,,,,,,,,Options,"Call option on JPM — $260 strike, expires 03/07/2025",1,None,0,0,False,
CALL/JPM FLEX EURO PM @ 260 EXP 05/02/2025,,,,,,,,Options,"Call option on JPM — $260 strike, expires 05/02/2025",1,None,0,0,False,
CALL/JPM FLEX EURO PM @ 265 EXP 02/07/2025,Options,"Call option on JPMorgan Chase stock — $265 strike, expires 02/07/2025.",1,None,0,0,False,Options,"Call option on JPM — $265 strike, expires 02/07/2025",1,None,0,0,False,same_reported_range
CALL/JPM FLEX EURO PM @ 275 EXP 07/03/2025,,,,,,,,Options,"Call option on JPM — $275 strike, expires 07/03/2025",1,None,0,0,False,
CALL/JPM FLEX EURO PM @ 285 EXP 08/01/2025,,,,,,,,Options,"Call option on JPM — $285 strike, expires 08/01/2025",1,None,0,0,False,
CALL/JPM FLEX EURO PM @ 290 EXP 04/04/2025,,,,,,,,Options,"Call option on JPM — $290 strike, expires 04/04/2025",1,None,0,0,False,
CALL/JPM FLEX EURO PM @ 315 EXP 10/03/2025,,,,,,,,Options,"Call option on JPM — $315 strike, expires 10/03/2025",1,None,0,0,False,
CALL/JPM FLEX EURO PM @ 315 EXP 11/07/2025,,,,,,,,Options,"Call option on JPM — $315 strike, expires 11/07/2025",1,None,0,0,False,
CALL/JPM FLEX EURO PM @ 320 EXP 09/05/2025,,,,,,,,Options,"Call option on JPM — $320 strike, expires 09/05/2025",1,None,0,0,False,
CALL/JPM FLEX EURO PM @ 340 EXP 02/06/2026,,,,,,,,Options,"Call option on JPM — $340 strike, expires 02/06/2026",2,None,0,0,False,
CALL/JPM FLEX EURO PM @ 340 EXP 12/05/2025,,,,,,,,Options,"Call option on JPM — $340 strike, expires 12/05/2025",1,None,0,0,False,
CALL/JPM FLEX EURO PM @ 345 EXP 01/02/2026,,,,,,,,Options,"Call option on JPM — $345 strike, expires 01/02/2026",2,None,0,0,False,
CALL/LIN FLEX EURO PM @ 480 EXP 02/07/2025,Options,"Call option on Linde (industrial gases) stock — $480 strike, expires 02/07/2025",1,None,0,0,False,Options,"Call option on LIN — $480 strike, expires 02/07/2025",1,None,0,0,False,same_reported_range
CALL/LIN FLEX EURO PM @ 480 EXP 04/04/2025,,,,,,,,Options,"Call option on LIN — $480 strike, expires 04/04/2025",1,None,0,0,False,
CALL/LIN FLEX EURO PM @ 480 EXP 06/06/2025,,,,,,,,Options,"Call option on LIN — $480 strike, expires 06/06/2025",1,None,0,0,False,
CALL/LLY FLEX EURO PM @ 695 EXP 03/01/2024,Options,"Call option on Eli Lilly stock — $695 strike, expires 03/01/2024; European-style, PM-settled.",1,None,0,0,False,,,,,,,,
CALL/MCD FLEX EURO PM @ 310 EXP 01/03/2025,Options,"Call option on McDonald's stock — $310 strike, expires 01/03/2025",1,None,0,0,False,Options,"Call option on MCD — $310 strike, expires 01/03/2025",1,None,0,0,False,same_reported_range
CALL/MCD FLEX EURO PM @ 315 EXP 03/07/2025,,,,,,,,Options,"Call option on MCD — $315 strike, expires 03/07/2025",1,None,0,0,False,
CALL/MCD FLEX EURO PM @ 320 EXP 02/07/2025,Options,"Call option on McDonald's stock — $320 strike, expires 02/07/2025; European-style, PM-settled.",1,None,0,0,False,Options,"Call option on MCD — $320 strike, expires 02/07/2025",1,None,0,0,False,same_reported_range
CALL/MCD FLEX EURO PM @ 325 EXP 04/04/2025,,,,,,,,Options,"Call option on MCD — $325 strike, expires 04/04/2025",1,None,0,0,False,
CALL/MCD FLEX EURO PM @ 325 EXP 08/01/2025,,,,,,,,Options,"Call option on MCD — $325 strike, expires 08/01/2025",1,None,0,0,False,
CALL/MCD FLEX EURO PM @ 330 EXP 07/03/2025,,,,,,,,Options,"Call option on MCD — $330 strike, expires 07/03/2025",1,None,0,0,False,
CALL/MCD FLEX EURO PM @ 335 EXP 06/06/2025,,,,,,,,Options,"Call option on MCD — $335 strike, expires 06/06/2025",1,None,0,0,False,
CALL/MCD FLEX EURO PM @ 350 EXP 05/02/2025,,,,,,,,Options,"Call option on MCD — $350 strike, expires 05/02/2025",1,None,0,0,False,
CALL/META FLEX EURO PM 710 EXP 01/02/2026,,,,,,,,Options,"Call option on META — $710 strike, expires 01/02/2026",2,None,0,0,False,
CALL/MRVL FLEX EURO PM 102 EXP 01/03/2025,Options,"Call option on Marvell Technology stock — $102 strike, expires 01/03/2025.",1,None,0,0,False,Options,"Call option on MRVL — $102 strike, expires 01/03/2025",1,None,0,0,False,same_reported_range
CALL/MRVL FLEX EURO PM 132 5 EXP 02/07/2025,,,,,,,,Options,"Call option on MRVL — $5 strike, expires 02/07/2025",1,None,0,0,False,
CALL/MRVL FLEX EURO PM 132.5 EXP 02/07/2025,Options,"Call option on Marvell Technology stock — $132.50 strike, expires 02/07/2025",1,None,0,0,False,,,,,,,,
CALL/MRVL FLEX EURO PM 140 EXP 04/04/2025,,,,,,,,Options,"Call option on MRVL — $140 strike, expires 04/04/2025",1,None,0,0,False,
CALL/MRVL FLEX EURO PM 152.5 EXP 03/07/2025,,,,,,,,Options,"Call option on MRVL — $152.5 strike, expires 03/07/2025",1,None,0,0,False,
CALL/MRVL FLEX EURO PM 76 EXP 06/06/2025,,,,,,,,Options,"Call option on MRVL — $76 strike, expires 06/06/2025",1,None,0,0,False,
CALL/MRVL FLEX EURO PM 79 EXP 07/03/2025,,,,,,,,Options,"Call option on MRVL — $79 strike, expires 07/03/2025",1,None,0,0,False,
CALL/MRVL FLEX EURO PM 86 EXP 05/02/2025,,,,,,,,Options,"Call option on MRVL — $86 strike, expires 05/02/2025",1,,,,False,
CALL/MRVL FLEX EURO PM 86 EXP 08/01/2025,,,,,,,,Options,"Call option on MRVL — $86 strike, expires 08/01/2025",1,None,0,0,False,
CALL/MRVL FLEX EURO PM 88 EXP 12/06/2024,Options,"Call option on Marvell Technology (chipmaker) stock — $88 strike, expires 12/06/2024",1,None,0,0,False,,,,,,,,
CALL/MRVL FLEX EURO PM 92 EXP 09/05/2025,,,,,,,,Options,"Call option on MRVL — $92 strike, expires 09/05/2025",1,None,0,0,False,
CALL/MRVL FLEX EURO PM 95 EXP 10/03/2025,,,,,,,,Options,"Call option on MRVL — $95 strike, expires 10/03/2025",1,None,0,0,False,
CALL/MS FLEX EURO PM @ 107 EXP 11/01/2024,Options,"Call option on Morgan Stanley stock — $107 strike, expires 11/01/2024",1,None,0,0,False,,,,,,,,
CALL/MS FLEX EURO PM @ 117.5 EXP 12/06/2024,Options,"Call option on Morgan Stanley stock — $117.50 strike, expires 12/06/2024; European-style, PM-settled.",1,None,0,0,False,,,,,,,,
CALL/MS FLEX EURO PM @ 122 EXP 06/06/2025,,,,,,,,Options,"Call option on MS — $122 strike, expires 06/06/2025",1,None,0,0,False,
CALL/MS FLEX EURO PM @ 125 EXP 07/03/2025,,,,,,,,Options,"Call option on MS — $125 strike, expires 07/03/2025",1,None,0,0,False,
CALL/MS FLEX EURO PM @ 127 5 EXP 01/03/2025,,,,,,,,Options,"Call option on MS — $5 strike, expires 01/03/2025",1,None,0,0,False,
CALL/MS FLEX EURO PM @ 127.5 EXP 01/03/2025,Options,"Call option on Morgan Stanley stock — $127.50 strike, expires 01/03/2025",1,None,0,0,False,,,,,,,,
CALL/MS FLEX EURO PM @ 130 EXP 05/02/2025,,,,,,,,Options,"Call option on MS — $130 strike, expires 05/02/2025",1,None,0,0,False,
CALL/MS FLEX EURO PM @ 132.5 EXP 07/03/2025,,,,,,,,Options,"Call option on MS — $132.5 strike, expires 07/03/2025",1,None,0,0,False,
CALL/MS FLEX EURO PM @ 137 5 EXP 02/07/2025,,,,,,,,Options,"Call option on MS — $5 strike, expires 02/07/2025",1,None,0,0,False,
CALL/MS FLEX EURO PM @ 140 EXP 02/07/2025,Options,"Call option on Morgan Stanley stock — $140 strike, expires 02/07/2025.",1,None,0,0,False,Options,"Call option on MS — $140 strike, expires 02/07/2025",1,None,0,0,False,same_reported_range
CALL/MS FLEX EURO PM @ 140 EXP 03/07/2025,,,,,,,,Options,"Call option on MS — $140 strike, expires 03/07/2025",1,None,0,0,False,
CALL/MS FLEX EURO PM @ 145 EXP 08/01/2025,,,,,,,,Options,"Call option on MS — $145 strike, expires 08/01/2025",1,None,0,0,False,
CALL/MS FLEX EURO PM @ 147 5 EXP 04/04/2025,,,,,,,,Options,"Call option on MS — $5 strike, expires 04/04/2025",1,None,0,0,False,
CALL/MS FLEX EURO PM @ 152.5 EXP 10/03/2025,,,,,,,,Options,"Call option on MS — $152.5 strike, expires 10/03/2025",1,None,0,0,False,
CALL/MS FLEX EURO PM @ 157 5 EXP 09/05/2025,,,,,,,,Options,"Call option on MS — $5 strike, expires 09/05/2025",1,None,0,0,False,
CALL/MS FLEX EURO PM @ 160 EXP 11/07/2025,,,,,,,,Options,"Call option on MS — $160 strike, expires 11/07/2025",1,None,0,0,False,
CALL/MS FLEX EURO PM @ 172.5 EXP 12/05/2025,,,,,,,,Options,"Call option on MS — $172.5 strike, expires 12/05/2025",1,None,0,0,False,
CALL/MS FLEX EURO PM @ 180 EXP 01/02/2026,,,,,,,,Options,"Call option on MS — $180 strike, expires 01/02/2026",2,None,0,0,False,
CALL/MS FLEX EURO PM @ 195 EXP 02/06/2026,,,,,,,,Options,"Call option on MS — $195 strike, expires 02/06/2026",2,None,0,0,False,
CALL/MSFT FLEX EURO PM 420 EXP 06/06/2025,,,,,,,,Options,"Call option on MSFT — $420 strike, expires 06/06/2025",1,None,0,0,False,
CALL/MSFT FLEX EURO PM 425 EXP 05/02/2025,,,,,,,,Options,"Call option on MSFT — $425 strike, expires 05/02/2025",1,None,0,0,False,
CALL/MSFT FLEX EURO PM 440 EXP 07/05/2024,Options,"Call option on Microsoft stock — $440 strike, expires 07/05/2024; European-style, PM-settled.",1,None,0,0,False,,,,,,,,
CALL/MSFT FLEX EURO PM 445 EXP 01/03/2025,Options,"Call option on Microsoft stock — $445 strike, expires 01/03/2025",1,None,0,0,False,Options,"Call option on MSFT — $445 strike, expires 01/03/2025",1,None,0,0,False,same_reported_range
CALL/MSFT FLEX EURO PM 445 EXP 04/04/2025,,,,,,,,Options,"Call option on MSFT — $445 strike, expires 04/04/2025",1,None,0,0,False,
CALL/MSFT FLEX EURO PM 465 EXP 03/07/2025,,,,,,,,Options,"Call option on MSFT — $465 strike, expires 03/07/2025",1,None,0,0,False,
CALL/MSFT FLEX EURO PM 470 EXP 07/03/2025,,,,,,,,Options,"Call option on MSFT — $470 strike, expires 07/03/2025",1,None,0,0,False,
CALL/MSFT FLEX EURO PM 485 EXP 02/07/2025,Options,"Call option on Microsoft stock — $485 strike, expires 02/07/2025",1,None,0,0,False,Options,"Call option on MSFT — $485 strike, expires 02/07/2025",1,None,0,0,False,same_reported_range
CALL/MSFT FLEX EURO PM 505 EXP 08/01/2025,,,,,,,,Options,"Call option on MSFT — $505 strike, expires 08/01/2025",1,None,0,0,False,
CALL/MSFT FLEX EURO PM 540 EXP 09/05/2025,,,,,,,,Options,"Call option on MSFT — $540 strike, expires 09/05/2025",1,None,0,0,False,
CALL/MSFT FLEX EURO PM 545 EXP 01/02/2026,,,,,,,,Options,"Call option on MSFT — $545 strike, expires 01/02/2026",2,None,0,0,False,
CALL/MSFT FLEX EURO PM 545 EXP 02/06/2026,,,,,,,,Options,"Call option on MSFT — $545 strike, expires 02/06/2026",2,None,0,0,False,
CALL/MSFT FLEX EURO PM 545 EXP 11/07/2025,,,,,,,,Options,"Call option on MSFT — $545 strike, expires 11/07/2025",1,None,0,0,False,
CALL/MSFT FLEX EURO PM 570 EXP 10/03/2025,,,,,,,,Options,"Call option on MSFT — $570 strike, expires 10/03/2025",1,None,0,0,False,
CALL/MSFT FLEX EURO PM 575 EXP 12/05/2025,,,,,,,,Options,"Call option on MSFT — $575 strike, expires 12/05/2025",1,None,0,0,False,
CALL/NEE FLEX EURO PM @ 60 EXP 05/03/2024,Options,"Call option on NextEra Energy stock — $60 strike, expires 05/03/2024.",1,None,0,0,False,,,,,,,,
CALL/NEE FLEX EURO PM @ 70 EXP 06/07/2024,Options,"Call option on NextEra Energy stock — $70 strike, expires 06/07/2024",1,None,0,0,False,,,,,,,,
CALL/NEE FLEX EURO PM @ 72 EXP 07/03/2025,,,,,,,,Options,"Call option on NEE — $72 strike, expires 07/03/2025",1,None,0,0,False,
CALL/NEE FLEX EURO PM @ 74 EXP 04/04/2025,,,,,,,,Options,"Call option on NEE — $74 strike, expires 04/04/2025",1,None,0,0,False,
CALL/NEE FLEX EURO PM @ 76 EXP 06/06/2025,,,,,,,,Options,"Call option on NEE — $76 strike, expires 06/06/2025",1,None,0,0,False,
CALL/NEE FLEX EURO PM @ 77 EXP 10/03/2025,,,,,,,,Options,"Call option on NEE — $77 strike, expires 10/03/2025",1,None,0,0,False,
CALL/NEE FLEX EURO PM @ 77 EXP 11/07/2025,,,,,,,,Options,"Call option on NEE — $77 strike, expires 11/07/2025",1,None,0,0,False,
CALL/NEE FLEX EURO PM @ 78 EXP 03/07/2025,,,,,,,,Options,"Call option on NEE — $78 strike, expires 03/07/2025",1,None,0,0,False,
CALL/NEE FLEX EURO PM @ 80 EXP 08/01/2025,,,,,,,,Options,"Call option on NEE — $80 strike, expires 08/01/2025",1,None,0,0,False,
CALL/NEE FLEX EURO PM @ 82 EXP 02/07/2025,Options,"Call option on NextEra Energy stock — $82 strike, expires 02/07/2025",1,None,0,0,False,Options,"Call option on NEE — $82 strike, expires 02/07/2025",1,None,0,0,False,same_reported_range
CALL/NEE FLEX EURO PM @ 82 EXP 05/02/2025,,,,,,,,Options,"Call option on NEE — $82 strike, expires 05/02/2025",1,None,0,0,False,
CALL/NEE FLEX EURO PM @ 82 EXP 09/05/2025,,,,,,,,Options,"Call option on NEE — $82 strike, expires 09/05/2025",1,None,0,0,False,
CALL/NEE FLEX EURO PM @ 86 EXP 01/03/2025,Options,"Call option on NextEra Energy stock — $86 strike, expires 01/03/2025; European-style, PM-settled.",1,None,0,0,False,Options,"Call option on NEE — $86 strike, expires 01/03/2025",1,None,0,0,False,same_reported_range
CALL/NEE FLEX EURO PM @ 90 EXP 02/06/2026,,,,,,,,Options,"Call option on NEE — $90 strike, expires 02/06/2026",2,None,0,0,False,
CALL/NEE FLEX EURO PM @ 91 EXP 12/05/2025,,,,,,,,Options,"Call option on NEE — $91 strike, expires 12/05/2025",1,None,0,0,False,
CALL/NEE FLEX EURO PM @ 92 EXP 01/02/2026,,,,,,,,Options,"Call option on NEE — $92 strike, expires 01/02/2026",2,None,0,0,False,
CALL/NGG FLEX EURO PM @ 61 EXP 03/14/2025,,,,,,,,Options,"Call option on NGG — $61 strike, expires 03/14/2025",1,None,0,0,False,
CALL/NGG FLEX EURO PM @ 63 EXP 09/13/2024,Options,"Call option on National Grid ADR shares — $63 strike, expires 09/13/2024",2,None,0,0,False,,,,,,,,
CALL/NGG FLEX EURO PM @ 64 EXP 02/14/2025,,,,,,,,Options,"Call option on NGG — $64 strike, expires 02/14/2025",1,None,0,0,False,
CALL/NGG FLEX EURO PM @ 64 EXP 04/11/2025,,,,,,,,Options,"Call option on NGG — $64 strike, expires 04/11/2025",1,None,0,0,False,
CALL/NGG FLEX EURO PM @ 68 EXP 01/10/2025,,,,,,,,Options,"Call option on NGG — $68 strike, expires 01/10/2025",1,None,0,0,False,
CALL/NGG FLEX EURO PM @ 69 EXP 05/09/2025,,,,,,,,Options,"Call option on NGG — $69 strike, expires 05/09/2025",1,None,0,0,False,
CALL/NGG FLEX EURO PM @ 72 EXP 07/11/2025,,,,,,,,Options,"Call option on NGG — $72 strike, expires 07/11/2025",1,None,0,0,False,
CALL/NGG FLEX EURO PM @ 74 EXP 06/13/2025,,,,,,,,Options,"Call option on NGG — $74 strike, expires 06/13/2025",1,None,0,0,False,
CALL/NGG FLEX EURO PM @ 76 EXP 09/12/2025,,,,,,,,Options,"Call option on NGG — $76 strike, expires 09/12/2025",1,None,0,0,False,
CALL/NGG FLEX EURO PM @ 76 EXP 10/10/2025,,,,,,,,Options,"Call option on NGG — $76 strike, expires 10/10/2025",1,None,0,0,False,
CALL/NGG FLEX EURO PM @ 77 EXP 11/14/2025,,,,,,,,Options,"Call option on NGG — $77 strike, expires 11/14/2025",1,None,0,0,False,
CALL/NGG FLEX EURO PM @ 78 EXP 08/08/2025,,,,,,,,Options,"Call option on NGG — $78 strike, expires 08/08/2025",1,None,0,0,False,
CALL/NGG FLEX EURO PM @ 79 EXP 12/12/2025,,,,,,,,Options,"Call option on NGG — $79 strike, expires 12/12/2025",1,None,0,0,False,
CALL/NGG FLEX EURO PM @ 81 EXP 02/13/2026,,,,,,,,Options,"Call option on NGG — $81 strike, expires 02/13/2026",2,None,0,0,False,
CALL/NGG FLEX EURO PM @ 82 EXP 01/09/2026,,,,,,,,Options,"Call option on NGG — $82 strike, expires 01/09/2026",2,None,0,0,False,
CALL/NVDA FLEX EURO PM 1085 EXP 06/07/2024,Options,"Call option on Nvidia stock — $1,085 strike, expires 06/07/2024; European-style, PM-settled.",1,None,0,0,False,,,,,,,,
CALL/NVDA FLEX EURO PM 126 EXP 06/06/2025,,,,,,,,Options,"Call option on NVDA — $126 strike, expires 06/06/2025",1,None,0,0,False,
CALL/NVDA FLEX EURO PM 127.5 EXP 11/01/2024,Options,"Call option on Nvidia stock — $127.50 strike, expires 11/01/2024.",1,None,0,0,False,,,,,,,,
CALL/NVDA FLEX EURO PM 135 EXP 05/02/2025,,,,,,,,Options,"Call option on NVDA — $135 strike, expires 05/02/2025",1,None,0,0,False,
CALL/NVDA FLEX EURO PM 135 EXP 07/03/2025,,,,,,,,Options,"Call option on NVDA — $135 strike, expires 07/03/2025",1,None,0,0,False,
CALL/NVDA FLEX EURO PM 162.5 EXP 02/07/2025,Options,"Call option on Nvidia stock — $162.50 strike, expires 02/07/2025.",1,None,0,0,False,Options,"Call option on NVDA — $162.5 strike, expires 02/07/2025",1,None,0,0,False,same_reported_range
CALL/NVDA FLEX EURO PM 162.5 EXP 08/01/2025,,,,,,,,Options,"Call option on NVDA — $162.5 strike, expires 08/01/2025",1,None,0,0,False,
CALL/NVDA FLEX EURO PM 165 EXP 04/04/2025,,,,,,,,Options,"Call option on NVDA — $165 strike, expires 04/04/2025",1,None,0,0,False,
CALL/NVDA FLEX EURO PM 167 5 EXP 01/03/2025,,,,,,,,Options,"Call option on NVDA — $5 strike, expires 01/03/2025",1,None,0,0,False,
CALL/NVDA FLEX EURO PM 167.5 EXP 01/03/2025,Options,"Call option on Nvidia stock — $167.50 strike, expires 01/03/2025",1,None,0,0,False,,,,,,,,
CALL/NVDA FLEX EURO PM 185 EXP 03/07/2025,,,,,,,,Options,"Call option on NVDA — $185 strike, expires 03/07/2025",1,None,0,0,False,
CALL/NVDA FLEX EURO PM 185 EXP 09/05/2025,,,,,,,,Options,"Call option on NVDA — $185 strike, expires 09/05/2025",1,None,0,0,False,
CALL/NVDA FLEX EURO PM 190 EXP 10/03/2025,,,,,,,,Options,"Call option on NVDA — $190 strike, expires 10/03/2025",1,None,0,0,False,
CALL/NVDA FLEX EURO PM 192.5 EXP 11/07/2025,,,,,,,,Options,"Call option on NVDA — $192.5 strike, expires 11/07/2025",1,None,0,0,False,
CALL/NVDA FLEX EURO PM 202 5 EXP 10/03/2025,,,,,,,,Options,"Call option on NVDA — $5 strike, expires 10/03/2025",1,None,0,0,False,
CALL/NVDA FLEX EURO PM 215 EXP 02/06/2026,,,,,,,,Options,"Call option on NVDA — $215 strike, expires 02/06/2026",2,None,0,0,False,
CALL/NVDA FLEX EURO PM 217 5 EXP 12/05/2025,,,,,,,,Options,"Call option on NVDA — $5 strike, expires 12/05/2025",1,None,0,0,False,
CALL/NVDA FLEX EURO PM 232.5 EXP 01/02/2026,,,,,,,,Options,"Call option on NVDA — $232.5 strike, expires 01/02/2026",2,None,0,0,False,
CALL/NVDA FLEX EURO PM 590 EXP 03/01/2024,Options,"Call option on Nvidia stock — $590 strike, expires 03/01/2024",1,None,0,0,False,,,,,,,,
CALL/NVO FLEX EURO PM @ 101 EXP 03/14/2025,,,,,,,,Options,"Call option on NVO — $101 strike, expires 03/14/2025",1,None,0,0,False,
CALL/NVO FLEX EURO PM @ 107 EXP 02/09/2024,Options,"Call option on Novo Nordisk stock — $107 strike, expires 02/09/2024.",2,None,0,0,False,,,,,,,,
CALL/NVO FLEX EURO PM @ 117.5 EXP 03/08/2024,Options,"Call option on Novo Nordisk shares — $117.50 strike, expires 03/08/2024",2,None,0,0,False,,,,,,,,
CALL/NVO FLEX EURO PM @ 127 5 EXP 01/10/2025,,,,,,,,Options,"Call option on NVO — $5 strike, expires 01/10/2025",1,None,0,0,False,
CALL/NVO FLEX EURO PM @ 135 EXP 02/14/2025,,,,,,,,Options,"Call option on NVO — $135 strike, expires 02/14/2025",1,None,0,0,False,
CALL/NVO FLEX EURO PM @ 58 EXP 10/10/2025,,,,,,,,Options,"Call option on NVO — $58 strike, expires 10/10/2025",1,None,0,0,False,
CALL/NVO FLEX EURO PM @ 59 EXP 02/13/2026,,,,,,,,Options,"Call option on NVO — $59 strike, expires 02/13/2026",2,None,0,0,False,
CALL/NVO FLEX EURO PM @ 61 EXP 01/09/2026,,,,,,,,Options,"Call option on NVO — $61 strike, expires 01/09/2026",2,None,0,0,False,
CALL/NVO FLEX EURO PM @ 68 EXP 11/14/2025,,,,,,,,Options,"Call option on NVO — $68 strike, expires 11/14/2025",1,None,0,0,False,
CALL/NVO FLEX EURO PM @ 76 EXP 12/12/2025,,,,,,,,Options,"Call option on NVO — $76 strike, expires 12/12/2025",1,None,0,0,False,
CALL/NVO FLEX EURO PM @ 78 EXP 07/11/2025,,,,,,,,Options,"Call option on NVO — $78 strike, expires 07/11/2025",1,None,0,0,False,
CALL/NVO FLEX EURO PM @ 82 EXP 09/12/2025,,,,,,,,Options,"Call option on NVO — $82 strike, expires 09/12/2025",1,None,0,0,False,
CALL/NVO FLEX EURO PM @ 84 EXP 06/13/2025,,,,,,,,Options,"Call option on NVO — $84 strike, expires 06/13/2025",1,None,0,0,False,
CALL/NVO FLEX EURO PM @ 93 EXP 04/11/2025,,,,,,,,Options,"Call option on NVO — $93 strike, expires 04/11/2025",1,None,0,0,False,
CALL/NVO FLEX EURO PM @ 95 EXP 08/08/2025,,,,,,,,Options,"Call option on NVO — $95 strike, expires 08/08/2025",1,None,0,0,False,
CALL/NVO FLEX EURO PM @ 97 EXP 05/09/2025,,,,,,,,Options,"Call option on NVO — $97 strike, expires 05/09/2025",1,None,0,0,False,
CALL/NVS FLEX EURO PM @ 106 EXP 02/14/2025,,,,,,,,Options,"Call option on NVS — $106 strike, expires 02/14/2025",1,None,0,0,False,
CALL/NVS FLEX EURO PM @ 106 EXP 03/14/2025,,,,,,,,Options,"Call option on NVS — $106 strike, expires 03/14/2025",1,None,0,0,False,
CALL/NVS FLEX EURO PM @ 110 EXP 04/11/2025,,,,,,,,Options,"Call option on NVS — $110 strike, expires 04/11/2025",1,None,0,0,False,
CALL/NVS FLEX EURO PM @ 112 5 EXP 01/10/2025,,,,,,,,Options,"Call option on NVS — $5 strike, expires 01/10/2025",1,None,0,0,False,
CALL/NVS FLEX EURO PM @ 117 5 EXP 07/11/2025,,,,,,,,Options,"Call option on NVS — $5 strike, expires 07/11/2025",1,None,0,0,False,
CALL/NVS FLEX EURO PM @ 120 EXP 05/09/2025,,,,,,,,Options,"Call option on NVS — $120 strike, expires 05/09/2025",1,None,0,0,False,
CALL/NVS FLEX EURO PM @ 122.5 EXP 06/13/2025,,,,,,,,Options,"Call option on NVS — $122.5 strike, expires 06/13/2025",1,None,0,0,False,
CALL/NVS FLEX EURO PM @ 127 5 EXP 08/08/2025,,,,,,,,Options,"Call option on NVS — $5 strike, expires 08/08/2025",1,None,0,0,False,
CALL/NVS FLEX EURO PM @ 127 5 EXP 10/10/2025,,,,,,,,Options,"Call option on NVS — $5 strike, expires 10/10/2025",1,None,0,0,False,
CALL/NVS FLEX EURO PM @ 130 EXP 09/12/2025,,,,,,,,Options,"Call option on NVS — $130 strike, expires 09/12/2025",1,None,0,0,False,
CALL/NVS FLEX EURO PM @ 132 5 EXP 11/14/2025,,,,,,,,Options,"Call option on NVS — $5 strike, expires 11/14/2025",1,None,0,0,False,
CALL/NVS FLEX EURO PM @ 142 5 EXP 01/09/2026,,,,,,,,Options,"Call option on NVS — $5 strike, expires 01/09/2026",1,None,0,0,False,
CALL/NVS FLEX EURO PM @ 142 5 EXP 12/12/2025,,,,,,,,Options,"Call option on NVS — $5 strike, expires 12/12/2025",1,None,0,0,False,
CALL/NVS FLEX EURO PM @ 142.5 EXP 01/09/2026,,,,,,,,Options,"Call option on NVS — $142.5 strike, expires 01/09/2026",1,None,0,0,False,
CALL/NVS FLEX EURO PM @ 145 EXP 02/13/2026,,,,,,,,Options,"Call option on NVS — $145 strike, expires 02/13/2026",2,None,0,0,False,
CALL/ODFL FLEX EURO PM 160 EXP 01/02/2026,,,,,,,,Options,"Call option on ODFL — $160 strike, expires 01/02/2026",2,None,0,0,False,
CALL/ODFL FLEX EURO PM 160 EXP 10/03/2025,,,,,,,,Options,"Call option on ODFL — $160 strike, expires 10/03/2025",1,None,0,0,False,
CALL/ODFL FLEX EURO PM 167 5 EXP 12/05/2025,,,,,,,,Options,"Call option on ODFL — $5 strike, expires 12/05/2025",1,None,0,0,False,
CALL/ODFL FLEX EURO PM 172.5 EXP 11/07/2025,,,,,,,,Options,"Call option on ODFL — $172.5 strike, expires 11/07/2025",1,None,0,0,False,
CALL/ODFL FLEX EURO PM 180 EXP 02/06/2026,,,,,,,,Options,"Call option on ODFL — $180 strike, expires 02/06/2026",2,None,0,0,False,
CALL/ODFL FLEX EURO PM 180 EXP 07/03/2025,,,,,,,,Options,"Call option on ODFL — $180 strike, expires 07/03/2025",1,None,0,0,False,
CALL/ODFL FLEX EURO PM 185 EXP 08/01/2025,,,,,,,,Options,"Call option on ODFL — $185 strike, expires 08/01/2025",1,None,0,0,False,
CALL/ODFL FLEX EURO PM 190 EXP 06/06/2025,,,,,,,,Options,"Call option on ODFL — $190 strike, expires 06/06/2025",1,None,0,0,False,
CALL/ODFL FLEX EURO PM 192 5 EXP 09/05/2025,,,,,,,,Options,"Call option on ODFL — $5 strike, expires 09/05/2025",1,None,0,0,False,
CALL/ODFL FLEX EURO PM 207 5 EXP 03/07/2025,,,,,,,,Options,"Call option on ODFL — $5 strike, expires 03/07/2025",1,None,0,0,False,
CALL/ODFL FLEX EURO PM 210 EXP 05/02/2025,,,,,,,,Options,"Call option on ODFL — $210 strike, expires 05/02/2025",1,None,0,0,False,
CALL/ODFL FLEX EURO PM 215 EXP 01/03/2025,Options,"Call option on Old Dominion Freight Line stock — $215 strike, expires 01/03/2025; European-style.",1,None,0,0,False,Options,"Call option on ODFL — $215 strike, expires 01/03/2025",1,None,0,0,False,same_reported_range
CALL/ODFL FLEX EURO PM 220 EXP 04/04/2025,,,,,,,,Options,"Call option on ODFL — $220 strike, expires 04/04/2025",1,None,0,0,False,
CALL/ODFL FLEX EURO PM 230 EXP 02/07/2025,Options,"Call option on Old Dominion Freight Line stock — $230 strike, expires 02/07/2025.",1,None,0,0,False,Options,"Call option on ODFL — $230 strike, expires 02/07/2025",1,None,0,0,False,same_reported_range
CALL/PG FLEX EURO PM @ 155 EXP 01/02/2026,,,,,,,,Options,"Call option on PG — $155 strike, expires 01/02/2026",1,None,0,0,False,
CALL/PG FLEX EURO PM @ 160 EXP 10/03/2025,,,,,,,,Options,"Call option on PG — $160 strike, expires 10/03/2025",1,None,0,0,False,
CALL/PG FLEX EURO PM @ 162.5 EXP 12/05/2025,,,,,,,,Options,"Call option on PG — $162.5 strike, expires 12/05/2025",1,None,0,0,False,
CALL/PG FLEX EURO PM @ 170 EXP 07/03/2025,,,,,,,,Options,"Call option on PG — $170 strike, expires 07/03/2025",1,None,0,0,False,
CALL/PG FLEX EURO PM @ 170 EXP 09/05/2025,,,,,,,,Options,"Call option on PG — $170 strike, expires 09/05/2025",1,None,0,0,False,
CALL/PG FLEX EURO PM @ 170 EXP 11/07/2025,,,,,,,,Options,"Call option on PG — $170 strike, expires 11/07/2025",1,None,0,0,False,
CALL/PG FLEX EURO PM @ 172 5 EXP 03/07/2025,,,,,,,,Options,"Call option on PG — $5 strike, expires 03/07/2025",1,None,0,0,False,
CALL/PG FLEX EURO PM @ 172 5 EXP 08/01/2025,,,,,,,,Options,"Call option on PG — $5 strike, expires 08/01/2025",1,None,0,0,False,
CALL/PG FLEX EURO PM @ 175 EXP 01/03/2025,Options,"Call option on Procter & Gamble stock — $175 strike, expires 01/03/2025",1,None,0,0,False,Options,"Call option on PG — $175 strike, expires 01/03/2025",1,None,0,0,False,same_reported_range
CALL/PG FLEX EURO PM @ 177 5 EXP 04/04/2025,,,,,,,,Options,"Call option on PG — $5 strike, expires 04/04/2025",1,None,0,0,False,
CALL/PG FLEX EURO PM @ 180 EXP 02/07/2025,Options,"Call option on Procter & Gamble stock — $180 strike, expires 02/07/2025",1,None,0,0,False,Options,"Call option on PG — $180 strike, expires 02/07/2025",1,None,0,0,False,same_reported_range
CALL/PG FLEX EURO PM @ 180 EXP 06/06/2025,,,,,,,,Options,"Call option on PG — $180 strike, expires 06/06/2025",1,None,0,0,False,
CALL/PG FLEX EURO PM @ 190 EXP 05/02/2025,,,,,,,,Options,"Call option on PG — $190 strike, expires 05/02/2025",1,None,0,0,False,
CALL/RELX FLEX EURO PM 44 EXP 01/09/2026,,,,,,,,Options,"Call option on RELX — $44 strike, expires 01/09/2026",2,None,0,0,False,
CALL/RELX FLEX EURO PM 44 EXP 02/13/2026,,,,,,,,Options,"Call option on RELX — $44 strike, expires 02/13/2026",2,None,0,0,False,
CALL/RELX FLEX EURO PM 48 EXP 12/12/2025,,,,,,,,Options,"Call option on RELX — $48 strike, expires 12/12/2025",1,None,0,0,False,
CALL/RELX FLEX EURO PM 50 EXP 03/14/2025,,,,,,,,Options,"Call option on RELX — $50 strike, expires 03/14/2025",1,None,0,0,False,
CALL/RELX FLEX EURO PM 50 EXP 11/14/2025,,,,,,,,Options,"Call option on RELX — $50 strike, expires 11/14/2025",1,None,0,0,False,
CALL/RELX FLEX EURO PM 51 EXP 02/14/2025,,,,,,,,Options,"Call option on RELX — $51 strike, expires 02/14/2025",1,None,0,0,False,
CALL/RELX FLEX EURO PM 52 EXP 05/09/2025,,,,,,,,Options,"Call option on RELX — $52 strike, expires 05/09/2025",1,None,0,0,False,
CALL/RELX FLEX EURO PM 53 EXP 01/10/2025,,,,,,,,Options,"Call option on RELX — $53 strike, expires 01/10/2025",1,None,0,0,False,
CALL/RELX FLEX EURO PM 53 EXP 10/10/2025,,,,,,,,Options,"Call option on RELX — $53 strike, expires 10/10/2025",1,None,0,0,False,
CALL/RELX FLEX EURO PM 54 EXP 06/13/2025,,,,,,,,Options,"Call option on RELX — $54 strike, expires 06/13/2025",1,None,0,0,False,
CALL/RELX FLEX EURO PM 55 EXP 04/11/2025,,,,,,,,Options,"Call option on RELX — $55 strike, expires 04/11/2025",1,None,0,0,False,
CALL/RELX FLEX EURO PM 57 EXP 07/11/2025,,,,,,,,Options,"Call option on RELX — $57 strike, expires 07/11/2025",1,None,0,0,False,
CALL/RELX FLEX EURO PM 57 EXP 08/08/2025,,,,,,,,Options,"Call option on RELX — $57 strike, expires 08/08/2025",1,None,0,0,False,
CALL/RELX FLEX EURO PM 59 EXP 09/12/2025,,,,,,,,Options,"Call option on RELX — $59 strike, expires 09/12/2025",1,None,0,0,False,
CALL/RIO FLEX EURO PM @ 62 EXP 08/08/2025,,,,,,,,Options,"Call option on RIO — $62 strike, expires 08/08/2025",1,None,0,0,False,
CALL/RIO FLEX EURO PM @ 64 EXP 03/14/2025,,,,,,,,Options,"Call option on RIO — $64 strike, expires 03/14/2025",1,None,0,0,False,
CALL/RIO FLEX EURO PM @ 64 EXP 09/12/2025,,,,,,,,Options,"Call option on RIO — $64 strike, expires 09/12/2025",1,None,0,0,False,
CALL/RIO FLEX EURO PM @ 66 EXP 06/13/2025,,,,,,,,Options,"Call option on RIO — $66 strike, expires 06/13/2025",1,None,0,0,False,
CALL/RIO FLEX EURO PM @ 66 EXP 10/10/2025,,,,,,,,Options,"Call option on RIO — $66 strike, expires 10/10/2025",1,None,0,0,False,
CALL/RIO FLEX EURO PM @ 67 EXP 04/11/2025,,,,,,,,Options,"Call option on RIO — $67 strike, expires 04/11/2025",1,None,0,0,False,
CALL/RIO FLEX EURO PM @ 67 EXP 07/11/2025,,,,,,,,Options,"Call option on RIO — $67 strike, expires 07/11/2025",1,None,0,0,False,
CALL/RIO FLEX EURO PM @ 68 EXP 02/14/2025,,,,,,,,Options,"Call option on RIO — $68 strike, expires 02/14/2025",1,None,0,0,False,
CALL/RIO FLEX EURO PM @ 68 EXP 11/14/2025,,,,,,,,Options,"Call option on RIO — $68 strike, expires 11/14/2025",1,None,0,0,False,
CALL/RIO FLEX EURO PM @ 69 EXP 01/10/2025,,,,,,,,Options,"Call option on RIO — $69 strike, expires 01/10/2025",1,None,0,0,False,
CALL/RIO FLEX EURO PM @ 70 EXP 05/09/2025,,,,,,,,Options,"Call option on RIO — $70 strike, expires 05/09/2025",1,None,0,0,False,
CALL/RIO FLEX EURO PM @ 76 EXP 12/12/2025,,,,,,,,Options,"Call option on RIO — $76 strike, expires 12/12/2025",1,None,0,0,False,
CALL/RIO FLEX EURO PM @ 79 EXP 01/09/2026,,,,,,,,Options,"Call option on RIO — $79 strike, expires 01/09/2026",2,None,0,0,False,
CALL/RIO FLEX EURO PM @ 82 EXP 02/13/2026,,,,,,,,Options,"Call option on RIO — $82 strike, expires 02/13/2026",2,None,0,0,False,
CALL/ROK FLEX EURO PM @ 355 EXP 08/01/2025,,,,,,,,Options,"Call option on ROK — $355 strike, expires 08/01/2025",1,None,0,0,False,
CALL/ROK FLEX EURO PM @ 385 EXP 09/05/2025,,,,,,,,Options,"Call option on ROK — $385 strike, expires 09/05/2025",1,None,0,0,False,
CALL/ROK FLEX EURO PM @ 385 EXP 11/07/2025,,,,,,,,Options,"Call option on ROK — $385 strike, expires 11/07/2025",1,None,0,0,False,
CALL/ROK FLEX EURO PM @ 390 EXP 10/03/2025,,,,,,,,Options,"Call option on ROK — $390 strike, expires 10/03/2025",1,None,0,0,False,
CALL/ROK FLEX EURO PM @ 425 EXP 01/02/2026,,,,,,,,Options,"Call option on ROK — $425 strike, expires 01/02/2026",2,None,0,0,False,
CALL/SBUX FLEX EURO PM 102 EXP 08/01/2025,,,,,,,,Options,"Call option on SBUX — $102 strike, expires 08/01/2025",1,None,0,0,False,
CALL/SBUX FLEX EURO PM 106 EXP 09/05/2025,,,,,,,,Options,"Call option on SBUX — $106 strike, expires 09/05/2025",1,None,0,0,False,
CALL/SBUX FLEX EURO PM 112 5 EXP 02/07/2025,,,,,,,,Options,"Call option on SBUX — $5 strike, expires 02/07/2025",1,None,0,0,False,
CALL/SBUX FLEX EURO PM 112.5 EXP 02/07/2025,Options,"Call option on Starbucks stock — $112.50 strike, expires 02/07/2025",1,None,0,0,False,,,,,,,,
CALL/SBUX FLEX EURO PM 112.5 EXP 03/07/2025,Options,"Call option on Starbucks stock — $112.50 strike, expires 03/07/2025",1,None,0,0,False,Options,"Call option on SBUX — $112.5 strike, expires 03/07/2025",1,None,0,0,False,same_reported_range
CALL/SBUX FLEX EURO PM 117 5 EXP 05/02/2025,,,,,,,,Options,"Call option on SBUX — $5 strike, expires 05/02/2025",1,None,0,0,False,
CALL/SBUX FLEX EURO PM 120 EXP 04/04/2025,,,,,,,,Options,"Call option on SBUX — $120 strike, expires 04/04/2025",1,None,0,0,False,
CALL/SBUX FLEX EURO PM 92 EXP 07/03/2025,,,,,,,,Options,"Call option on SBUX — $92 strike, expires 07/03/2025",1,None,0,0,False,
CALL/SBUX FLEX EURO PM 95 EXP 01/02/2026,,,,,,,,Options,"Call option on SBUX — $95 strike, expires 01/02/2026",2,None,0,0,False,
CALL/SBUX FLEX EURO PM 95 EXP 12/05/2025,,,,,,,,Options,"Call option on SBUX — $95 strike, expires 12/05/2025",1,None,0,0,False,
CALL/SBUX FLEX EURO PM 96 EXP 11/07/2025,,,,,,,,Options,"Call option on SBUX — $96 strike, expires 11/07/2025",1,None,0,0,False,
CALL/SBUX FLEX EURO PM 97 EXP 02/06/2026,,,,,,,,Options,"Call option on SBUX — $97 strike, expires 02/06/2026",2,None,0,0,False,
CALL/SBUX FLEX EURO PM 97 EXP 10/03/2025,,,,,,,,Options,"Call option on SBUX — $97 strike, expires 10/03/2025",1,None,0,0,False,
CALL/SBUX FLEX EURO PM 98 EXP 06/06/2025,,,,,,,,Options,"Call option on SBUX — $98 strike, expires 06/06/2025",1,None,0,0,False,
CALL/SHEL FLEX EURO PM 68 EXP 02/14/2025,,,,,,,,Options,"Call option on SHEL — $68 strike, expires 02/14/2025",1,None,0,0,False,
CALL/SHEL FLEX EURO PM 68 EXP 04/12/2024,Options,"Call option on Shell stock — $68 strike, expires 04/12/2024.",2,None,0,0,False,,,,,,,,
CALL/SHEL FLEX EURO PM 69 EXP 05/10/2024,Options,"Call option on Shell stock — $69 strike, expires 05/10/2024",2,None,0,0,False,,,,,,,,
CALL/SHEL FLEX EURO PM 71 EXP 01/10/2025,,,,,,,,Options,"Call option on SHEL — $71 strike, expires 01/10/2025",1,None,0,0,False,
CALL/SHEL FLEX EURO PM 71 EXP 03/14/2025,,,,,,,,Options,"Call option on SHEL — $71 strike, expires 03/14/2025",1,None,0,0,False,
CALL/SHEL FLEX EURO PM 71 EXP 06/13/2025,,,,,,,,Options,"Call option on SHEL — $71 strike, expires 06/13/2025",1,None,0,0,False,
CALL/SHEL FLEX EURO PM 71 EXP 07/11/2025,,,,,,,,Options,"Call option on SHEL — $71 strike, expires 07/11/2025",1,None,0,0,False,
CALL/SHEL FLEX EURO PM 72 EXP 04/11/2025,,,,,,,,Options,"Call option on SHEL — $72 strike, expires 04/11/2025",1,None,0,0,False,
CALL/SHEL FLEX EURO PM 76 EXP 05/09/2025,,,,,,,,Options,"Call option on SHEL — $76 strike, expires 05/09/2025",1,None,0,0,False,
CALL/SHEL FLEX EURO PM 76 EXP 09/12/2025,,,,,,,,Options,"Call option on SHEL — $76 strike, expires 09/12/2025",1,None,0,0,False,
CALL/SHEL FLEX EURO PM 76 EXP 10/10/2025,,,,,,,,Options,"Call option on SHEL — $76 strike, expires 10/10/2025",1,None,0,0,False,
CALL/SHEL FLEX EURO PM 76 EXP 11/14/2025,,,,,,,,Options,"Call option on SHEL — $76 strike, expires 11/14/2025",1,None,0,0,False,
CALL/SHEL FLEX EURO PM 77 EXP 08/08/2025,,,,,,,,Options,"Call option on SHEL — $77 strike, expires 08/08/2025",1,None,0,0,False,
CALL/SHEL FLEX EURO PM 78 EXP 02/13/2026,,,,,,,,Options,"Call option on SHEL — $78 strike, expires 02/13/2026",2,None,0,0,False,
CALL/SHEL FLEX EURO PM 79 EXP 12/12/2025,,,,,,,,Options,"Call option on SHEL — $79 strike, expires 12/12/2025",1,None,0,0,False,
CALL/SHEL FLEX EURO PM 81 EXP 01/09/2026,,,,,,,,Options,"Call option on SHEL — $81 strike, expires 01/09/2026",2,None,0,0,False,
CALL/SMFG FLEX EURO PM 14.5 EXP 12/13/2024,Options,"Call option on Sumitomo Mitsui Financial Group shares — $14.50 strike, expires 12/13/2024; European-style.",2,None,0,0,False,,,,,,,,
CALL/SMFG FLEX EURO PM 15 25 EXP 01/10/2025,,,,,,,,Options,"Call option on SMFG — $25 strike, expires 01/10/2025",1,None,0,0,False,
CALL/SMFG FLEX EURO PM 15 75 EXP 02/14/2025,,,,,,,,Options,"Call option on SMFG — $75 strike, expires 02/14/2025",1,None,0,0,False,
CALL/SMFG FLEX EURO PM 16 25 EXP 03/14/2025,,,,,,,,Options,"Call option on SMFG — $25 strike, expires 03/14/2025",1,None,0,0,False,
CALL/SMFG FLEX EURO PM 16 25 EXP 09/12/2025,,,,,,,,Options,"Call option on SMFG — $25 strike, expires 09/12/2025",1,None,0,0,False,
CALL/SMFG FLEX EURO PM 16 5 EXP 08/08/2025,,,,,,,,Options,"Call option on SMFG — $5 strike, expires 08/08/2025",1,None,0,0,False,
CALL/SMFG FLEX EURO PM 16 EXP 07/11/2025,,,,,,,,Options,"Call option on SMFG — $16 strike, expires 07/11/2025",1,None,0,0,False,
CALL/SMFG FLEX EURO PM 17 5 EXP 05/09/2025,,,,,,,,Options,"Call option on SMFG — $5 strike, expires 05/09/2025",1,None,0,0,False,
CALL/SMFG FLEX EURO PM 17 75 EXP 10/10/2025,,,,,,,,Options,"Call option on SMFG — $75 strike, expires 10/10/2025",1,None,0,0,False,
CALL/SMFG FLEX EURO PM 17 EXP 04/11/2025,,,,,,,,Options,"Call option on SMFG — $17 strike, expires 04/11/2025",1,None,0,0,False,
CALL/SMFG FLEX EURO PM 17 EXP 06/13/2025,,,,,,,,Options,"Call option on SMFG — $17 strike, expires 06/13/2025",1,None,0,0,False,
CALL/SMFG FLEX EURO PM 17 EXP 09/12/2025,,,,,,,,Options,"Call option on SMFG — $17 strike, expires 09/12/2025",1,None,0,0,False,
CALL/SMFG FLEX EURO PM 18 5 EXP 11/14/2025,,,,,,,,Options,"Call option on SMFG — $5 strike, expires 11/14/2025",1,None,0,0,False,
CALL/SMFG FLEX EURO PM 19 5 EXP 01/09/2026,,,,,,,,Options,"Call option on SMFG — $5 strike, expires 01/09/2026",2,None,0,0,False,
CALL/SMFG FLEX EURO PM 19 75 EXP 12/12/2025,,,,,,,,Options,"Call option on SMFG — $75 strike, expires 12/12/2025",1,None,0,0,False,
CALL/SMFG FLEX EURO PM 21 25 EXP 02/13/2026,,,,,,,,Options,"Call option on SMFG — $25 strike, expires 02/13/2026",2,None,0,0,False,
CALL/SNY FLEX EURO PM @ 49 EXP 01/12/2024,Options,"Call option on Sanofi stock — $49 strike, expires 01/12/2024.",2,None,0,0,False,,,,,,,,
CALL/SNY FLEX EURO PM @ 51 EXP 02/14/2025,,,,,,,,Options,"Call option on SNY — $51 strike, expires 02/14/2025",1,None,0,0,False,
CALL/SNY FLEX EURO PM @ 52 EXP 10/10/2025,,,,,,,,Options,"Call option on SNY — $52 strike, expires 10/10/2025",1,None,0,0,False,
CALL/SNY FLEX EURO PM @ 52 EXP 11/14/2025,,,,,,,,Options,"Call option on SNY — $52 strike, expires 11/14/2025",1,None,0,0,False,
CALL/SNY FLEX EURO PM @ 53 EXP 09/12/2025,,,,,,,,Options,"Call option on SNY — $53 strike, expires 09/12/2025",1,None,0,0,False,
CALL/SNY FLEX EURO PM @ 54 EXP 03/14/2025,,,,,,,,Options,"Call option on SNY — $54 strike, expires 03/14/2025",1,None,0,0,False,
CALL/SNY FLEX EURO PM @ 54 EXP 08/08/2025,,,,,,,,Options,"Call option on SNY — $54 strike, expires 08/08/2025",1,None,0,0,False,
CALL/SNY FLEX EURO PM @ 55 EXP 01/10/2025,,,,,,,,Options,"Call option on SNY — $55 strike, expires 01/10/2025",1,None,0,0,False,
CALL/SNY FLEX EURO PM @ 55 EXP 07/11/2025,,,,,,,,Options,"Call option on SNY — $55 strike, expires 07/11/2025",1,None,0,0,False,
CALL/SNY FLEX EURO PM @ 55 EXP 12/12/2025,,,,,,,,Options,"Call option on SNY — $55 strike, expires 12/12/2025",1,None,0,0,False,
CALL/SNY FLEX EURO PM @ 58 EXP 06/13/2025,,,,,,,,Options,"Call option on SNY — $58 strike, expires 06/13/2025",1,None,0,0,False,
CALL/SNY FLEX EURO PM @ 59 EXP 04/11/2025,,,,,,,,Options,"Call option on SNY — $59 strike, expires 04/11/2025",1,None,0,0,False,
CALL/SNY FLEX EURO PM @ 64 EXP 05/09/2025,,,,,,,,Options,"Call option on SNY — $64 strike, expires 05/09/2025",1,None,0,0,False,
CALL/STM FLEX EURO PM @ 26 EXP 06/13/2025,,,,,,,,Options,"Call option on STM — $26 strike, expires 06/13/2025",1,None,0,0,False,
CALL/STM FLEX EURO PM @ 28 EXP 04/11/2025,,,,,,,,Options,"Call option on STM — $28 strike, expires 04/11/2025",1,None,0,0,False,
CALL/STM FLEX EURO PM @ 29 EXP 02/14/2025,,,,,,,,Options,"Call option on STM — $29 strike, expires 02/14/2025",1,None,0,0,False,
CALL/STM FLEX EURO PM @ 29 EXP 03/14/2025,,,,,,,,Options,"Call option on STM — $29 strike, expires 03/14/2025",1,None,0,0,False,
CALL/STM FLEX EURO PM @ 30 EXP 05/09/2025,,,,,,,,Options,"Call option on STM — $30 strike, expires 05/09/2025",1,None,0,0,False,
CALL/STM FLEX EURO PM @ 31 EXP 01/10/2025,,,,,,,,Options,"Call option on STM — $31 strike, expires 01/10/2025",1,None,0,0,False,
CALL/TAK FLEX EURO PM @ 13.5 EXP 03/14/2025,,,,,,,,Options,"Call option on TAK — $13.5 strike, expires 03/14/2025",1,None,0,0,False,
CALL/TAK FLEX EURO PM @ 14 5 EXP 01/10/2025,,,,,,,,Options,"Call option on TAK — $5 strike, expires 01/10/2025",1,None,0,0,False,
CALL/TAK FLEX EURO PM @ 14 5 EXP 02/14/2025,,,,,,,,Options,"Call option on TAK — $5 strike, expires 02/14/2025",1,None,0,0,False,
CALL/TAK FLEX EURO PM @ 14 5 EXP 04/11/2025,,,,,,,,Options,"Call option on TAK — $5 strike, expires 04/11/2025",1,None,0,0,False,
CALL/TAK FLEX EURO PM @ 14 75 EXP 03/14/2025,,,,,,,,Options,"Call option on TAK — $75 strike, expires 03/14/2025",1,None,0,0,False,
CALL/TAK FLEX EURO PM @ 14 75 EXP 07/11/2025,,,,,,,,Options,"Call option on TAK — $75 strike, expires 07/11/2025",1,None,0,0,False,
CALL/TAK FLEX EURO PM @ 15 5 EXP 01/09/2026,,,,,,,,Options,"Call option on TAK — $5 strike, expires 01/09/2026",2,None,0,0,False,
CALL/TAK FLEX EURO PM @ 15 5 EXP 02/13/2026,,,,,,,,Options,"Call option on TAK — $5 strike, expires 02/13/2026",2,None,0,0,False,
CALL/TAK FLEX EURO PM @ 15 75 EXP 05/09/2025,,,,,,,,Options,"Call option on TAK — $75 strike, expires 05/09/2025",1,None,0,0,False,
CALL/TAK FLEX EURO PM @ 15 75 EXP 06/13/2025,,,,,,,,Options,"Call option on TAK — $75 strike, expires 06/13/2025",1,None,0,0,False,
CALL/TAK FLEX EURO PM @ 15 75 EXP 11/14/2025,,,,,,,,Options,"Call option on TAK — $75 strike, expires 11/14/2025",1,None,0,0,False,
CALL/TAK FLEX EURO PM @ 15 EXP 10/10/2025,,,,,,,,Options,"Call option on TAK — $15 strike, expires 10/10/2025",1,None,0,0,False,
CALL/TAK FLEX EURO PM @ 15 EXP 12/12/2025,,,,,,,,Options,"Call option on TAK — $15 strike, expires 12/12/2025",1,None,0,0,False,
CALL/TAK FLEX EURO PM @ 16 25 EXP 09/12/2025,,,,,,,,Options,"Call option on TAK — $25 strike, expires 09/12/2025",1,None,0,0,False,
CALL/TAK FLEX EURO PM @ 16 5 EXP 08/08/2025,,,,,,,,Options,"Call option on TAK — $5 strike, expires 08/08/2025",1,None,0,0,False,
CALL/TAK FLEX EURO PM @ 17 EXP 09/12/2025,,,,,,,,Options,"Call option on TAK — $17 strike, expires 09/12/2025",1,None,0,0,False,
CALL/TM FLEX EURO PM @ 190 EXP 09/12/2025,,,,,,,,Options,"Call option on TM — $190 strike, expires 09/12/2025",1,None,0,0,False,
CALL/TM FLEX EURO PM @ 210 EXP 07/11/2025,,,,,,,,Options,"Call option on TM — $210 strike, expires 07/11/2025",1,None,0,0,False,
CALL/TM FLEX EURO PM @ 212 5 EXP 11/14/2025,,,,,,,,Options,"Call option on TM — $5 strike, expires 11/14/2025",1,None,0,0,False,
CALL/TM FLEX EURO PM @ 220 EXP 01/09/2026,,,,,,,,Options,"Call option on TM — $220 strike, expires 01/09/2026",2,None,0,0,False,
CALL/TMUS FLEX EURO PM 225 EXP 01/02/2026,,,,,,,,Options,"Call option on TMUS — $225 strike, expires 01/02/2026",2,None,0,0,False,
CALL/TMUS FLEX EURO PM 265 EXP 11/07/2025,,,,,,,,Options,"Call option on TMUS — $265 strike, expires 11/07/2025",1,None,0,0,False,
CALL/TSM FLEX EURO PM @ 110 EXP 02/09/2024,Options,"Call option on Taiwan Semiconductor stock — $110 strike, expires 02/09/2024",2,None,0,0,False,,,,,,,,
CALL/TSM FLEX EURO PM @ 112.5 EXP 03/08/2024,Options,"Call option on Taiwan Semiconductor stock — $112.50 strike, expires 03/08/2024",2,None,0,0,False,,,,,,,,
CALL/TSM FLEX EURO PM @ 165 EXP 07/12/2024,Options,"Call option on Taiwan Semiconductor (TSMC) stock — $165 strike, expires 07/12/2024",2,None,0,0,False,,,,,,,,
CALL/TSM FLEX EURO PM @ 187 5 EXP 06/13/2025,,,,,,,,Options,"Call option on TSM — $5 strike, expires 06/13/2025",1,None,0,0,False,
CALL/TSM FLEX EURO PM @ 207 5 EXP 05/09/2025,,,,,,,,Options,"Call option on TSM — $5 strike, expires 05/09/2025",1,None,0,0,False,
CALL/TSM FLEX EURO PM @ 210 EXP 07/11/2025,,,,,,,,Options,"Call option on TSM — $210 strike, expires 07/11/2025",1,None,0,0,False,
CALL/TSM FLEX EURO PM @ 225 EXP 01/10/2025,,,,,,,,Options,"Call option on TSM — $225 strike, expires 01/10/2025",1,None,0,0,False,
CALL/TSM FLEX EURO PM @ 235 EXP 04/11/2025,,,,,,,,Options,"Call option on TSM — $235 strike, expires 04/11/2025",1,None,0,0,False,
CALL/TSM FLEX EURO PM @ 245 EXP 02/14/2025,,,,,,,,Options,"Call option on TSM — $245 strike, expires 02/14/2025",1,None,0,0,False,
CALL/TSM FLEX EURO PM @ 245 EXP 03/14/2025,,,,,,,,Options,"Call option on TSM — $245 strike, expires 03/14/2025",1,None,0,0,False,
CALL/TSM FLEX EURO PM @ 245 EXP 08/08/2025,,,,,,,,Options,"Call option on TSM — $245 strike, expires 08/08/2025",1,None,0,0,False,
CALL/TSM FLEX EURO PM @ 260 EXP 09/12/2025,,,,,,,,Options,"Call option on TSM — $260 strike, expires 09/12/2025",1,None,0,0,False,
CALL/TSM FLEX EURO PM @ 275 EXP 10/10/2025,,,,,,,,Options,"Call option on TSM — $275 strike, expires 10/10/2025",1,None,0,0,False,
CALL/TSM FLEX EURO PM @ 300 EXP 11/14/2025,,,,,,,,Options,"Call option on TSM — $300 strike, expires 11/14/2025",1,None,0,0,False,
CALL/TSM FLEX EURO PM @ 340 EXP 02/13/2026,,,,,,,,Options,"Call option on TSM — $340 strike, expires 02/13/2026",2,None,0,0,False,
CALL/TSM FLEX EURO PM @ 365 EXP 12/12/2025,,,,,,,,Options,"Call option on TSM — $365 strike, expires 12/12/2025",1,None,0,0,False,
CALL/TTE FLEX EURO PM @ 59 EXP 02/14/2025,,,,,,,,Options,"Call option on TTE — $59 strike, expires 02/14/2025",1,None,0,0,False,
CALL/TTE FLEX EURO PM @ 63 EXP 03/14/2025,,,,,,,,Options,"Call option on TTE — $63 strike, expires 03/14/2025",1,None,0,0,False,
CALL/TTE FLEX EURO PM @ 63 EXP 07/11/2025,,,,,,,,Options,"Call option on TTE — $63 strike, expires 07/11/2025",1,None,0,0,False,
CALL/TTE FLEX EURO PM @ 63 EXP 12/12/2025,,,,,,,,Options,"Call option on TTE — $63 strike, expires 12/12/2025",1,None,0,0,False,
CALL/TTE FLEX EURO PM @ 64 EXP 06/13/2025,,,,,,,,Options,"Call option on TTE — $64 strike, expires 06/13/2025",1,None,0,0,False,
CALL/TTE FLEX EURO PM @ 65 EXP 04/11/2025,,,,,,,,Options,"Call option on TTE — $65 strike, expires 04/11/2025",1,None,0,0,False,
CALL/TTE FLEX EURO PM @ 65 EXP 10/10/2025,,,,,,,,Options,"Call option on TTE — $65 strike, expires 10/10/2025",1,None,0,0,False,
CALL/TTE FLEX EURO PM @ 66 EXP 11/14/2025,,,,,,,,Options,"Call option on TTE — $66 strike, expires 11/14/2025",1,None,0,0,False,
CALL/TTE FLEX EURO PM @ 67 EXP 08/08/2025,,,,,,,,Options,"Call option on TTE — $67 strike, expires 08/08/2025",1,None,0,0,False,
CALL/TTE FLEX EURO PM @ 68 EXP 05/09/2025,,,,,,,,Options,"Call option on TTE — $68 strike, expires 05/09/2025",1,None,0,0,False,
CALL/TTE FLEX EURO PM @ 68 EXP 09/12/2025,,,,,,,,Options,"Call option on TTE — $68 strike, expires 09/12/2025",1,None,0,0,False,
CALL/TTE FLEX EURO PM @ 69 EXP 02/13/2026,,,,,,,,Options,"Call option on TTE — $69 strike, expires 02/13/2026",2,None,0,0,False,
CALL/TTE FLEX EURO PM @ 70 EXP 01/09/2026,,,,,,,,Options,"Call option on TTE — $70 strike, expires 01/09/2026",2,None,0,0,False,
CALL/TTE FLEX EURO PM @ 75 EXP 01/10/2025,,,,,,,,Options,"Call option on TTE — $75 strike, expires 01/10/2025",1,None,0,0,False,
CALL/UBS FLEX EURO PM @ 26 EXP 01/12/2024,Options,"Call option on UBS Group stock — $26 strike, expires 01/12/2024; European-style, PM-settled.",2,None,0,0,False,,,,,,,,
CALL/UBS FLEX EURO PM @ 33 EXP 06/13/2025,,,,,,,,Options,"Call option on UBS — $33 strike, expires 06/13/2025",1,None,0,0,False,
CALL/UBS FLEX EURO PM @ 35 EXP 01/10/2025,,,,,,,,Options,"Call option on UBS — $35 strike, expires 01/10/2025",1,None,0,0,False,
CALL/UBS FLEX EURO PM @ 35 EXP 02/14/2025,,,,,,,,Options,"Call option on UBS — $35 strike, expires 02/14/2025",1,None,0,0,False,
CALL/UBS FLEX EURO PM @ 35 EXP 07/11/2025,,,,,,,,Options,"Call option on UBS — $35 strike, expires 07/11/2025",1,None,0,0,False,
CALL/UBS FLEX EURO PM @ 35 EXP 08/08/2025,,,,,,,,Options,"Call option on UBS — $35 strike, expires 08/08/2025",1,None,0,0,False,
CALL/UBS FLEX EURO PM @ 36 EXP 03/14/2025,,,,,,,,Options,"Call option on UBS — $36 strike, expires 03/14/2025",1,None,0,0,False,
CALL/UBS FLEX EURO PM @ 37 EXP 04/11/2025,,,,,,,,Options,"Call option on UBS — $37 strike, expires 04/11/2025",1,None,0,0,False,
CALL/UBS FLEX EURO PM @ 37 EXP 05/09/2025,,,,,,,,Options,"Call option on UBS — $37 strike, expires 05/09/2025",1,None,0,0,False,
CALL/UBS FLEX EURO PM @ 39 EXP 09/12/2025,,,,,,,,Options,"Call option on UBS — $39 strike, expires 09/12/2025",1,None,0,0,False,
CALL/UBS FLEX EURO PM @ 42 EXP 01/09/2026,,,,,,,,Options,"Call option on UBS — $42 strike, expires 01/09/2026",2,None,0,0,False,
CALL/UBS FLEX EURO PM @ 43 EXP 10/10/2025,,,,,,,,Options,"Call option on UBS — $43 strike, expires 10/10/2025",1,None,0,0,False,
CALL/UBS FLEX EURO PM @ 45 EXP 11/14/2025,,,,,,,,Options,"Call option on UBS — $45 strike, expires 11/14/2025",1,None,0,0,False,
CALL/UBS FLEX EURO PM @ 45 EXP 12/12/2025,,,,,,,,Options,"Call option on UBS — $45 strike, expires 12/12/2025",1,None,0,0,False,
CALL/UBS FLEX EURO PM @ 47 EXP 02/13/2026,,,,,,,,Options,"Call option on UBS — $47 strike, expires 02/13/2026",2,None,0,0,False,
CALL/UL FLEX EURO PM @ 50 EXP 06/14/2024,Options,"Call option on Unilever stock — $50 strike, expires 06/14/2024.",2,None,0,0,False,,,,,,,,
CALL/UL FLEX EURO PM @ 58 EXP 04/11/2025,,,,,,,,Options,"Call option on UL — $58 strike, expires 04/11/2025",1,None,0,0,False,
CALL/UL FLEX EURO PM @ 60 EXP 03/14/2025,,,,,,,,Options,"Call option on UL — $60 strike, expires 03/14/2025",1,None,0,0,False,
CALL/UL FLEX EURO PM @ 61 EXP 09/13/2024,Options,"Call option on Unilever shares — $61 strike, expires 09/13/2024",2,None,0,0,False,,,,,,,,
CALL/UL FLEX EURO PM @ 63 EXP 01/10/2025,,,,,,,,Options,"Call option on UL — $63 strike, expires 01/10/2025",1,None,0,0,False,
CALL/UL FLEX EURO PM @ 63 EXP 02/14/2025,,,,,,,,Options,"Call option on UL — $63 strike, expires 02/14/2025",1,None,0,0,False,
CALL/UL FLEX EURO PM @ 64 EXP 01/09/2026,,,,,,,,Options,"Call option on UL — $64 strike, expires 01/09/2026",1,None,0,0,False,
CALL/UL FLEX EURO PM @ 64 EXP 10/10/2025,,,,,,,,Options,"Call option on UL — $64 strike, expires 10/10/2025",1,None,0,0,False,
CALL/UL FLEX EURO PM @ 65 EXP 05/09/2025,,,,,,,,Options,"Call option on UL — $65 strike, expires 05/09/2025",1,None,0,0,False,
CALL/UL FLEX EURO PM @ 65 EXP 07/11/2025,,,,,,,,Options,"Call option on UL — $65 strike, expires 07/11/2025",1,None,0,0,False,
CALL/UL FLEX EURO PM @ 65 EXP 09/12/2025,,,,,,,,Options,"Call option on UL — $65 strike, expires 09/12/2025",1,None,0,0,False,
CALL/UL FLEX EURO PM @ 65 EXP 12/12/2025,,,,,,,,Options,"Call option on UL — $65 strike, expires 12/12/2025",1,None,0,0,False,
CALL/UL FLEX EURO PM @ 67 EXP 11/14/2025,,,,,,,,Options,"Call option on UL — $67 strike, expires 11/14/2025",1,None,0,0,False,
CALL/UL FLEX EURO PM @ 68 EXP 06/13/2025,,,,,,,,Options,"Call option on UL — $68 strike, expires 06/13/2025",1,None,0,0,False,
CALL/UL FLEX EURO PM @ 68 EXP 08/08/2025,,,,,,,,Options,"Call option on UL — $68 strike, expires 08/08/2025",1,None,0,0,False,
CALL/UL FLEX EURO PM @ 70 EXP 02/13/2026,,,,,,,,Options,"Call option on UL — $70 strike, expires 02/13/2026",2,None,0,0,False,
CALL/UL FLEX EURO PM @ 70 EXP 03/13/2026,,,,,,,,Options,"Call option on UL — $70 strike, expires 03/13/2026",2,None,0,0,False,
CALL/UNH FLEX EURO PM @ 575 EXP 04/04/2025,,,,,,,,Options,"Call option on UNH — $575 strike, expires 04/04/2025",1,None,0,0,False,
CALL/UNH FLEX EURO PM @ 610 EXP 06/06/2025,,,,,,,,Options,"Call option on UNH — $610 strike, expires 06/06/2025",1,None,0,0,False,
CALL/UNH FLEX EURO PM @ 615 EXP 02/07/2025,Options,"Call option on UnitedHealth Group stock — $615 strike, expires 02/07/2025; European-style, PM-settled.",1,None,0,0,False,Options,"Call option on UNH — $615 strike, expires 02/07/2025",1,None,0,0,False,same_reported_range
CALL/WMT FLEX EURO PM @ 125 EXP 02/06/2026,,,,,,,,Options,"Call option on WMT — $125 strike, expires 02/06/2026",2,None,0,0,False,
CALL/WMT FLEX EURO PM @ 127 5 EXP 03/06/2026,,,,,,,,Options,"Call option on WMT — $5 strike, expires 03/06/2026",2,None,0,0,False,
CALL/XYL FLEX EURO PM @ 125 EXP 06/06/2025,,,,,,,,Options,"Call option on XYL — $125 strike, expires 06/06/2025",1,None,0,0,False,
CALL/XYL FLEX EURO PM @ 127 5 EXP 03/07/2025,,,,,,,,Options,"Call option on XYL — $5 strike, expires 03/07/2025",1,None,0,0,False,
CALL/XYL FLEX EURO PM @ 132 5 EXP 07/03/2025,,,,,,,,Options,"Call option on XYL — $5 strike, expires 07/03/2025",1,None,0,0,False,
CALL/XYL FLEX EURO PM @ 132.5 EXP 01/03/2025,Options,"Call option on Xylem stock — $132.50 strike, expires 01/03/2025.",1,None,0,0,False,Options,"Call option on XYL — $132.5 strike, expires 01/03/2025",1,None,0,0,False,same_reported_range
CALL/XYL FLEX EURO PM @ 137 5 EXP 02/07/2025,,,,,,,,Options,"Call option on XYL — $5 strike, expires 02/07/2025",1,None,0,0,False,
CALL/XYL FLEX EURO PM @ 137.5 EXP 02/07/2025,Options,"Call option on Xylem stock — $137.50 strike, expires 02/07/2025",1,None,0,0,False,,,,,,,,
CALL/XYL FLEX EURO PM @ 140 EXP 04/04/2025,,,,,,,,Options,"Call option on XYL — $140 strike, expires 04/04/2025",1,None,0,0,False,
CALL/XYL FLEX EURO PM @ 142.5 EXP 05/02/2025,,,,,,,,Options,"Call option on XYL — $142.5 strike, expires 05/02/2025",1,None,0,0,False,
CALLAWAY GOLF COMPANY CMN,,,,,,,,Common stock,Real estate or club/property interest — Callaway Golf Company CMN,2,"$1,001-$15,000 | $50,001-$100,000",51002,115000,False,
CAMDEN PROPERTY TRUST CMN,Common stock,"Common stock of Camden Property Trust, an apartment real estate investment trust",1,"$1,001-$15,000",1001,15000,False,Common stock,"Common stock of Camden Property Trust, an apartment real estate investment trust",2,"None | $1,001-$15,000",1001,15000,False,same_reported_range
CANADIAN IMPERIAL BANK 1 25% 06/22/2026 USD SR LIEN,,,,,,,,Preferred & hybrid securities,Preferred / hybrid perpetual security issued by Canadian Imperial Bank 1 25% 06/22/2026 USD SR Lien,1,"$1,001-$15,000",1001,15000,False,
CANADIAN IMPERIAL BANK 1.25% 06/22/2026 USD SR LIEN,Preferred & hybrid securities,"Senior U.S.-dollar bond of Canadian Imperial Bank of Commerce — 1.25% coupon, matures 2026",1,"$1,001-$15,000",1001,15000,False,,,,,,,,
CANADIAN IMPERIAL BANK OF COMM 0.95% 10/23/2025 SR LIEN,Preferred & hybrid securities,"Senior bond of Canadian Imperial Bank of Commerce, 0.95%, maturing October 2025",1,"$15,001-$50,000",15001,50000,False,,,,,,,,
CANADIAN IMPERIAL BANK OF COMM 3.6% 04/07/2032 USD,Municipal & gov bonds,"Bond of Canadian Imperial Bank of Commerce; 3.6% interest, matures April 2032.",1,None,0,0,False,,,,,,,,
CANADIAN IMPERIAL BANK OF COMM 3.6% 04/07/2032 USD SR LIEN,Preferred & hybrid securities,"Senior bond of Canadian Imperial Bank of Commerce — 3.6% coupon, maturing April 2032",1,"$1,001-$15,000",1001,15000,False,,,,,,,,
CANADIAN IMPERIAL BANK OF COMM 5 986 % 10/03/2028 USD SR LIEN,,,,,,,,Preferred & hybrid securities,Preferred / hybrid perpetual security issued by Canadian Imperial Bank of Comm 5 986 % 10/03/2028 USD SR Lien,1,"$1,001-$15,000",1001,15000,False,
CANADIAN IMPERIAL BANK OF COMM 5.986% 10/03/2028 USD SR LIEN,Preferred & hybrid securities,"Senior bond of Canadian Imperial Bank of Commerce; 5.986%, due October 2028.",1,"$1,001-$15,000",1001,15000,False,,,,,,,,
CANADIAN IMPERIAL BANK OF COMM LINKED TO BASKET OF INDICES,Structured notes,Structured note issued by Canadian Imperial Bank of Commerce tied to a basket of indexes.,3,None,0,0,False,,,,,,,,
CANADIAN IMPERIAL BANK OF COMM LINKED TO BASKET OF INDICES UPSIDE L,Structured notes,"Canadian Imperial Bank of Commerce structured note tied to a stock index basket, leveraged upside",3,"$50,001-$100,000",150003,300000,False,Structured notes,"Canadian Imperial Bank of Commerce structured note tied to a stock index basket, leveraged upside",3,"$15,001-$50,000 | $50,001-$100,000",80003,200000,False,overlapping_reported_ranges
CANADIAN IMPERIAL BANK OF COMM LINKED TO S&P 500 INDEX,Structured notes,"Structured note issued by Canadian Imperial Bank of Commerce, linked to the S&P 500",3,None,0,0,False,,,,,,,,
CANADIAN IMPERIAL BANK OF COMM LINKED TO S&P 500 INDEX BUFFERED CA,Structured notes,"Canadian Imperial Bank structured note tied to the S&P 500, buffered with capped upside",5,"$100,001-$250,000 | $50,001-$100,000",350005,800000,False,,,,,,,,
CANADIAN IMPERIAL BANK OF COMM LINKED TO S&P 500 INDEX CNTNGNT CPN,Structured notes,"Structured note from Canadian Imperial Bank of Commerce tied to the S&P 500, paying contingent coupons.",6,"$15,001-$50,000 | $50,001-$100,000 | $100,001-$250,000",245006,600000,False,Structured notes,"Structured note from Canadian Imperial Bank of Commerce tied to the S&P 500, paying contingent coupons.",5,"$50,001-$100,000 | $100,001-$250,000",350005,800000,False,overlapping_reported_ranges
CANADIAN IMPERIAL BANK OF COMM LINKED TO S&P 500 INDEX UPSIDE LEVER,,,,,,,,Structured notes,Structured note by Canadian Imperial Bank of — return linked to S&P 500 Index Upside Lever,2,"$50,001-$100,000",100002,200000,False,
CAP GEMINI ADR CMN,,,,,,,,Common stock,Common stock of CAP Gemini,1,"$15,001-$50,000",15001,50000,False,
CAPITAL ONE FINANCIAL CORP CMN,Common stock,"Common stock of Capital One, a bank and credit card company.",4,"$15,001-$50,000 | $1,001-$15,000",32004,130000,False,Common stock,"Common stock of Capital One, a bank and credit card company.",6,"$15,001-$50,000 | $1,001-$15,000",62006,230000,False,overlapping_reported_ranges
CAPITAL ONE FINANCIAL CORPORAT HYBRID PERPETUAL SER O JRSUB LIEN C,Preferred & hybrid securities,"Perpetual junior subordinated preferred security issued by Capital One, Series O",1,"$1,001-$15,000",1001,15000,False,,,,,,,,
CAPITAL ONE FINANCIAL CORPORAT HYBRID PERPETUAL SER P JRSUB LIEN C,Preferred & hybrid securities,"Perpetual hybrid junior-subordinated security of Capital One Financial, Series P.",1,"$1,001-$15,000",1001,15000,False,,,,,,,,
CAPITAL ONE FINANCIAL CORPORAT HYBRID PERPETUAL USD JRSUB LIEN CP,,,,,,,,Preferred & hybrid securities,Preferred / hybrid perpetual security issued by Capital ONE Financial Corporat,2,"$1,001-$15,000",2002,30000,False,
CAPITAL ONE FINANCIAL CORPORAT HYBRID PERPETUAL USD SER M JRSUB L,Preferred & hybrid securities,"Perpetual junior subordinated preferred security of Capital One Financial, Series M.",1,"$1,001-$15,000",1001,15000,False,Preferred & hybrid securities,"Perpetual junior subordinated preferred security of Capital One Financial, Series M.",1,"$1,001-$15,000",1001,15000,False,same_reported_range
CAPITAL ONE FINANCIAL CORPORAT HYBRID PERPETUAL USD SER M JRSUB LI,Preferred & hybrid securities,Perpetual junior subordinated preferred security of Capital One (Series M),1,"$1,001-$15,000",1001,15000,False,Preferred & hybrid securities,Perpetual junior subordinated preferred security of Capital One (Series M),1,"$1,001-$15,000",1001,15000,False,same_reported_range
CAPRI HOLDINGS LIMITED CMN,Common stock,"Common stock of Capri Holdings, parent of Michael Kors and Versace",1,"$1-$1,000",1,1000,False,Common stock,"Common stock of Capri Holdings, parent of Michael Kors and Versace",1,None,0,0,False,lower
CARDINAL HEALTH INC CMN,,,,,,,,Common stock,Common stock of Cardinal Health Inc,2,"$1,001-$15,000 | None",1001,15000,False,
"CARDINAL HEALTH, INC. CMN",Common stock,"Common stock of Cardinal Health, a pharmaceutical and medical products distributor",3,"$1,001-$15,000 | None",2002,30000,False,,,,,,,,
CARIBBEAN REAL ESTATE OPPORTUNITY FUND 2005 L.P,,,,,,,,Hedge funds & private funds,Private fund / partnership interest — Caribbean Real Estate Opportunity Fund 2005 L.P,1,"$1,001-$15,000",1001,15000,False,
"CARIBBEAN REAL ESTATE OPPORTUNITY FUND 2005, L.P.",Hedge funds & private funds,"Private partnership investing in Caribbean real estate opportunities, formed in 2005.",1,"$15,001-$50,000",15001,50000,False,,,,,,,,
CARLYLE OPPORTUNITIES ACCESS LLC,Hedge funds & private funds,Private fund providing access to a Carlyle Group private equity strategy.,2,"$500,001-$1,000,000 | $1,000,001-$5,000,000",1500002,6000000,False,Hedge funds & private funds,Private fund providing access to a Carlyle Group private equity strategy.,2,"$100,001-$250,000 | $500,001-$1,000,000",600002,1250000,False,lower
"CARMAX, INC CMN",,,,,,,,Common stock,"Common stock of Carmax, Inc",6,"$1,001-$15,000 | None",4004,60000,False,
"CARMAX, INC. CMN",Common stock,"Common stock of CarMax, the largest U.S. used-car retailer",6,"$15,001-$50,000 | $1,001-$15,000",34006,160000,False,,,,,,,,
CARNIVAL CORPORATION CMN,Common stock,"Common stock of Carnival, a major cruise line operator.",3,"$1,001-$15,000 | None",2002,30000,False,Common stock,"Common stock of Carnival, a major cruise line operator.",3,"None | $1,001-$15,000",1001,15000,False,overlapping_reported_ranges
CARPENTER TECHNOLOGY CORP,,,,,,,,Common stock,Common stock of Carpenter Technology Corp,2,"$1,001-$15,000",2002,30000,False,
CARRIER GLOBAL CORPORATION CMN,Common stock,"Common stock of Carrier Global, a heating and air-conditioning equipment maker.",3,"$1,001-$15,000",3003,45000,False,Common stock,"Common stock of Carrier Global, a heating and air-conditioning equipment maker.",3,"None | $1,001-$15,000",1001,15000,False,overlapping_reported_ranges
"CARTER'S, INC. CMN",Common stock,"Common stock of Carter's, a children's apparel company",3,None,0,0,False,,,,,,,,
CASH,,,,,,,,Cash & deposits,Cash or bank deposit,4,"$1,001-$15,000 | $15,001-$50,000 | $1-$1,000",16004,67000,False,
"CATALENT, INC. CMN",Common stock,"Common stock of Catalent, a pharmaceutical contract manufacturing company",1,None,0,0,False,,,,,,,,
CATERPILLAR INC (DELAWARE) CMN,Common stock,"Common stock of Caterpillar, the construction and mining equipment maker",7,"$15,001-$50,000 | $1,001-$15,000 | $50,001-$100,000",112007,330000,False,Common stock,"Common stock of Caterpillar, the construction and mining equipment maker",7,"None | $15,001-$50,000 | $50,001-$100,000",95004,250000,False,overlapping_reported_ranges
CBM INVESTORS L P,,,,,,,,Other,Reported asset or transaction line item — CBM Investors L P,1,"$100,001-$250,000",100001,250000,False,
CBM INVESTORS L.P,,,,,,,,Hedge funds & private funds,Private fund / partnership interest — CBM Investors L.P,1,"$100,001-$250,000",100001,250000,False,
"CBM INVESTORS, L.P.",Hedge funds & private funds,Private investment partnership; strategy not identifiable from name.,2,"$250,001-$500,000 | $500,001-$1,000,000",750002,1500000,False,,,,,,,,
CBRE GROUP INC CMN CLASS A,,,,,,,,Common stock,Common stock of Cbre Group Inc,3,"$1,001-$15,000",3003,45000,False,
"CBRE GROUP, INC. CMN CLASS A",Common stock,"Class A common stock of CBRE, a commercial real estate services firm | Class A common stock of CBRE Group, a commercial real estate services firm.",2,"None | $1,001-$15,000",1001,15000,False,,,,,,,,
CBRE GROUP. INC. CMN CLASS A,Common stock,"Class A common stock of CBRE Group, a commercial real estate services firm.",1,"$1,001-$15,000",1001,15000,False,,,,,,,,
CDW CORPORATION CMN,Common stock,"Common stock of CDW, a technology products and IT services reseller",3,"None | $1,001-$15,000",1001,15000,False,Common stock,"Common stock of CDW, a technology products and IT services reseller",3,"None | $1,001-$15,000",1001,15000,False,same_reported_range
CELANESE CORPORATION COMMON STOCK,Common stock,"Common stock of Celanese, a specialty chemicals and materials producer",3,"$1,001-$15,000 | None",1001,15000,False,Common stock,"Common stock of Celanese, a specialty chemicals and materials producer",2,None,0,0,False,lower
CENCORA INC CMN,Common stock,"Common stock of Cencora (formerly AmerisourceBergen), a pharmaceutical distribution company",3,"$1,001-$15,000",3003,45000,False,Common stock,"Common stock of Cencora (formerly AmerisourceBergen), a pharmaceutical distribution company",3,"$1,001-$15,000",3003,45000,False,same_reported_range
CENCORA INC COM,,,,,,,,Common stock,Common stock of Cencora Inc,2,"$1,001-$15,000",2002,30000,False,
CENTENE CORPORATION CMN,Common stock,"Common stock of Centene, a managed-care health insurer focused on government programs.",3,"$1,001-$15,000 | None",1001,15000,False,Common stock,"Common stock of Centene, a managed-care health insurer focused on government programs.",2,"$1,001-$15,000",2002,30000,False,overlapping_reported_ranges
CENTERPOINT ENERGY INC CMN,,,,,,,,Common stock,Common stock of Centerpoint Energy Inc,1,"$1,001-$15,000",1001,15000,False,
CENTERPOINT ENERGY INC HYBRID 02/15/2055 USD,,,,,,,,Preferred & hybrid securities,Preferred / hybrid perpetual security issued by Centerpoint Energy Inc,1,None,0,0,False,
CENTERPOINT ENERGY INC HYBRID 02/15/2055 USD SER B SR LIEN CPN 08/14/,,,,,,,,Preferred & hybrid securities,Preferred / hybrid perpetual security issued by Centerpoint Energy Inc,2,"$1-$1,000 | $1,001-$15,000",1002,16000,False,
CENTERPOINT ENERGY RES 1.75% 10/01/2030 USD SR LIEN,Preferred & hybrid securities,"Senior bond of CenterPoint Energy Resources, a natural gas utility; 1.75% interest, matures October 2030.",1,"$1,001-$15,000",1001,15000,False,,,,,,,,
"CENTERPOINT ENERGY, INC CMN",Common stock,"Common stock of CenterPoint Energy, a Texas-based electric and gas utility",1,"$1,001-$15,000",1001,15000,False,,,,,,,,
"CENTERPOINT ENERGY, INC HYBRID 02/15/2055",Preferred & hybrid securities,"Long-dated hybrid security of CenterPoint Energy, a utility; matures February 2055.",1,None,0,0,False,,,,,,,,
"CENTERPOINT ENERGY, INC HYBRID 02/15/2055 USD SER B SR LIEN CPN 08/14/",Preferred & hybrid securities,"Long-dated hybrid note of CenterPoint Energy, a utility; Series B, maturing February 2055.",1,"$1,001-$15,000",1001,15000,False,,,,,,,,
CF INDUSTRIES HOLDINGS INC CMN,,,,,,,,Common stock,Common stock of CF Industries Holdings Inc,2,None,0,0,False,
"CF INDUSTRIES HOLDINGS, INC. CMN",Common stock,"Common stock of CF Industries, a nitrogen fertilizer producer",3,"$1,001-$15,000 | None",1001,15000,False,,,,,,,,
CHARLES RIV LABS INTL INC CMN,Common stock,"Common stock of Charles River Laboratories, a drug-research services provider",3,None,0,0,False,,,,,,,,
CHARLES RIVER LABORATORIES INT CMN,Common stock,"Common stock of Charles River Laboratories, a drug research and laboratory services provider",3,"$1,001-$15,000 | None",1001,15000,False,Common stock,"Common stock of Charles River Laboratories, a drug research and laboratory services provider",2,None,0,0,False,lower
CHARLES SCHWAB CORPORATION (TH HYBRID PERPETUAL USD SER G JRSUB,Preferred & hybrid securities,Perpetual junior subordinated preferred security of brokerage firm Charles Schwab,1,"$1,001-$15,000",1001,15000,False,,,,,,,,
CHARLES SCHWAB CORPORATION (TH HYBRID PERPETUAL USD SER H JRSUB,Preferred & hybrid securities,"Perpetual junior subordinated security of brokerage firm Charles Schwab, similar to preferred stock.",2,"$1,001-$15,000",2002,30000,False,Preferred & hybrid securities,"Perpetual junior subordinated security of brokerage firm Charles Schwab, similar to preferred stock.",2,"$1,001-$15,000",2002,30000,False,same_reported_range
CHARLES SCHWAB CORPORATION (TH HYBRID PERPETUAL USD SER K JRSUB,Preferred & hybrid securities,"Perpetual junior subordinated preferred security issued by Charles Schwab, Series K",2,"$1,001-$15,000",2002,30000,False,Preferred & hybrid securities,"Perpetual junior subordinated preferred security issued by Charles Schwab, Series K",2,"$1,001-$15,000",2002,30000,False,same_reported_range
CHARLES SCHWAB CORPORATION CMN,Common stock,"Common stock of Charles Schwab, the brokerage and financial services firm.",3,"$15,001-$50,000 | $1,001-$15,000",31003,115000,False,Common stock,"Common stock of Charles Schwab, the brokerage and financial services firm.",3,"$15,001-$50,000",45003,150000,False,overlapping_reported_ranges
CHART INDUSTRIES INC CMN,,,,,,,,Common stock,Common stock of Chart Industries Inc,1,None,0,0,False,
"CHART INDUSTRIES, INC. CMN",Common stock,"Common stock of Chart Industries, maker of cryogenic gas-handling equipment.",1,"$50,001-$100,000",50001,100000,False,,,,,,,,
CHARTER COMMUNICATIONS INC CMN,,,,,,,,Common stock,Common stock of Charter Communications Inc,2,"$1,001-$15,000",2002,30000,False,
"CHARTER COMMUNICATIONS, INC. CMN",Common stock,"Common stock of Charter Communications, cable and broadband provider under the Spectrum brand",3,"$1,001-$15,000 | None | $15,001-$50,000",16002,65000,False,,,,,,,,
CHEMED CORP CMN,Common stock,"Common stock of Chemed, parent of VITAS hospice care and Roto-Rooter plumbing",1,None,0,0,False,,,,,,,,
CHEMOURS COMPANY (THE) CMN,Common stock,"Common stock of Chemours, a chemicals maker spun off from DuPont",2,None,0,0,False,,,,,,,,
CHEVRON CORP NEW COM,,,,,,,,Common stock,Common stock of Chevron Corp New,2,"$1,001-$15,000",2002,30000,False,
CHEVRON CORPORATION CMN,Common stock,"Common stock of Chevron, the major oil and gas company.",1,"$50,001-$100,000",50001,100000,False,Common stock,"Common stock of Chevron, the major oil and gas company.",1,None,0,0,False,lower
CHIPOTLE MEXICAN GRILL INC CMN,,,,,,,,Common stock,Common stock of Chipotle Mexican Grill Inc,3,"None | $1,001-$15,000",2002,30000,False,
"CHIPOTLE MEXICAN GRILL, INC. CMN",Common stock,"Common stock of Chipotle Mexican Grill, a fast-casual restaurant chain",3,"$1,001-$15,000 | None",2002,30000,False,,,,,,,,
CHUBB LIMITED CMN,Common stock,"Common stock of Chubb, a global property and casualty insurer",3,"$1,001-$15,000 | $15,001-$50,000 | None",16002,65000,False,Common stock,"Common stock of Chubb, a global property and casualty insurer",3,"$15,001-$50,000",45003,150000,False,overlapping_reported_ranges
CHUBB LIMITED COM NPV,Common stock,"Common stock of Chubb, a global property and casualty insurer",3,"$1,001-$15,000",3003,45000,False,Common stock,"Common stock of Chubb, a global property and casualty insurer",3,"$1,001-$15,000",3003,45000,False,same_reported_range
CHURCH & DWIGHT CO INC 5.6% 11/15/2032 USD,Municipal & gov bonds,"Bond of Church & Dwight, consumer-products maker (Arm & Hammer); 5.6%, maturing November 2032.",1,None,0,0,False,,,,,,,,
CHURCH & DWIGHT CO INC 5.6% 11/15/2032 USD SR LIEN,Preferred & hybrid securities,"Senior bond of consumer products maker Church & Dwight, 5.6% coupon, due 11/15/2032",1,"$1,001-$15,000",1001,15000,False,,,,,,,,
CHURCH & DWIGHT CO INC CMN,,,,,,,,Common stock,Common stock of Church & Dwight CO Inc,2,"None | $1,001-$15,000",1001,15000,False,
"CHURCH & DWIGHT CO., INC. CMN",Common stock,"Common stock of Church & Dwight, maker of Arm & Hammer household products",3,"None | $1,001-$15,000",1001,15000,False,,,,,,,,
CIENA CORPORATION CMN,,,,,,,,Common stock,Common stock of Ciena Corporation,1,None,0,0,False,
CIGNA CORP 2 375% 03/15/2031 USD SR LIEN,,,,,,,,Preferred & hybrid securities,Preferred / hybrid perpetual security issued by Cigna Corp 2 375% 03/15/2031 USD SR Lien,1,"$15,001-$50,000",15001,50000,False,
CIGNA CORP 2.375% 03/15/2031 USD,Municipal & gov bonds,"Corporate bond of health insurer Cigna — 2.375% coupon, matures March 2031",1,None,0,0,False,,,,,,,,
CIGNA CORP 2.375% 03/15/2031 USD SR LIEN,Preferred & hybrid securities,"Senior bond of health insurer Cigna; 2.375% coupon, matures 2031.",1,"$15,001-$50,000",15001,50000,False,,,,,,,,
CIGNA GROUP/THE CMN,Common stock,"Common stock of Cigna Group, a health insurance and pharmacy benefits company",3,"None | $1,001-$15,000",1001,15000,False,Common stock,"Common stock of Cigna Group, a health insurance and pharmacy benefits company",3,"$1,001-$15,000 | None",2002,30000,False,overlapping_reported_ranges
CINCINNATI FINANCIAL CRP CMN,Common stock,"Common stock of Cincinnati Financial, a property-casualty insurance company",3,"$1,001-$15,000 | None",1001,15000,False,Common stock,"Common stock of Cincinnati Financial, a property-casualty insurance company",2,"$1,001-$15,000 | None",1001,15000,False,same_reported_range
CINCINNATI OHIO CITY SCH DIST COPS 5.0000% 12/15/27 JD,Municipal & gov bonds,"Cincinnati school district certificates of participation — 5% coupon, maturing December 2027",1,None,0,0,False,,,,,,,,
CINCINNATI OHIO CITY SCH DIST GO 5 2500% 12/01/25 JD,,,,,,,,Municipal & gov bonds,"Municipal bond — Cincinnati Ohio City, 2500% coupon, due 12/01/25, pays Jun/Dec",1,None,0,0,False,
CINCINNATI OHIO CITY SCH DIST GO 5.2500% 12/01/24 JD,Municipal & gov bonds,"Cincinnati, Ohio city school district general obligation bond, 5.25%, due December 2024.",1,None,0,0,False,,,,,,,,
CINCINNATI OHIO GO 5% 12/01/26 JD UNLTD TAX VARIOUS PURP GO IMPT BDS,,,,,,,,Municipal & gov bonds,"Municipal bond — Cincinnati Ohio, 5% coupon",1,"$1,001-$15,000",1001,15000,False,
CINCINNATI OHIO WTR SYS REV REV 4% 12/01/25 JD,Municipal & gov bonds,"Cincinnati, Ohio water system revenue bond, 4% coupon, due 12/01/2025",1,None,0,0,False,,,,,,,,
CINCINNATI OHIO WTR SYS REV REV 4% 12/01/25 JD REV REF BDS 2017 A BEO,Municipal & gov bonds,"Cincinnati, Ohio water system revenue refunding bond, 4% coupon, maturing December 2025",1,"$100,001-$250,000",100001,250000,False,,,,,,,,
CINCINNATI OHIO WTR SYS REV REV 5% 12/01/24 JD,Municipal & gov bonds,"Cincinnati, Ohio water system revenue bond — 5% coupon, matures December 2024",1,None,0,0,False,,,,,,,,
CINCINNATI OHIO WTR SYS REV REV 5% 12/01/25 JD,,,,,,,,Municipal & gov bonds,"Municipal bond — Cincinnati Ohio WTR SYS, 5% coupon, due 12/01/25, pays Jun/Dec",1,None,0,0,False,
CINCINNATI OHIO WTR SYS REV REV 5% 12/01/36 JD,,,,,,,,Municipal & gov bonds,"Municipal bond — Cincinnati Ohio WTR SYS, 5% coupon, due 12/01/36, pays Jun/Dec",1,"$15,001-$50,000",15001,50000,False,
CINCINNATI OHIO WTR SYS REV REV 5% 12/01/36 JD REV AND REF BDS A PRER,,,,,,,,Municipal & gov bonds,"Municipal bond — Cincinnati Ohio WTR SYS, 5% coupon",1,"$1,001-$15,000",1001,15000,False,
CINTAS CORPORATION CMN,Common stock,"Common stock of Cintas, a uniform rental and business services company.",3,"None | $1,001-$15,000 | $15,001-$50,000",16002,65000,False,Common stock,"Common stock of Cintas, a uniform rental and business services company.",3,"$1,001-$15,000",3003,45000,False,overlapping_reported_ranges
CISCO SYSTEMS INC,Common stock,"Common stock of Cisco Systems, a computer networking equipment maker",3,"$15,001-$50,000 | $1,001-$15,000",31003,115000,False,Common stock,"Common stock of Cisco Systems, a computer networking equipment maker",3,"$1,001-$15,000",3003,45000,False,overlapping_reported_ranges
CISCO SYSTEMS INC CMN,,,,,,,,Common stock,Common stock of Cisco Systems Inc,3,"$15,001-$50,000 | $50,001-$100,000",80003,200000,False,
"CISCO SYSTEMS, INC. CMN",Common stock,"Common stock of Cisco Systems, the computer networking equipment company",5,"None | $15,001-$50,000 | $1,001-$15,000",31003,115000,False,,,,,,,,
CITIBANK CHECKING,Cash & deposits,Cash held in a Citibank checking account,2,"$1-$1,000 | $250,001-$500,000",250002,501000,False,Cash & deposits,Cash held in a Citibank checking account,2,"$1-$1,000 | $250,001-$500,000",250002,501000,False,same_reported_range
CITIBANK SAVINGS,Cash & deposits,Bank savings deposit account held at Citibank.,2,"$500,001-$1,000,000 | $250,001-$500,000",750002,1500000,False,Cash & deposits,Bank savings deposit account held at Citibank.,2,"$500,001-$1,000,000 | $250,001-$500,000",750002,1500000,False,same_reported_range
CITIGROUP INC 4 125 / 07/25/2028 USD SUB LIEN,,,,,,,,Common stock,Common stock of Citigroup Inc 4 125 / 07/25/2028 USD SUB Lien,1,"$1,001-$15,000",1001,15000,False,
CITIGROUP INC 4.125% 07/25/2028 USD SUB LIEN,Municipal & gov bonds,"Subordinated bond of Citigroup, 4.125% coupon, due 07/25/2028",1,"$1,001-$15,000",1001,15000,False,,,,,,,,
CITIGROUP INC CMN,,,,,,,,Common stock,Common stock of Citigroup Inc,3,"$15,001-$50,000",45003,150000,False,
CITIGROUP INC HYBRID 04/23/2029 USD SR LIEN CPN 04/23/18 4 075%,,,,,,,,Preferred & hybrid securities,Preferred / hybrid perpetual security issued by Citigroup Inc,1,"$1,001-$15,000",1001,15000,False,
CITIGROUP INC HYBRID 06/09/2027 USD SR LIEN CPN 06/09/21 1 462%,,,,,,,,Preferred & hybrid securities,Preferred / hybrid perpetual security issued by Citigroup Inc,1,"$15,001-$50,000",15001,50000,False,
CITIGROUP INC HYBRID PERPETUAL JRSUB LIEN CPN 12/10/25 6 625%,,,,,,,,Preferred & hybrid securities,Preferred / hybrid perpetual security issued by Citigroup Inc,2,"$1,001-$15,000",2002,30000,False,
CITIGROUP INC HYBRID PERPETUAL SER T SUB LIEN CPN 04/25/16 6 25 %,,,,,,,,Preferred & hybrid securities,Preferred / hybrid perpetual security issued by Citigroup Inc,1,"$1,001-$15,000",1001,15000,False,
CITIGROUP INC HYBRID PERPETUAL SER T SUB LIEN CPN 04/25/16 6 25 /,,,,,,,,Preferred & hybrid securities,Preferred / hybrid perpetual security issued by Citigroup Inc,1,"$15,001-$50,000",15001,50000,False,
CITIGROUP INC HYBRID PERPETUAL USD SER AA JRSUB LIEN CPN 09/21/23 7 6,,,,,,,,Preferred & hybrid securities,Preferred / hybrid perpetual security issued by Citigroup Inc,2,"$1,001-$15,000",2002,30000,False,
CITIGROUP INC HYBRID PERPETUAL USD SER DD JRSUB LIEN CPN 07/30/24 7 0,,,,,,,,Preferred & hybrid securities,Preferred / hybrid perpetual security issued by Citigroup Inc,2,"$1,001-$15,000",2002,30000,False,
CITIGROUP INC HYBRID PERPETUAL USD SER EE JRSUB LIEN CPN 12/03/24 6 7,,,,,,,,Preferred & hybrid securities,Preferred / hybrid perpetual security issued by Citigroup Inc,2,"$1,001-$15,000",2002,30000,False,
CITIGROUP INC HYBRID PERPETUAL USD SER GG JRSUB LIEN CPN 07/23/25 6 8,,,,,,,,Preferred & hybrid securities,Preferred / hybrid perpetual security issued by Citigroup Inc,2,"$1,001-$15,000",2002,30000,False,
CITIGROUP INC HYBRID PERPETUAL USD SER Z JRSUB LIEN CPN 03/07/23 7 37,,,,,,,,Preferred & hybrid securities,Preferred / hybrid perpetual security issued by Citigroup Inc,2,"$1,001-$15,000",2002,30000,False,
CITIGROUP INC LINKED TO BASKET OF INDICES UPSIDE LEVERED CAPPED W E,,,,,,,,Structured notes,Structured note by Citigroup Inc — return linked to Basket of Indices Upside Levered Capped W E,1,"$15,001-$50,000",15001,50000,False,
CITIGROUP INC LINKED TO S&P 500 INDEX CNTNGNT CPN W BUFFER STRUCTU,,,,,,,,Structured notes,Structured note by Citigroup Inc — return linked to S&P 500 Index Cntngnt CPN W Buffer Structu,1,"$100,001-$250,000",100001,250000,False,
CITIGROUP INC LINKED TO S&P 500 INDEX UPSIDE LEVERED CAPPED W BUFF,,,,,,,,Structured notes,Structured note by Citigroup Inc — return linked to S&P 500 Index Upside Levered Capped W Buff,1,"$15,001-$50,000",15001,50000,False,
CITIGROUP INC. CMN,Common stock,"Common stock of Citigroup, a major U.S. bank",3,"$15,001-$50,000 | $1,001-$15,000",31003,115000,False,,,,,,,,
CITIGROUP INC. HYBRID 03/20/2030 USD SR LIEN CPN 03/20/19 3.98%,Preferred & hybrid securities,"Citigroup senior note — 3.98% coupon, matures March 2030",1,"$1,001-$15,000",1001,15000,False,,,,,,,,
CITIGROUP INC. HYBRID 04/23/2029 USD SR LIEN CPN 04/23/18 4.075%,Preferred & hybrid securities,"Senior hybrid note issued by Citigroup; 4.075% coupon, matures April 2029.",2,"$1,001-$15,000",2002,30000,False,,,,,,,,
CITIGROUP INC. HYBRID 06/09/2027 USD SR LIEN CPN 06/09/21 1.462%,Preferred & hybrid securities,"Senior note issued by Citigroup; 1.462% coupon, maturing June 2027",1,"$15,001-$50,000",15001,50000,False,,,,,,,,
CITIGROUP INC. HYBRID 07/24/2028 USD,Preferred & hybrid securities,"Hybrid debt security of banking company Citigroup, maturing July 2028",1,None,0,0,False,,,,,,,,
CITIGROUP INC. HYBRID 07/24/2028 USD SR LIEN CPN 07/24/17 3.668%,Preferred & hybrid securities,"Citigroup hybrid senior note — 3.668% coupon, maturing July 2028",1,"$1,001-$15,000",1001,15000,False,,,,,,,,
CITIGROUP INC. HYBRID 11/05/2030 USD SR LIEN CPN 11/05/19 2.976%,Preferred & hybrid securities,"Senior note of Citigroup, 2.976% coupon, maturing November 2030.",1,"$1,001-$15,000",1001,15000,False,,,,,,,,
CITIGROUP INC. HYBRID PERPETUAL,Preferred & hybrid securities,Perpetual preferred-style hybrid security issued by Citigroup,2,None,0,0,False,,,,,,,,
CITIGROUP INC. HYBRID PERPETUAL SER T SUB LIEN CPN 04/25/16 6.25%,Preferred & hybrid securities,"Perpetual subordinated preferred security (Series T, 6.25%) issued by Citigroup",2,"$15,001-$50,000",30002,100000,False,,,,,,,,
CITIGROUP INC. HYBRID PERPETUAL USD,Preferred & hybrid securities,Perpetual preferred-type security issued by banking giant Citigroup,1,None,0,0,False,,,,,,,,
CITIGROUP INC. HYBRID PERPETUAL USD SER AA JRSUB LIEN CPN 09/21/23 7.6,Preferred & hybrid securities,"Perpetual junior subordinated preferred-style security of Citigroup, Series AA, 7.6% coupon.",2,"$1,001-$15,000",2002,30000,False,,,,,,,,
CITIGROUP INC. HYBRID PERPETUAL USD SER DD JRSUB LIEN CPN 07/30/24 7.0,Preferred & hybrid securities,"Citigroup perpetual junior subordinated preferred security, Series DD, 7% coupon",2,"$1,001-$15,000",2002,30000,False,,,,,,,,
CITIGROUP INC. HYBRID PERPETUAL USD SER EE JRSUB LIEN CPN 12/03/24 6.7,Preferred & hybrid securities,"Perpetual junior subordinated preferred security of Citigroup, coupon about 6.7%",2,"$1,001-$15,000",2002,30000,False,,,,,,,,
CITIGROUP INC. HYBRID PERPETUAL USD SER W JRSUB LIEN CPN 12/10/20 4.0,Preferred & hybrid securities,"Perpetual junior subordinated preferred security issued by Citigroup, Series W, 4% coupon",1,"$1,001-$15,000",1001,15000,False,,,,,,,,
CITIGROUP INC. HYBRID PERPETUAL USD SER W JRSUB LIEN CPN 12/10/20 4.0%,Preferred & hybrid securities,"Perpetual junior subordinated preferred security of Citigroup, Series W, 4.0% coupon.",1,"$1,001-$15,000",1001,15000,False,,,,,,,,
CITIGROUP INC. HYBRID PERPETUAL USD SER Z JRSUB LIEN CPN 03/07/23 7.37,Preferred & hybrid securities,"Citigroup perpetual junior subordinated preferred security, Series Z, 7.37% coupon",2,"$1,001-$15,000",2002,30000,False,,,,,,,,
CITIGROUP INC. LINKED TO BASKET OF INDICES,Structured notes,Structured note issued by Citigroup with returns linked to a basket of stock indexes,1,None,0,0,False,,,,,,,,
CITIGROUP INC. LINKED TO BASKET OF INDICES UPSIDE LEVERED CAPPED W E,Structured notes,"Citigroup structured note tied to a basket of stock indexes — leveraged, capped upside",1,"$50,001-$100,000",50001,100000,False,,,,,,,,
CITIGROUP INC. LINKED TO S&P 500 INDEX,Structured notes,Structured note issued by Citigroup with returns linked to the S&P 500 index.,1,None,0,0,False,,,,,,,,
CITIGROUP INC. LINKED TO S&P 500 INDEX STRUCTURED NOTE DUE 08/20/2025,Structured notes,"Citigroup-issued structured note tied to the S&P 500 index, due August 2025",2,"$15,001-$50,000",30002,100000,False,,,,,,,,
CITIGROUP INC. LINKED TO S&P 500 INDEX UPSIDE LEVERED CAPPED W BUFFE,Structured notes,"Citigroup structured note tied to the S&P 500 with leveraged, capped upside and buffer",1,"$50,001-$100,000",50001,100000,False,,,,,,,,
CITIZENS FINANCIAL GROUP INC CMN,,,,,,,,Common stock,Common stock of Citizens Financial Group Inc,3,"None | $1,001-$15,000",2002,30000,False,
CITIZENS FINANCIAL GROUP INC HYBRID PERPETUAL USD,,,,,,,,Preferred & hybrid securities,Preferred / hybrid perpetual security issued by Citizens Financial Group Inc,1,None,0,0,False,
CITIZENS FINANCIAL GROUP INC HYBRID PERPETUAL USD SER G JRSUB LIEN,,,,,,,,Preferred & hybrid securities,Preferred / hybrid perpetual security issued by Citizens Financial Group Inc,2,"$1,001-$15,000",2002,30000,False,
CITIZENS FINANCIAL GROUP INC PFD USD1 8438(7 38%) SERIES H,,,,,,,,Preferred & hybrid securities,Preferred / hybrid perpetual security issued by Citizens Financial Group Inc,1,"$1-$1,000",1,1000,False,
"CITIZENS FINANCIAL GROUP, INC. CMN",Common stock,"Common stock of Citizens Financial Group, a regional bank",3,"$1,001-$15,000 | None",2002,30000,False,,,,,,,,
"CITIZENS FINANCIAL GROUP, INC. HYBRID PERPETUAL USD SER F JRSUB LIEN",Preferred & hybrid securities,"Perpetual junior subordinated preferred security of Citizens Financial Group, a regional bank; Series F.",2,"$1,001-$15,000",2002,30000,False,,,,,,,,
"CITIZENS FINANCIAL GROUP, INC. HYBRID PERPETUAL USD SER G JRSUB LIEN",Preferred & hybrid securities,Perpetual junior subordinated preferred security of Citizens Financial Group (Series G),2,"$1,001-$15,000",2002,30000,False,,,,,,,,
"CITIZENS FINANCIAL GROUP, INC. PFD USD1.8438(7.38%) SERIES H",Preferred & hybrid securities,"Preferred stock (Series H, 7.38%) of Citizens Financial Group, a regional bank",1,"$1-$1,000",1,1000,False,,,,,,,,
"CITY OF COLUMBUS, OHIO GO 5.0000% 04/01/25 AO",Municipal & gov bonds,"Columbus, Ohio general obligation bond — 5% coupon, matures April 2025",1,None,0,0,False,,,,,,,,
"CITY OF COLUMBUS, OHIO GO 5.0000% 04/01/25 AO GENERAL OBLIGATION BON",Municipal & gov bonds,"Columbus, Ohio general obligation municipal bond; 5% coupon, matures April 2025.",1,"$50,001-$100,000",50001,100000,False,,,,,,,,
CITYMARK TX5 CO-INVEST FUND,Funds & ETFs,Private co-investment partnership; strategy not identifiable from name,2,"$50,001-$100,000 | $250,001-$500,000",300002,600000,False,Funds & ETFs,Private co-investment partnership; strategy not identifiable from name,2,"$50,001-$100,000 | $500,001-$1,000,000",550002,1100000,False,overlapping_reported_ranges
CITYMARK US APT FUND II,Funds & ETFs,Private real estate fund investing in U.S. apartment properties,2,"$1,001-$15,000 | $15,001-$50,000",16002,65000,False,Funds & ETFs,Private real estate fund investing in U.S. apartment properties,2,"$1,001-$15,000 | $15,001-$50,000",16002,65000,False,same_reported_range
CITYMARK US APT FUND III,Funds & ETFs,Private real estate fund investing in U.S. apartment properties,2,"$15,001-$50,000 | $100,001-$250,000",115002,300000,False,Funds & ETFs,Private real estate fund investing in U.S. apartment properties,2,"$1,001-$15,000 | $50,001-$100,000",51002,115000,False,lower
CLARK CNTY NEV HWY IMPT REV REV 5% 07/01/26 JJ,,,,,,,,Municipal & gov bonds,"Municipal bond — Clark Cnty NEV HWY Impt, 5% coupon, due 07/01/26, pays Jan/Jul",1,"$50,001-$100,000",50001,100000,False,
CLARK CNTY NEV HWY IMPT REV REV 5% 07/01/31 JJ,,,,,,,,Municipal & gov bonds,"Municipal bond — Clark Cnty NEV HWY Impt, 5% coupon, due 07/01/31, pays Jan/Jul",1,"$15,001-$50,000",15001,50000,False,
CLARK CNTY NEV PASSENGER FAC REV 5% 07/01/26 JJ CHARGE REV REF BDS,,,,,,,,Municipal & gov bonds,"Municipal bond — Clark Cnty NEV Passenger FAC, 5% coupon",1,"$1,001-$15,000",1001,15000,False,
CLEVELAND OHIO INCOME TAX REV REV 5% 10/01/25 AO,Municipal & gov bonds,"City of Cleveland, Ohio income-tax revenue bond, 5% coupon, due October 2025.",1,None,0,0,False,Municipal & gov bonds,"City of Cleveland, Ohio income-tax revenue bond, 5% coupon, due October 2025.",1,None,0,0,False,same_reported_range
CLEVELAND OHIO INCOME TAX REV REV 5% 10/01/25 AO SUB LIEN INCOME TAX,Municipal & gov bonds,"Cleveland, Ohio income-tax revenue bond, subordinate lien, 5% coupon, due 10/01/2025",1,"$15,001-$50,000",15001,50000,False,,,,,,,,
CLEVELAND OHIO WTR REV REV 5 / 01/01/26 JJ BDS 2017B BEO SUB LIEN,,,,,,,,Municipal & gov bonds,Municipal / government bond,1,"$1,001-$15,000",1001,15000,False,
CLEVELAND OHIO WTR REV REV 5 / 01/01/26 JJ BDS 2019 DD BEO,,,,,,,,Municipal & gov bonds,Municipal / government bond,1,"$1,001-$15,000",1001,15000,False,
CLEVELAND OHIO WTR REV REV 5% 01/01/25 JJ,Municipal & gov bonds,"Cleveland, Ohio water revenue bond, 5% coupon, maturing January 2025",1,None,0,0,False,,,,,,,,
CLEVELAND OHIO WTR REV REV 5% 01/01/25 JJ BDS 2017B BEO SUB LIEN,Municipal & gov bonds,"Cleveland, Ohio water system revenue bond — 5% coupon, matures January 2025",1,"$50,001-$100,000",50001,100000,False,,,,,,,,
CLOROX CO (THE) (DELAWARE) CMN,Common stock,"Common stock of Clorox, the household cleaning products company.",3,"None | $1,001-$15,000",1001,15000,False,Common stock,"Common stock of Clorox, the household cleaning products company.",3,"None | $1,001-$15,000",1001,15000,False,same_reported_range
CLOUDFLARE INC CMN CLASS A,,,,,,,,Common stock,Common stock of Cloudflare Inc,1,"$15,001-$50,000",15001,50000,False,
"CLOUDFLARE, INC. CMN CLASS A",Common stock,"Class A common stock of Cloudflare, an internet security and web infrastructure company",1,"$15,001-$50,000",15001,50000,False,,,,,,,,
CME GROUP INC CMN CLASS A,,,,,,,,Common stock,Common stock of CME Group Inc,2,"$1,001-$15,000",2002,30000,False,
CME GROUP INC. CMN CLASS A,Common stock,"Class A common stock of CME Group, operator of derivatives exchanges",3,"$1,001-$15,000 | None",2002,30000,False,,,,,,,,
CMS ENERGY CORP COM USD0 01,,,,,,,,Common stock,Common stock of CMS Energy Corp Usd0 01,3,"$1,001-$15,000",3003,45000,False,
CMS ENERGY CORPORATION CMN,Common stock,"Common stock of CMS Energy, a Michigan electric and gas utility",2,"$1,001-$15,000 | $50,001-$100,000",51002,115000,False,Common stock,"Common stock of CMS Energy, a Michigan electric and gas utility",2,"$1,001-$15,000 | $15,001-$50,000",16002,65000,False,overlapping_reported_ranges
CMS ENERGY CORPORATION HYBRID 06/01/2050 USD JRSUB LIEN CPN 05/28/20,Preferred & hybrid securities,"Junior subordinated hybrid note of CMS Energy, a Michigan utility, maturing June 2050.",1,"$1,001-$15,000",1001,15000,False,Preferred & hybrid securities,"Junior subordinated hybrid note of CMS Energy, a Michigan utility, maturing June 2050.",1,"$1,001-$15,000",1001,15000,False,same_reported_range
COAST CMNTY COLLEGE DIST CALIF GO 2.0370% 08/01/29 FA GO REF TAXABLE,Municipal & gov bonds,"Coast Community College District, California taxable general obligation refunding bond, 2.037% coupon, due 08/01/2029",1,"$1,001-$15,000",1001,15000,False,Municipal & gov bonds,"Coast Community College District, California taxable general obligation refunding bond, 2.037% coupon, due 08/01/2029",1,"$1,001-$15,000",1001,15000,False,same_reported_range
COCA COLA COMPANY (THE) CMN,,,,,,,,Common stock,Common stock of Coca Cola Company (the),1,"$15,001-$50,000",15001,50000,False,
COCA-COLA CO,Common stock,"Common stock of Coca-Cola, the beverage company",3,"$1,001-$15,000",3003,45000,False,Common stock,"Common stock of Coca-Cola, the beverage company",3,"$1,001-$15,000",3003,45000,False,same_reported_range
COCA-COLA COMPANY (THE) CMN,Common stock,"Common stock of Coca-Cola, the global beverage company",3,"$15,001-$50,000",45003,150000,False,Common stock,"Common stock of Coca-Cola, the global beverage company",2,"$50,001-$100,000 | $15,001-$50,000",65002,150000,False,overlapping_reported_ranges
COCA-COLA EUROPEAN PARTNERS PL CMN,Common stock,"Common stock of Coca-Cola European Partners, a major European Coca-Cola bottler.",2,"None | $15,001-$50,000",15001,50000,False,Common stock,"Common stock of Coca-Cola European Partners, a major European Coca-Cola bottler.",2,"$1,001-$15,000 | $15,001-$50,000",16002,65000,False,overlapping_reported_ranges
COGNIZANT TECHNOLOGY SOLUTIONS CORP CLASS A,Common stock,"Class A common stock of Cognizant, an information technology services and consulting firm",3,"$15,001-$50,000 | None",15001,50000,False,Common stock,"Class A common stock of Cognizant, an information technology services and consulting firm",2,"$1,001-$15,000 | None",1001,15000,False,lower
COHERENT CORP CMN,,,,,,,,Common stock,Common stock of Coherent Corp,1,"$15,001-$50,000",15001,50000,False,
COHERENT CORP COM,,,,,,,,Common stock,Common stock of Coherent Corp,2,"$1,001-$15,000",2002,30000,False,
COINBASE GLOBAL INC CMN CLASS A,,,,,,,,Common stock,Common stock of Coinbase Global Inc,2,"None | $1,001-$15,000",1001,15000,False,
"COINBASE GLOBAL, INC CMN CLASS A",,,,,,,,Common stock,"Common stock of Coinbase Global, Inc",1,None,0,0,False,
COLERAIN TWP OHIO GO 5% 12/01/24 JD,Municipal & gov bonds,"Colerain Township, Ohio general obligation bond, 5%, maturing December 2024",1,None,0,0,False,,,,,,,,
COLGATE PALMOLIVE CO CMN,,,,,,,,Common stock,Common stock of Colgate Palmolive CO,4,"$15,001-$50,000 | $1,001-$15,000",32004,130000,False,
COLGATE-PALMOLIVE CO CMN,Common stock,"Common stock of Colgate-Palmolive, maker of toothpaste and household products",6,"$15,001-$50,000 | $1,001-$15,000 | None",33005,145000,False,Common stock,"Common stock of Colgate-Palmolive, maker of toothpaste and household products",1,"$1,001-$15,000",1001,15000,False,lower
COLORADO SPRINGS COLO UTILS REV 5% 11/15/25 MN,,,,,,,,Municipal & gov bonds,"Municipal bond — Colorado Springs Colo Utils, 5% coupon, due 11/15/25, pays May/Nov",1,None,0,0,False,
COLUMBUS OHIO (CITY OF) GO 5 / 04/01/28 AO,,,,,,,,Municipal & gov bonds,Municipal / government bond,1,"$15,001-$50,000",15001,50000,False,
COLUMBUS OHIO CITY SCH DIST GO 5% 12/01/25 JD,Municipal & gov bonds,"Columbus, Ohio city school district general obligation bond, 5%, due December 2025.",1,None,0,0,False,,,,,,,,
COLUMBUS OHIO CITY SCH DIST GO 5% 12/01/26 JD,Municipal & gov bonds,"Columbus, Ohio city school district general obligation bond, 5% coupon, due 12/01/2026",1,None,0,0,False,,,,,,,,
COLUMBUS OHIO DB 5 / 10/01/26 AO VAR PURP GEN OBLIG BDS 2025 A UT BEO,,,,,,,,Municipal & gov bonds,Municipal / government bond,1,"$15,001-$50,000",15001,50000,False,
COLUMBUS OHIO GO 4% 04/01/25 AO,Municipal & gov bonds,"Columbus, Ohio general obligation bond, 4% coupon, maturing April 2025",1,None,0,0,False,,,,,,,,
COLUMBUS OHIO GO 4% 04/01/25 AO VARIOUS PURP ULTD TAX BDS 2017A UT B,Municipal & gov bonds,"Columbus, Ohio general obligation bond for various purposes — 4% coupon, matures April 2025",1,"$15,001-$50,000",15001,50000,False,,,,,,,,
COLUMBUS OHIO GO 4% 08/15/25 FA,Municipal & gov bonds,"Columbus, Ohio general obligation municipal bond; 4% coupon, matures August 2025.",1,None,0,0,False,,,,,,,,
COLUMBUS OHIO GO 4% 08/15/25 FA GO VAR PURP ULTD TAX BDS 2016 A UT BE,Municipal & gov bonds,"City of Columbus, Ohio general obligation municipal bond; 4%, due August 2025",1,"$15,001-$50,000",15001,50000,False,,,,,,,,
COLUMBUS OHIO GO 5 % 04/01/26 AO PURPOSE UNLIMITED TAX BONDS (TAX EX,,,,,,,,Municipal & gov bonds,Municipal / government bond,1,"$1,001-$15,000",1001,15000,False,
COLUMBUS OHIO GO 5 % 07/01/25 JJ,,,,,,,,Municipal & gov bonds,Municipal / government bond,1,None,0,0,False,
COLUMBUS OHIO GO 5 % 07/01/26 JJ,,,,,,,,Municipal & gov bonds,Municipal / government bond,1,"$50,001-$100,000",50001,100000,False,
COLUMBUS OHIO GO 5 / 07/01/26 JJ GO VAR PURP REF BDS 2016-2 LT BEO,,,,,,,,Municipal & gov bonds,Municipal / government bond,1,"$15,001-$50,000",15001,50000,False,
COLUMBUS OHIO GO 5% 04/01/24 AO,Municipal & gov bonds,"City of Columbus, Ohio general obligation bond, 5%, maturing April 2024",1,None,0,0,False,,,,,,,,
COLUMBUS OHIO GO 5% 04/01/25 AO,Municipal & gov bonds,"Columbus, Ohio general obligation municipal bond — 5% coupon, maturing April 2025",1,None,0,0,False,,,,,,,,
COLUMBUS OHIO GO 5% 04/01/25 AO PURPOSE UNLIMITED TAX BONDS (TAX-EX,Municipal & gov bonds,"City of Columbus, Ohio tax-exempt general obligation bond, 5%, due April 2025.",1,"$1,001-$15,000",1001,15000,False,,,,,,,,
COLUMBUS OHIO GO 5% 07/01/25 JJ,Municipal & gov bonds,"City of Columbus, Ohio general obligation bond, 5% coupon, due 07/01/2025",1,None,0,0,False,,,,,,,,
COLUMBUS OHIO GO 5% 07/01/25 JJ GO VAR PURP REF BDS 2016-1 LT BEO,Municipal & gov bonds,"Columbus, Ohio general obligation refunding bond, 5% coupon, maturing July 2025",1,"$100,001-$250,000",100001,250000,False,,,,,,,,
COLUMBUS OHIO GO 5% 08/15/30 FA GO VAR PURP UNLTD TAX BDS 2023 A UT,Municipal & gov bonds,"Columbus, Ohio general obligation bond for various purposes — 5% coupon, matures August 2030",1,"$1,001-$15,000",1001,15000,False,,,,,,,,
"COLUMBUS, OHIO (CITY OF) GO 5.0000% 07/01/24 JJ",Municipal & gov bonds,"Columbus, Ohio general obligation municipal bond; 5% coupon, matures July 2024.",1,None,0,0,False,,,,,,,,
COMCAST CORPORATION CMN CLASS A VOTING,Common stock,"Class A voting common stock of Comcast, a cable television and media company",3,"$15,001-$50,000 | $1,001-$15,000",17003,80000,False,Common stock,"Class A voting common stock of Comcast, a cable television and media company",3,"$15,001-$50,000 | $1,001-$15,000",31003,115000,False,overlapping_reported_ranges
COMERICA INCORPORATED CMN,Common stock,"Common stock of Comerica, a regional commercial bank",3,None,0,0,False,,,,,,,,
COMERICA INCORPORATED HYBRID PERPETUAL USD JRSUB LIEN CPN 05/26/2,Preferred & hybrid securities,Perpetual junior subordinated preferred security issued by regional bank Comerica,1,"$1,001-$15,000",1001,15000,False,,,,,,,,
COMERICA INCORPORATED HYBRID PERPETUAL USD JRSUB LIEN CPN 05/26/20,Preferred & hybrid securities,"Perpetual junior subordinated preferred security of Comerica, a regional bank.",1,"$1,001-$15,000",1001,15000,False,,,,,,,,
COMERICA INCORPORATED PFD USD1 7188(6 88 /) SERIES B,,,,,,,,Preferred & hybrid securities,Preferred / hybrid perpetual security issued by Comerica Incorporated,1,"$1,001-$15,000",1001,15000,False,
COMERICA INCORPORATED PFD USD1 7188(6 88%) SERIES B,,,,,,,,Preferred & hybrid securities,Preferred / hybrid perpetual security issued by Comerica Incorporated,1,"$1,001-$15,000",1001,15000,False,
COMFORT SYSTEMS USA INC,,,,,,,,Common stock,Common stock of Comfort Systems USA Inc,2,"$1,001-$15,000",2002,30000,False,
COMMERCIAL PROPERTY LOCATION WALTON OH 44146,,,,,,,,Other,Real estate or club/property interest — Commercial Property Location Walton OH 44146,2,"$100,001-$250,000 | Spouse/DC Asset over $1,000,000",1100002,,True,
"COMMERCIAL PROPERTY LOCATION: WALTON, OH 44146",Other,"Commercial real estate property located in Walton, Ohio (ZIP 44146)",2,"$100,001-$250,000 | Spouse/DC Asset over $1,000,000",1100002,,True,,,,,,,,
COMPASS GROUP PLC SPONSORED ADR CMN,Common stock,"U.S.-traded shares (ADR) of Compass Group, a British food-service company",2,"None | $15,001-$50,000",15001,50000,False,Common stock,"U.S.-traded shares (ADR) of Compass Group, a British food-service company",1,"$15,001-$50,000",15001,50000,False,same_reported_range
CONAGRA BRANDS INC CMN,Common stock,"Common stock of Conagra Brands, a packaged foods company",2,"$1,001-$15,000",2002,30000,False,Common stock,"Common stock of Conagra Brands, a packaged foods company",3,"None | $1,001-$15,000",2002,30000,False,same_reported_range
CONNECTICUT ST GO 5% 04/15/24 AO,Municipal & gov bonds,"State of Connecticut general obligation bond; 5% coupon, matures April 2024.",1,None,0,0,False,,,,,,,,
CONOCOPHILLIPS CMN,,,,,,,,Common stock,Common stock of Conocophillips,1,None,0,0,False,
CONOCOPHILLIPS COM,Common stock,"Common stock of ConocoPhillips, an oil and gas exploration and production company",3,"$1,001-$15,000",3003,45000,False,,,,,,,,
CONROE TEX INDPT SCH DIST GO 5% 02/15/32 FA UNLTD TAX BLDG BDS 2024 U,,,,,,,,Municipal & gov bonds,"Municipal bond — Conroe TEX Indpt, 5% coupon",1,"$15,001-$50,000",15001,50000,False,
CONSTELLATION BRANDS INC 2 25 / 08/01/2031 USD SR LIEN,,,,,,,,Preferred & hybrid securities,Preferred / hybrid perpetual security issued by Constellation Brands Inc 2 25 / 08/01/2031 USD SR Lien,1,"$1,001-$15,000",1001,15000,False,
CONSTELLATION BRANDS INC 2.25 % 08/01/2031 USD SR LIEN,,,,,,,,Preferred & hybrid securities,Preferred / hybrid perpetual security issued by Constellation Brands Inc 2.25 % 08/01/2031 USD SR Lien,1,"$1,001-$15,000",1001,15000,False,
CONSTELLATION BRANDS INC CMN CLASS A,Common stock,"Class A common stock of Constellation Brands, a beer, wine and spirits producer",3,"None | $1,001-$15,000",2002,30000,False,Common stock,"Class A common stock of Constellation Brands, a beer, wine and spirits producer",3,"$1,001-$15,000",3003,45000,False,overlapping_reported_ranges
"CONSTELLATION BRANDS, INC. 2.25% 08/01/2031 USD",Municipal & gov bonds,"Bond of Constellation Brands, a beer and wine producer — 2.25%, maturing August 2031",2,None,0,0,False,,,,,,,,
"CONSTELLATION BRANDS, INC. 2.25% 08/01/2031 USD SR LIEN",Preferred & hybrid securities,"Senior bond of Constellation Brands, beer and wine producer; 2.25%, maturing August 2031.",2,"$1,001-$15,000",2002,30000,False,,,,,,,,
CONSTELLATION ENERGY CORP CMN,Common stock,"Common stock of Constellation Energy, nuclear power and electricity producer",1,"$1,001-$15,000",1001,15000,False,Common stock,"Common stock of Constellation Energy, nuclear power and electricity producer",2,"$1,001-$15,000 | $15,001-$50,000",16002,65000,False,higher
COOPER COS INC/THE CMN,Common stock,"Common stock of Cooper Companies, a contact lens and medical device maker",3,None,0,0,False,Common stock,"Common stock of Cooper Companies, a contact lens and medical device maker",5,"$1,001-$15,000 | None",4004,60000,False,higher
COPART INC CMN,,,,,,,,Common stock,Common stock of Copart Inc,3,"None | $1,001-$15,000",1001,15000,False,
"COPART, INC. CMN",Common stock,"Common stock of Copart, an online auction marketplace for used and salvage vehicles",3,"$1,001-$15,000 | None",2002,30000,False,,,,,,,,
COREWEAVE INC CMN CLASS A,,,,,,,,Common stock,Common stock of Coreweave Inc,1,"$1,001-$15,000",1001,15000,False,
CORNING INCORPORATED CMN,Common stock,"Common stock of Corning, a maker of specialty glass and optical fiber.",4,"$1,001-$15,000 | $15,001-$50,000",32004,130000,False,Common stock,"Common stock of Corning, a maker of specialty glass and optical fiber.",4,"None | $1,001-$15,000",1001,15000,False,lower
CORPAY INC CMN,Common stock,"Common stock of Corpay, a corporate payments company formerly named FLEETCOR",3,"$1,001-$15,000 | None",2002,30000,False,Common stock,"Common stock of Corpay, a corporate payments company formerly named FLEETCOR",3,"$1,001-$15,000",3003,45000,False,overlapping_reported_ranges
CORPUS CHRISTI TEX UTIL SYS REV 5% 07/15/40-CA JJ,,,,,,,,Municipal & gov bonds,"Municipal bond — Corpus Christi TEX Util SYS, 5% coupon, pays Jan/Jul",1,None,0,0,False,
CORTEVA INC CMN,,,,,,,,Common stock,Common stock of Corteva Inc,2,"$1,001-$15,000",2002,30000,False,
"CORTEVA, INC. CMN",Common stock,"Common stock of Corteva, an agricultural seed and crop-protection company",3,"$1,001-$15,000 | None",1001,15000,False,,,,,,,,
CORVEX DYNAMIC EQUITY SELECT LLC CLASS BA SERIES 1,Hedge funds & private funds,"Private hedge fund vehicle managed by Corvex Management, an activist equity investor",1,"$1,000,001-$5,000,000",1000001,5000000,False,Hedge funds & private funds,"Private hedge fund vehicle managed by Corvex Management, an activist equity investor",1,"$500,001-$1,000,000",500001,1000000,False,lower
COSTAR GROUP INC CMN,,,,,,,,Common stock,Common stock of Costar Group Inc,2,"$1,001-$15,000",2002,30000,False,
"COSTAR GROUP, INC. CMN",Common stock,"Common stock of CoStar Group, a commercial real estate data and listings company.",3,"$1,001-$15,000 | None",1001,15000,False,,,,,,,,
COSTCO WHOLESALE CORP COM,Common stock,Common stock of warehouse club retailer Costco,3,"$1,001-$15,000",3003,45000,False,Common stock,Common stock of warehouse club retailer Costco,3,"$1,001-$15,000",3003,45000,False,same_reported_range
COSTCO WHOLESALE CORPORATION CMN,Common stock,"Common stock of Costco, the warehouse club retailer",3,"$50,001-$100,000 | $15,001-$50,000",115003,250000,False,Common stock,"Common stock of Costco, the warehouse club retailer",3,"$15,001-$50,000 | $1,001-$15,000",31003,115000,False,lower
CPI ASIA ONSHORE - CLASS B (AII51),Hedge funds & private funds,Private investment fund focused on Asia; manager and strategy not clearly identifiable from name.,1,"$1,001-$15,000",1001,15000,False,,,,,,,,
CPI ASIA ONSHORE CLASS B (AII51),,,,,,,,Hedge funds & private funds,Private fund / partnership interest — CPI Asia Onshore Class B (aii51),1,"$1,001-$15,000",1001,15000,False,
CRH PUBLIC LIMITED COMPANY CMN,Common stock,"Common stock of CRH, a global building materials producer",2,"None | $15,001-$50,000",15001,50000,False,Common stock,"Common stock of CRH, a global building materials producer",1,"$15,001-$50,000",15001,50000,False,same_reported_range
CROWDSTRIKE HOLDINGS INC CMN,,,,,,,,Common stock,Common stock of Crowdstrike Holdings Inc,4,"$15,001-$50,000 | $1,001-$15,000 | None",17003,80000,False,
"CROWDSTRIKE HOLDINGS, INC. CMN",Common stock,"Common stock of CrowdStrike, a cybersecurity software company.",4,"$1,001-$15,000 | $15,001-$50,000",18004,95000,False,,,,,,,,
CROWN CASTLE INTL CORP 1 05 % 07/15/2026 SR LIEN,,,,,,,,Preferred & hybrid securities,Preferred / hybrid perpetual security issued by Crown Castle Intl Corp 1 05 % 07/15/2026 SR Lien,1,"$1,001-$15,000",1001,15000,False,
CROWN CASTLE INTL CORP 1.05% 07/15/2026 USD SR LIEN,Preferred & hybrid securities,"Senior bond of Crown Castle, a cell tower owner; 1.05%, due July 2026",1,"$15,001-$50,000",15001,50000,False,,,,,,,,
CROWN CASTLE INTL CORP 1.35% 07/15/2025 SR LIEN,Preferred & hybrid securities,"Senior bond of cell-tower company Crown Castle, 1.35%, maturing July 2025",1,"$15,001-$50,000",15001,50000,False,,,,,,,,
CROWN CASTLE INTL CORP 1.35% 07/15/2025 USD,Municipal & gov bonds,"Bond of Crown Castle, a cell tower operator — 1.35% coupon, maturing July 2025",1,None,0,0,False,,,,,,,,
CROWN CASTLE INTL CORP CMN,Common stock,"Common stock of Crown Castle, a cell-tower real estate investment trust.",3,"$1,001-$15,000 | None",2002,30000,False,Common stock,"Common stock of Crown Castle, a cell-tower real estate investment trust.",3,"$1,001-$15,000 | None",2002,30000,False,same_reported_range
CROWN HOLDINGS INC CMN,Common stock,"Common stock of Crown Holdings, metal packaging and beverage can maker",1,None,0,0,False,,,,,,,,
CSX CORPORATION CMN,Common stock,"Common stock of CSX, a freight railroad operator",3,"$1,001-$15,000 | $15,001-$50,000",17003,80000,False,Common stock,"Common stock of CSX, a freight railroad operator",3,"$1,001-$15,000 | $15,001-$50,000 | $1-$1,000",16003,66000,False,overlapping_reported_ranges
CUBESMART LP 2 0% 05/18/2032 USD,,,,,,,,Municipal & gov bonds,"Municipal bond — Cubesmart LP 2, 0% coupon",1,None,0,0,False,
CUBESMART LP 2.0% 05/18/2032 USD,Municipal & gov bonds,"Corporate bond of self-storage REIT CubeSmart — 2% coupon, matures May 2032",1,None,0,0,False,,,,,,,,
CUMMINS INC COMMON STOCK,Common stock,"Common stock of Cummins, a diesel engine and power systems manufacturer.",2,"$1,001-$15,000 | None",1001,15000,False,Common stock,"Common stock of Cummins, a diesel engine and power systems manufacturer.",1,"$1,001-$15,000",1001,15000,False,same_reported_range
CUYAHOGA CNTY OHIO ECONOMIC REV 4% 12/01/24 JD,Municipal & gov bonds,"Cuyahoga County, Ohio economic development revenue bond; 4%, due December 2024",1,None,0,0,False,,,,,,,,
CUYAHOGA CNTY OHIO ECONOMIC REV 5% 12/01/25 JD,,,,,,,,Municipal & gov bonds,"Municipal bond — Cuyahoga Cnty Ohio Economic, 5% coupon, due 12/01/25, pays Jun/Dec",1,None,0,0,False,
CUYAHOGA CNTY OHIO ECONOMIC REV 6% 12/01/24 JD,Municipal & gov bonds,"Cuyahoga County, Ohio economic development revenue bond, 6%, maturing December 2024",1,None,0,0,False,,,,,,,,
CUYAHOGA OHIO CMNTY COLLEGE GO 5 0000% 12/01/25 JD,,,,,,,,Municipal & gov bonds,"Municipal bond — Cuyahoga Ohio Cmnty College, 0000% coupon, due 12/01/25, pays Jun/Dec",1,None,0,0,False,
CVS HEALTH CORP CMN,Common stock,"Common stock of CVS Health, the pharmacy chain and health insurer",5,"None | $1,001-$15,000",1001,15000,False,Common stock,"Common stock of CVS Health, the pharmacy chain and health insurer",3,"$1,001-$15,000 | $15,001-$50,000",17003,80000,False,higher
CVS HEALTH CORPORATION 3 75% 04/01/2030 USD SR LIEN,,,,,,,,Preferred & hybrid securities,Preferred / hybrid perpetual security issued by CVS Health Corporation 3 75% 04/01/2030 USD SR Lien,1,"$1,001-$15,000",1001,15000,False,
CVS HEALTH CORPORATION 3.75% 04/01/2030 USD SR LIEN,Preferred & hybrid securities,"Senior bond of CVS Health, pharmacy and health insurer; 3.75%, maturing April 2030.",2,"$1,001-$15,000",2002,30000,False,,,,,,,,
D R. HORTON INC CMN,,,,,,,,Common stock,Common stock of D R. Horton Inc,2,"$1,001-$15,000 | None",1001,15000,False,
"D.R. HORTON, INC. CMN",Common stock,"Common stock of D.R. Horton, a major U.S. homebuilder",3,"$15,001-$50,000 | None",15001,50000,False,,,,,,,,
DANAHER CORPORATION CMN,Common stock,"Common stock of Danaher, a life sciences and diagnostics conglomerate",4,"$50,001-$100,000 | $15,001-$50,000 | $1,001-$15,000",67004,180000,False,Common stock,"Common stock of Danaher, a life sciences and diagnostics conglomerate",4,"None | $1,001-$15,000",3003,45000,False,lower
DANAHER CORPORATION COM,,,,,,,,Common stock,Common stock of Danaher Corporation,2,"$1,001-$15,000",2002,30000,False,
DARDEN RESTAURANTS INC CMN,,,,,,,,Common stock,Common stock of Darden Restaurants Inc,1,None,0,0,False,
"DARDEN RESTAURANTS, INC. CMN",Common stock,"Common stock of Darden Restaurants, owner of Olive Garden and other dining chains",3,None,0,0,False,,,,,,,,
DATADOG INC CMN CLASS A,,,,,,,,Common stock,Common stock of Datadog Inc,4,"None | $15,001-$50,000",15001,50000,False,
"DATADOG, INC. CMN CLASS A",Common stock,"Class A common stock of Datadog, a cloud monitoring and analytics software company.",2,"$15,001-$50,000",30002,100000,False,,,,,,,,
DAVITA INC CMN,,,,,,,,Common stock,Common stock of Davita Inc,1,None,0,0,False,
DAYFORCE INC CMN,Common stock,"Common stock of Dayforce, a payroll and human resources software company",3,"$1,001-$15,000 | None",2002,30000,False,Common stock,"Common stock of Dayforce, a payroll and human resources software company",3,"$1,001-$15,000",3003,45000,False,overlapping_reported_ranges
DAYTON OHIO CITY SCH DIST GO 5.0000% 11/01/24 MN,Municipal & gov bonds,"Dayton, Ohio city school district general obligation bond, 5%, maturing November 2024",1,None,0,0,False,,,,,,,,
DAYTON OHIO CITY SCH DIST GO 5.0000% 11/01/25 MN RFDG-SCH FACS CONST,Municipal & gov bonds,"Dayton school district general obligation refunding bond — 5% coupon, maturing November 2025",1,"$50,001-$100,000",50001,100000,False,,,,,,,,
DAYTON OHIO METRO LIBR GO 4% 12/01/24 JD,Municipal & gov bonds,"Dayton, Ohio metropolitan library general obligation bond, 4%, due December 2024.",1,None,0,0,False,,,,,,,,
DECKERS OUTDOORS CORP CMN,Common stock,"Common stock of Deckers Outdoor, footwear company behind UGG and Hoka",3,"$1,001-$15,000 | None",1001,15000,False,Common stock,"Common stock of Deckers Outdoor, footwear company behind UGG and Hoka",4,"$1,001-$15,000 | None | $50,001-$100,000",52003,130000,False,higher
DEERE & COMPANY CMN,Common stock,"Common stock of Deere & Company, maker of John Deere farm equipment",6,"$15,001-$50,000 | $1,001-$15,000",20006,125000,False,Common stock,"Common stock of Deere & Company, maker of John Deere farm equipment",6,"$1,001-$15,000 | $15,001-$50,000",34006,160000,False,overlapping_reported_ranges
DEL VALLE TEX INDPT SCH DIST GO 5 / 06/15/26 JD UNLTD TAX BDS 2025 B UT,,,,,,,,Municipal & gov bonds,Municipal / government bond,1,"$15,001-$50,000",15001,50000,False,
DELL INT LLC / EMC CORP 4 9% 10/01/2026 USD SR LIEN,,,,,,,,Preferred & hybrid securities,Preferred / hybrid perpetual security issued by Dell INT LLC / EMC Corp 4 9% 10/01/2026 USD SR Lien,1,"$15,001-$50,000",15001,50000,False,
DELL INT LLC / EMC CORP 4.9% 10/01/2026 USD SR LIEN,Preferred & hybrid securities,"Senior bond co-issued by Dell International and EMC — 4.9% coupon, matures October 2026",2,"$1,001-$15,000 | $15,001-$50,000",16002,65000,False,,,,,,,,
DELL TECHNOLOGIES INC CMN,,,,,,,,Common stock,Common stock of Dell Technologies Inc,1,None,0,0,False,
DELL TECHNOLOGIES INC CMN CLASS C,,,,,,,,Common stock,Common stock of Dell Technologies Inc Class C,2,"$15,001-$50,000 | $1,001-$15,000",16002,65000,False,
DELL TECHNOLOGIES INC. CMN,Common stock,"Common stock of Dell Technologies, the computer and IT infrastructure maker.",2,"$1,001-$15,000 | $15,001-$50,000",16002,65000,False,,,,,,,,
DELTA AIR LINES INC CMN,,,,,,,,Common stock,Common stock of Delta AIR Lines Inc,3,"$1,001-$15,000 | None",2002,30000,False,
"DELTA AIR LINES, INC. CMN",Common stock,"Common stock of Delta Air Lines, a major U.S. airline",3,"$1,001-$15,000",3003,45000,False,,,,,,,,
DENTON TEX GO 5% 02/15/25 FA,Municipal & gov bonds,"City of Denton, Texas general obligation bond, 5%, maturing February 2025",1,None,0,0,False,,,,,,,,
DENTON TEX GO 5% 02/15/25 FA GO REF AND IMPT BDS 2019 LT BEO,Municipal & gov bonds,"Denton, Texas general obligation refunding and improvement bond — 5%, maturing February 2025",1,"$15,001-$50,000",15001,50000,False,,,,,,,,
DENVER COLO CITY & CNTY GO 5 % 08/01/25 FA,,,,,,,,Municipal & gov bonds,Municipal / government bond,1,None,0,0,False,
DEXCOM INC CMN,,,,,,,,Common stock,Common stock of Dexcom Inc,3,"$1,001-$15,000",3003,45000,False,
"DEXCOM, INC. CMN",Common stock,"Common stock of Dexcom, maker of continuous glucose monitors for diabetes.",3,"$1,001-$15,000",3003,45000,False,,,,,,,,
DFJ GROWTH V L P,,,,,,,,Other,Reported asset or transaction line item — DFJ Growth V L P,2,"$250,001-$500,000",500002,1000000,False,
DFJ GROWTH V L.P,,,,,,,,Hedge funds & private funds,Private fund / partnership interest — DFJ Growth V L.P,1,"$250,001-$500,000",250001,500000,False,
DIGITAL REALTY TRUST INC CMN,,,,,,,,Common stock,Common stock of Digital Realty Trust Inc,2,"None | $1,001-$15,000",1001,15000,False,
"DIGITAL REALTY TRUST, INC. CMN",Common stock,"Common stock of Digital Realty, a data center real estate investment trust",3,"$1,001-$15,000 | None",2002,30000,False,,,,,,,,
DISCOVER FINANCIAL SERVICES CMN,Common stock,"Common stock of Discover Financial, a credit card and banking company",3,"$1,001-$15,000 | None",2002,30000,False,Common stock,"Common stock of Discover Financial, a credit card and banking company",1,None,0,0,False,lower
DISCOVER FINANCIAL SERVICES HYBRID PERPETUAL USD,Preferred & hybrid securities,Perpetual preferred-type security issued by Discover Financial Services,1,None,0,0,False,,,,,,,,
DISCOVER FINANCIAL SERVICES HYBRID PERPETUAL USD SER C JRSUB LIEN (,Preferred & hybrid securities,"Perpetual junior subordinated preferred-style security of Discover Financial Services, Series C; name truncated.",1,"$1-$1,000",1,1000,False,,,,,,,,
DISCOVER FINANCIAL SERVICES HYBRID PERPETUAL USD SER D JRSUB LIEN (,Preferred & hybrid securities,"Discover Financial Services perpetual junior subordinated preferred security, Series D",1,"$1,001-$15,000",1001,15000,False,,,,,,,,
DISNEY WALT CO COM,Common stock,"Common stock of The Walt Disney Company, the entertainment company",3,"$1,001-$15,000",3003,45000,False,,,,,,,,
DISTRICT COLUMBIA DB 5 / 12/01/32 JD GO BDS 2024C UT BEO,,,,,,,,Municipal & gov bonds,Municipal / government bond,1,"$15,001-$50,000",15001,50000,False,
DISTRICT COLUMBIA DB 5% 12/01/32 JD GO REF BDS 2024C UT BEO,Municipal & gov bonds,"District of Columbia general obligation refunding bond, 5%, due December 2032.",1,"$15,001-$50,000",15001,50000,False,,,,,,,,
DISTRICT COLUMBIA INCOME TAX REV 2.1880% 03/01/25 MS REV TAXABLE SEC,Municipal & gov bonds,"District of Columbia taxable income-tax revenue bond, 2.188% coupon, due 03/01/2025",1,"$15,001-$50,000",15001,50000,False,,,,,,,,
DISTRICT COLUMBIA INCOME TAX REV 5% 07/01/32 JJ REV BDS 2022A BEO SR L,,,,,,,,Municipal & gov bonds,"Municipal bond — District Columbia Income TAX, 5% coupon",1,"$15,001-$50,000",15001,50000,False,
DISTRICT COLUMBIA INCOME TAX REV 5% 10/01/30 AO REV SECD BDS 2020 B B,,,,,,,,Municipal & gov bonds,"Municipal bond — District Columbia Income TAX, 5% coupon",1,"$15,001-$50,000",15001,50000,False,
DISTRICT COLUMBIA INCOME TAX REV 5% 10/01/30 AO REV SECD REF BDS 202,Municipal & gov bonds,"District of Columbia income-tax-secured revenue refunding bond — 5% coupon, matures October 2030",1,"$15,001-$50,000",15001,50000,False,,,,,,,,
DISTRICT COLUMBIA WTR & SWR REV 5 % 10/01/29 AO AUTH PUB UTIL REV SUB,,,,,,,,Municipal & gov bonds,Municipal / government bond,1,"$15,001-$50,000",15001,50000,False,
DISTRICT COLUMBIA WTR & SWR REV 5% 10/01/29 AO AUTH PUB UTIL REV SUB,Municipal & gov bonds,"District of Columbia Water and Sewer Authority revenue bond; 5%, due October 2029",1,"$15,001-$50,000",15001,50000,False,,,,,,,,
DISTRICT COLUMBIA WTR & SWR REV 5% 10/01/31 AO AUTH PUB UTIL REV REF,Municipal & gov bonds,"DC Water and Sewer Authority utility revenue bond — 5% coupon, maturing October 2031",1,"$15,001-$50,000",15001,50000,False,Municipal & gov bonds,"DC Water and Sewer Authority utility revenue bond — 5% coupon, maturing October 2031",1,"$15,001-$50,000",15001,50000,False,same_reported_range
DOLLAR GENERAL CORPORATION 4.15% 11/01/2025 USD,Municipal & gov bonds,"Bond of Dollar General, a discount retailer; 4.15% coupon, maturing November 2025.",1,None,0,0,False,,,,,,,,
DOLLAR GENERAL CORPORATION CMN,Common stock,Common stock of discount retailer Dollar General,3,"$1,001-$15,000",3003,45000,False,Common stock,Common stock of discount retailer Dollar General,3,"$1,001-$15,000",3003,45000,False,same_reported_range
DOLLAR TREE STORES INC CMN,,,,,,,,Common stock,Common stock of Dollar Tree Stores Inc,2,None,0,0,False,
"DOLLAR TREE STORES, INC. CMN",Common stock,"Common stock of Dollar Tree, a discount variety store chain",3,"$1,001-$15,000 | None",1001,15000,False,,,,,,,,
DOMINION ENERGY INC CMN,Common stock,"Common stock of Dominion Energy, a Virginia-based electric and gas utility",2,"$1,001-$15,000",2002,30000,False,Common stock,"Common stock of Dominion Energy, a Virginia-based electric and gas utility",2,"None | $1,001-$15,000",1001,15000,False,overlapping_reported_ranges
DOMINION ENERGY INC HYBRID 06/01/2054 USD,,,,,,,,Preferred & hybrid securities,Preferred / hybrid perpetual security issued by Dominion Energy Inc,1,None,0,0,False,
DOMINION ENERGY INC HYBRID 06/01/2054 USD SER B JRSUB LIEN CPN 05/20/,,,,,,,,Preferred & hybrid securities,Preferred / hybrid perpetual security issued by Dominion Energy Inc,2,"$1,001-$15,000",2002,30000,False,
DOMINION ENERGY INC HYBRID PERPETUAL USD SER C JRSUB LIEN CPN 12/0,,,,,,,,Preferred & hybrid securities,Preferred / hybrid perpetual security issued by Dominion Energy Inc,2,"$1,001-$15,000",2002,30000,False,
"DOMINION ENERGY, INC. HYBRID 06/01/2054",Preferred & hybrid securities,"Long-dated hybrid subordinated note issued by utility Dominion Energy, maturing 2054.",2,None,0,0,False,,,,,,,,
"DOMINION ENERGY, INC. HYBRID 06/01/2054 USD SER B JRSUB LIEN CPN 05/20/",Preferred & hybrid securities,"Dominion Energy junior subordinated hybrid security, Series B, maturing June 2054",2,"$1,001-$15,000",2002,30000,False,,,,,,,,
"DOMINION ENERGY, INC. HYBRID PERPETUAL USD SER C JRSUB LIEN CPN 12/0",Preferred & hybrid securities,Perpetual junior subordinated preferred security of utility company Dominion Energy,2,"$1,001-$15,000",2002,30000,False,,,,,,,,
DOMINION RESOURCES INC 5 25% 08/01/2033 SER F SR LIEN,,,,,,,,Preferred & hybrid securities,Preferred / hybrid perpetual security issued by Dominion Resources Inc 5 25% 08/01/2033 SER F SR Lien,1,"$15,001-$50,000",15001,50000,False,
DOMINO S PIZZA INC CMN,,,,,,,,Common stock,Common stock of Domino S Pizza Inc,1,None,0,0,False,
DOMINO'S PIZZA INC CMN,,,,,,,,Common stock,Common stock of Domino's Pizza Inc,1,"$1,001-$15,000",1001,15000,False,
DOORDASH INC CMN CLASS A,Common stock,"Class A common stock of DoorDash, the food delivery platform",3,"$1,001-$15,000 | None",2002,30000,False,Common stock,"Class A common stock of DoorDash, the food delivery platform",3,"$1,001-$15,000",3003,45000,False,overlapping_reported_ranges
DOVER CORPORATION CMN,Common stock,"Common stock of Dover, a diversified industrial equipment manufacturer.",3,"$1,001-$15,000 | None",2002,30000,False,Common stock,"Common stock of Dover, a diversified industrial equipment manufacturer.",5,"$1,001-$15,000 | $15,001-$50,000 | None",18004,95000,False,overlapping_reported_ranges
DOW CHEMICAL COMPANY (THE) 4.8% 11/30/2028 USD SER WI SR LIEN,Preferred & hybrid securities,"Senior bond of Dow Chemical, 4.8% coupon, due 11/30/2028",1,"$1,001-$15,000",1001,15000,False,,,,,,,,
DOW INC CMN,Common stock,"Common stock of Dow, a commodity chemicals producer",3,"None | $1,001-$15,000",1001,15000,False,Common stock,"Common stock of Dow, a commodity chemicals producer",3,"None | $1-$1,000",1,1000,False,lower
DRAGONEER OPPORTUNITIES VI ACCESS LLC,Hedge funds & private funds,"Access vehicle into Dragoneer Opportunities VI, a technology-focused private investment fund",2,"$100,001-$250,000",200002,500000,False,Hedge funds & private funds,"Access vehicle into Dragoneer Opportunities VI, a technology-focused private investment fund",2,"$100,001-$250,000 | $50,001-$100,000",150002,350000,False,overlapping_reported_ranges
DRAPER FISHER JURVETSON GROWTH FUND 2006 LP,,,,,,,,Hedge funds & private funds,Private fund / partnership interest — Draper Fisher Jurvetson Growth Fund 2006 LP,1,"$15,001-$50,000",15001,50000,False,
"DRAPER FISHER JURVETSON GROWTH FUND 2006, LP",Hedge funds & private funds,"Venture capital growth fund managed by Draper Fisher Jurvetson (DFJ), 2006 vintage.",1,"$15,001-$50,000",15001,50000,False,,,,,,,,
DTE ENERGY COMPANY 2 85% 10/01/2026 USD SR LIEN,,,,,,,,Preferred & hybrid securities,Preferred / hybrid perpetual security issued by DTE Energy Company 2 85% 10/01/2026 USD SR Lien,1,"$1,001-$15,000",1001,15000,False,
DTE ENERGY COMPANY 2.85% 10/01/2026 USD SR LIEN,Preferred & hybrid securities,"Senior bond of Michigan utility DTE Energy; 2.85% coupon, matures 2026.",2,"$1,001-$15,000",2002,30000,False,,,,,,,,
DTE ENERGY COMPANY CMN,Common stock,"Common stock of DTE Energy, a Michigan electric and gas utility",1,"$1,001-$15,000",1001,15000,False,Common stock,"Common stock of DTE Energy, a Michigan electric and gas utility",1,"$1,001-$15,000",1001,15000,False,same_reported_range
DU PAGE CNTY ILL CMNTY HIGH GO 4% 01/01/25 JJ,Municipal & gov bonds,"DuPage County, Illinois community high school district general obligation bond, 4%, maturing January 2025",1,None,0,0,False,,,,,,,,
DU PAGE CNTY ILL CMNTY HIGH GO 4% 01/01/25 JJ SCH DIST NO 108 LAKEPK G,Municipal & gov bonds,"DuPage County, Illinois high school district general obligation bond — 4%, maturing January 2025",1,"$50,001-$100,000",50001,100000,False,,,,,,,,
DUBLIN OHIO CITY SCH DIST GO 5% 12/01/25 JD,Municipal & gov bonds,"Dublin, Ohio city school district general obligation bond, 5%, due December 2025.",1,None,0,0,False,Municipal & gov bonds,"Dublin, Ohio city school district general obligation bond, 5%, due December 2025.",1,None,0,0,False,same_reported_range
DUBLIN OHIO CITY SCH DIST GO 5% 12/01/25 JD GO UNLTD TAX FACS BDS 2024,Municipal & gov bonds,"Dublin, Ohio school district unlimited-tax general obligation facilities bond, 5% coupon, due 12/01/2025",1,"$100,001-$250,000",100001,250000,False,,,,,,,,
DUBLIN OHIO DB 5 % 12/01/32 JD GO LTD TAX VAR PURP IMPT REF BDS 2025 LT,,,,,,,,Municipal & gov bonds,Municipal / government bond,1,"$50,001-$100,000",50001,100000,False,
DUBLIN OHIO DB 5% 12/01/26 JD GO LTD TAX VAR PURP IMPT REF BDS 2025 LT,,,,,,,,Municipal & gov bonds,"Municipal bond — Dublin Ohio, 5% coupon",1,"$15,001-$50,000",15001,50000,False,
DUKE ENERGY CORPORATION CMN,Common stock,"Common stock of Duke Energy, a large electric and gas utility",1,"$1,001-$15,000",1001,15000,False,Common stock,"Common stock of Duke Energy, a large electric and gas utility",1,"$1,001-$15,000",1001,15000,False,same_reported_range
DUKE ENERGY CORPORATION HYBRID 09/01/2054,Preferred & hybrid securities,"Subordinated (hybrid) bond of electric utility Duke Energy, maturing September 2054",1,None,0,0,False,,,,,,,,
DUKE ENERGY CORPORATION HYBRID 09/01/2054 USD JRSUB LIEN CPN 08/22/2,Preferred & hybrid securities,"Junior subordinated hybrid note of utility Duke Energy, maturing 2054; name truncated.",2,"$1,001-$15,000",2002,30000,False,Preferred & hybrid securities,"Junior subordinated hybrid note of utility Duke Energy, maturing 2054; name truncated.",2,"$1-$1,000 | $1,001-$15,000",1002,16000,False,overlapping_reported_ranges
DUKE ENERGY FLORIDA LLC 2 5% 12/01/2029 USD SR LIEN,,,,,,,,Preferred & hybrid securities,Preferred / hybrid perpetual security issued by Duke Energy Florida LLC 2 5% 12/01/2029 USD SR Lien,1,"$15,001-$50,000",15001,50000,False,
"DUKE ENERGY FLORIDA, LLC 2.5% 12/01/2029 USD",Municipal & gov bonds,"Bond of Duke Energy Florida, an electric utility; 2.5%, due December 2029",1,None,0,0,False,,,,,,,,
"DUKE ENERGY FLORIDA, LLC 2.5% 12/01/2029 USD SR LIEN",Preferred & hybrid securities,"Senior bond of electric utility Duke Energy Florida, 2.5%, maturing December 2029",1,"$15,001-$50,000",15001,50000,False,,,,,,,,
DUN & BRADSTREET HOLDINGS INC CMN,,,,,,,,Common stock,Common stock of DUN & Bradstreet Holdings Inc,3,None,0,0,False,
"DUN & BRADSTREET HOLDINGS, INC CMN",Common stock,"Common stock of Dun & Bradstreet, a business data and analytics provider",3,"$1,001-$15,000 | $15,001-$50,000",31003,115000,False,,,,,,,,
DUPONT DE NEMOURS INC CMN,Common stock,"Common stock of DuPont, a specialty chemicals and materials company.",3,"$1,001-$15,000 | None",2002,30000,False,Common stock,"Common stock of DuPont, a specialty chemicals and materials company.",3,"$1,001-$15,000",3003,45000,False,overlapping_reported_ranges
DYNATRACE HOLDINGS LLC CMN,Common stock,"Common stock of Dynatrace, a software observability and monitoring company",2,None,0,0,False,,,,,,,,
EASTMAN CHEMICAL COMPANY CMN,Common stock,"Common stock of Eastman Chemical, a specialty chemicals maker",1,"$1,001-$15,000",1001,15000,False,Common stock,"Common stock of Eastman Chemical, a specialty chemicals maker",2,None,0,0,False,lower
EATON CORP PLC CMN,Common stock,"Common stock of Eaton, a power management and electrical equipment maker",4,"$15,001-$50,000 | $1,001-$15,000 | $50,001-$100,000",81004,215000,False,Common stock,"Common stock of Eaton, a power management and electrical equipment maker",5,"$1,001-$15,000 | $15,001-$50,000",47005,180000,False,overlapping_reported_ranges
EBAY INC 3 6% 06/05/2027 USD SR LIEN,,,,,,,,Preferred & hybrid securities,Preferred / hybrid perpetual security issued by Ebay Inc 3 6% 06/05/2027 USD SR Lien,1,"$15,001-$50,000",15001,50000,False,
EBAY INC CMN,,,,,,,,Common stock,Common stock of Ebay Inc,3,"$1,001-$15,000 | None",2002,30000,False,
EBAY INC. 3.6% 06/05/2027 USD,Municipal & gov bonds,"Corporate bond of online marketplace eBay; 3.6% coupon, matures 2027.",1,None,0,0,False,,,,,,,,
EBAY INC. 3.6% 06/05/2027 USD SR LIEN,Preferred & hybrid securities,"Senior bond of eBay, the online marketplace; 3.6% coupon, due June 2027",1,"$15,001-$50,000",15001,50000,False,,,,,,,,
EBAY INC. CMN,Common stock,"Common stock of eBay, the online marketplace company",2,"$1,001-$15,000 | None",1001,15000,False,,,,,,,,
ECOLAB INC CMN,,,,,,,,Common stock,Common stock of Ecolab Inc,3,"$1,001-$15,000 | None",2002,30000,False,
ECOLAB INC. CMN,Common stock,"Common stock of Ecolab, a water treatment and hygiene products company",3,"$1,001-$15,000",3003,45000,False,,,,,,,,
EDISON INTERNATIONAL CMN,Common stock,"Common stock of Edison International, parent of the Southern California Edison utility.",1,"$1,001-$15,000",1001,15000,False,Common stock,"Common stock of Edison International, parent of the Southern California Edison utility.",1,"$1,001-$15,000",1001,15000,False,same_reported_range
EDISON INTERNATIONAL HYBRID PERPETUAL USD,,,,,,,,Preferred & hybrid securities,Preferred / hybrid perpetual security issued by Edison International,2,None,0,0,False,
EDISON INTERNATIONAL HYBRID PERPETUAL USD SER B JRSUB LIEN CPN 11/1,Preferred & hybrid securities,Perpetual junior subordinated preferred security of utility holding company Edison International (Series B),1,"$1,001-$15,000",1001,15000,False,,,,,,,,
EDWARDS LIFESCIENCES CORPORATI CMN,Common stock,"Common stock of Edwards Lifesciences, a heart valve device maker",3,"$1,001-$15,000 | None",2002,30000,False,Common stock,"Common stock of Edwards Lifesciences, a heart valve device maker",2,"$1,001-$15,000",2002,30000,False,same_reported_range
EL PASO CNTY TEX GO 3 2660% 02/15/28 FA GO REF BDS 2016 B TAXBL LT BEO,,,,,,,,Municipal & gov bonds,"Municipal bond — EL Paso Cnty TEX, 2660% coupon",1,"$15,001-$50,000",15001,50000,False,
EL PASO CNTY TEX GO 3.2660% 02/15/28 FA GO REF BDS 2016 B TAXBL LT BEO,Municipal & gov bonds,"El Paso County, Texas taxable general obligation refunding bond — 3.266% coupon, due 2028",1,"$15,001-$50,000",15001,50000,False,,,,,,,,
ELANCO ANIMAL HEALTH INCORPORA CMN,Common stock,"Common stock of Elanco Animal Health, a maker of veterinary medicines.",3,"$15,001-$50,000 | $50,001-$100,000",115003,250000,False,Common stock,"Common stock of Elanco Animal Health, a maker of veterinary medicines.",3,"$1,001-$15,000 | $15,001-$50,000 | None",16002,65000,False,lower
ELASTIC N V CMN,,,,,,,,Common stock,Common stock of Elastic N V,1,None,0,0,False,
ELASTIC N.V. CMN,Common stock,"Common stock of Elastic, a search and data analytics software company",1,"$15,001-$50,000",15001,50000,False,,,,,,,,
ELECTRONIC ARTS CMN,Common stock,"Common stock of Electronic Arts, a video game publisher",3,"$1,001-$15,000 | None",2002,30000,False,Common stock,"Common stock of Electronic Arts, a video game publisher",4,"None | $1,001-$15,000",2002,30000,False,same_reported_range
ELEVANCE HEALTH INC CMN,Common stock,"Common stock of Elevance Health, a major health insurer formerly named Anthem",3,"$1,001-$15,000",3003,45000,False,Common stock,"Common stock of Elevance Health, a major health insurer formerly named Anthem",3,"$1,001-$15,000",3003,45000,False,same_reported_range
ELI LILLY & CO CMN,Common stock,"Common stock of Eli Lilly, a major pharmaceutical company.",5,"$50,001-$100,000 | None",200004,400000,False,Common stock,"Common stock of Eli Lilly, a major pharmaceutical company.",4,"None | $100,001-$250,000",300003,750000,False,overlapping_reported_ranges
ELI LILLY &CO COM,,,,,,,,Common stock,Common stock of ELI Lilly &CO,3,"$1,001-$15,000",3003,45000,False,
ELYRIA OHIO DB 4% 12/01/25 JD,,,,,,,,Municipal & gov bonds,"Municipal bond — Elyria Ohio, 4% coupon, due 12/01/25, pays Jun/Dec",1,None,0,0,False,
EMCOR GROUP INC CMN,,,,,,,,Common stock,Common stock of Emcor Group Inc,1,None,0,0,False,
EMERA INCORPORATED HYBRID 06/15/2076 USD SUB LIEN CPN 06/16/16 6 75%,,,,,,,,Preferred & hybrid securities,Preferred / hybrid perpetual security issued by Emera Incorporated,1,"$1,001-$15,000",1001,15000,False,
EMERA INCORPORATED HYBRID 06/15/2076 USD SUB LIEN CPN 06/16/16 6.75%,Preferred & hybrid securities,"Long-dated subordinated hybrid note of Canadian utility Emera, 6.75% coupon, due 06/15/2076",1,"$1,001-$15,000",1001,15000,False,,,,,,,,
EMERA US FINANCE LP 3.55% 06/15/2026 USD SER WI SR LIEN,Preferred & hybrid securities,"Bond of Emera US Finance, a Canadian utility's financing arm; 3.55%, due June 2026",1,"$1,001-$15,000",1001,15000,False,,,,,,,,
EMERSON ELECTRIC CO CMN,,,,,,,,Common stock,Common stock of Emerson Electric CO,4,"None | $15,001-$50,000",15001,50000,False,
EMERSON ELECTRIC CO. CMN,Common stock,"Common stock of Emerson Electric, an industrial automation technology company",4,"$15,001-$50,000 | None | $50,001-$100,000",80003,200000,False,,,,,,,,
ENEL SOCIETA PER AZIONI ADR CMN,Common stock,"American depositary shares of Enel, the large Italian electric utility.",2,"None | $15,001-$50,000",15001,50000,False,Common stock,"American depositary shares of Enel, the large Italian electric utility.",1,"$15,001-$50,000",15001,50000,False,same_reported_range
ENERGY TRANSFER OPERATING LP 5.25% 04/15/2029 USD SR LIEN,Preferred & hybrid securities,"Senior bond of Energy Transfer, an oil and gas pipeline operator; 5.25%, due 2029",1,"$1,001-$15,000",1001,15000,False,,,,,,,,
ENPHASE ENERGY INC CMN,,,,,,,,Common stock,Common stock of Enphase Energy Inc,2,None,0,0,False,
"ENPHASE ENERGY, INC. CMN",Common stock,"Common stock of Enphase Energy, a maker of solar power equipment",3,None,0,0,False,,,,,,,,
ENTERGY CORP HYBRID 12/01/2054,Preferred & hybrid securities,"Hybrid subordinated note of electric utility Entergy, maturing December 2054",1,None,0,0,False,,,,,,,,
ENTERGY CORPORATION 2 95% 09/01/2026 USD SR LIEN,,,,,,,,Preferred & hybrid securities,Preferred / hybrid perpetual security issued by Entergy Corporation 2 95% 09/01/2026 USD SR Lien,1,"$1,001-$15,000",1001,15000,False,
ENTERGY CORPORATION 2.95% 09/01/2026 USD SR LIEN,Preferred & hybrid securities,"Senior bond of Entergy, a southern US electric utility; 2.95%, maturing September 2026.",1,"$15,001-$50,000",15001,50000,False,,,,,,,,
ENTERGY CORPORATION CMN,Common stock,"Common stock of Entergy, electric utility serving the U.S. Gulf South",1,"$1,001-$15,000",1001,15000,False,Common stock,"Common stock of Entergy, electric utility serving the U.S. Gulf South",1,"$1,001-$15,000",1001,15000,False,same_reported_range
ENTERGY CORPORATION HYBRID 12/01/2054 USD JRSUB LIEN CPN 05/23/24 7 1,,,,,,,,Preferred & hybrid securities,Preferred / hybrid perpetual security issued by Entergy Corporation,1,"$1,001-$15,000",1001,15000,False,
ENTERGY CORPORATION HYBRID 12/01/2054 USD JRSUB LIEN CPN 05/23/24 7.1,Preferred & hybrid securities,"Junior subordinated hybrid bond of electric utility Entergy, maturing December 2054",1,"$1,001-$15,000",1001,15000,False,,,,,,,,
EPAM SYSTEMS INC CMN,,,,,,,,Common stock,Common stock of Epam Systems Inc,3,"$1,001-$15,000",3003,45000,False,
"EPAM SYSTEMS, INC. CMN",Common stock,"Common stock of EPAM Systems, a software engineering and IT services firm",3,"None | $1,001-$15,000",1001,15000,False,,,,,,,,
EQT CORPORATION CMN,,,,,,,,Common stock,Common stock of EQT Corporation,1,"$15,001-$50,000",15001,50000,False,
EQUIFAX INC CMN,,,,,,,,Common stock,Common stock of Equifax Inc,2,"$1,001-$15,000",2002,30000,False,
EQUIFAX INC. CMN,Common stock,"Common stock of Equifax, the consumer credit reporting company.",3,"$1,001-$15,000 | None",1001,15000,False,,,,,,,,
"EQUINIX, INC REIT",,,,,,,,Common stock,"Common stock of Equinix, Inc Reit",3,"None | $1,001-$15,000",2002,30000,False,
"EQUINIX, INC. REIT",Common stock,"Common stock of Equinix, a data center real estate investment trust",3,"$1,001-$15,000",3003,45000,False,,,,,,,,
EQUITABLE HOLDINGS INC CMN,,,,,,,,Common stock,Common stock of Equitable Holdings Inc,3,"$1,001-$15,000",3003,45000,False,
"EQUITY LIFESTYLE PROPERTIES, I CMN",Common stock,"Common stock of Equity LifeStyle Properties, a manufactured-home community landlord",1,None,0,0,False,,,,,,,,
EQUITY RESIDENTIAL CMN,Common stock,"Common stock of Equity Residential, an apartment real estate investment trust",3,"None | $1,001-$15,000",1001,15000,False,Common stock,"Common stock of Equity Residential, an apartment real estate investment trust",3,"None | $1,001-$15,000",2002,30000,False,overlapping_reported_ranges
ERIE CNTY N Y GO 1.0730% 04/01/25 AO TAXABLE GO REF BDS 2020 C TAXBL LT,Municipal & gov bonds,"Erie County, New York taxable general obligation refunding bond, 1.073%, due April 2025.",1,"$1,001-$15,000",1001,15000,False,,,,,,,,
ERIE INDEMNITY COMPANY CL A CMN CLASS A,,,,,,,,Common stock,Common stock of Erie Indemnity Company CL A,2,"$1,001-$15,000",2002,30000,False,
ERP OPERATING LP 2 85% 11/01/2026 USD SR LIEN,,,,,,,,Preferred & hybrid securities,Preferred / hybrid perpetual security issued by ERP Operating LP 2 85% 11/01/2026 USD SR Lien,1,"$15,001-$50,000",15001,50000,False,
ERP OPERATING LP 2.85% 11/01/2026 USD,Municipal & gov bonds,"Bond of ERP Operating, Equity Residential's apartment partnership, 2.85% coupon, due 11/01/2026",1,None,0,0,False,,,,,,,,
ERP OPERATING LP 2.85% 11/01/2026 USD SR LIEN,Preferred & hybrid securities,"Bond of ERP Operating, partnership behind apartment REIT Equity Residential; 2.85%, due 2026",2,"$15,001-$50,000",30002,100000,False,Preferred & hybrid securities,"Bond of ERP Operating, partnership behind apartment REIT Equity Residential; 2.85%, due 2026",1,"$1,001-$15,000",1001,15000,False,lower
ESSENT GROUP LTD COM USD0 015,,,,,,,,Common stock,Common stock of Essent Group Ltd Usd0 015,1,"$1,001-$15,000",1001,15000,False,
ESSEX PROPERTY TRUST INC CMN,Common stock,"Common stock of Essex Property Trust, a West Coast apartment REIT",1,None,0,0,False,Common stock,"Common stock of Essex Property Trust, a West Coast apartment REIT",2,"None | $1,001-$15,000",1001,15000,False,higher
ESTEE LAUDER COS INC CL A CMN CLASS A,,,,,,,,Common stock,Common stock of Estee Lauder COS Inc CL A,3,"$1,001-$15,000",3003,45000,False,
ESTEE LAUDER COS INC CL-A CMN CLASS A,Common stock,"Class A common stock of Estee Lauder, the cosmetics and skincare company.",3,"$1,001-$15,000 | None",2002,30000,False,,,,,,,,
"ETSY, INC. CMN",Common stock,"Common stock of Etsy, an online marketplace for handmade and vintage goods",3,None,0,0,False,,,,,,,,
EVEREST GROUP LTD CMN,Common stock,"Common stock of Everest Group, a reinsurance and insurance company",3,None,0,0,False,Common stock,"Common stock of Everest Group, a reinsurance and insurance company",1,None,0,0,False,same_reported_range
EVERSOURCE ENERGY 4 25 % 04/01/2029 USD SER O SR LIEN,,,,,,,,Preferred & hybrid securities,Preferred / hybrid perpetual security issued by Eversource Energy 4 25 % 04/01/2029 USD SER O SR Lien,1,"$1,001-$15,000",1001,15000,False,
EVERSOURCE ENERGY 4.25% 04/01/2029 USD SER O SR LIEN,Preferred & hybrid securities,"Senior bond of Eversource Energy, a New England utility — 4.25%, maturing April 2029",1,"$1,001-$15,000",1001,15000,False,,,,,,,,
EVERSOURCE ENERGY 5 85% 04/15/2031 USD SR LIEN,,,,,,,,Preferred & hybrid securities,Preferred / hybrid perpetual security issued by Eversource Energy 5 85% 04/15/2031 USD SR Lien,1,"$1,001-$15,000",1001,15000,False,
EVERSOURCE ENERGY 5.85% 04/15/2031 USD,Municipal & gov bonds,"Bond of Eversource Energy, a New England utility; 5.85% coupon, maturing April 2031.",1,None,0,0,False,,,,,,,,
EVERSOURCE ENERGY 5.85% 04/15/2031 USD SR LIEN,Preferred & hybrid securities,"Senior bond of New England utility Eversource Energy, 5.85% coupon, due 04/15/2031",1,"$1,001-$15,000",1001,15000,False,,,,,,,,
EVERSOURCE ENERGY CMN,Common stock,"Common stock of Eversource Energy, a New England electric and gas utility",1,"$1,001-$15,000",1001,15000,False,Common stock,"Common stock of Eversource Energy, a New England electric and gas utility",1,"$1,001-$15,000",1001,15000,False,same_reported_range
"EXELIXIS, INC. CMN",Common stock,"Common stock of Exelixis, a biotechnology company developing cancer drugs",2,None,0,0,False,,,,,,,,
EXELON CORP COM NPV,,,,,,,,Common stock,Common stock of Exelon Corp NPV,2,"$1,001-$15,000",2002,30000,False,
EXELON CORPORATION CMN,Common stock,"Common stock of Exelon, a large US electric utility holding company.",1,"$1,001-$15,000",1001,15000,False,Common stock,"Common stock of Exelon, a large US electric utility holding company.",1,"$1,001-$15,000",1001,15000,False,same_reported_range
EXPAND ENERGY CORP CMN,,,,,,,,Common stock,Common stock of Expand Energy Corp,1,"$15,001-$50,000",15001,50000,False,
EXPEDIA GROUP INC CMN,Common stock,"Common stock of Expedia Group, an online travel booking company",3,"$1,001-$15,000 | None",2002,30000,False,Common stock,"Common stock of Expedia Group, an online travel booking company",3,"$1,001-$15,000 | None",2002,30000,False,same_reported_range
EXPEDITORS INTERNATIONAL OF WA CMN,Common stock,"Common stock of Expeditors International, a freight forwarding and logistics company",3,"None | $1,001-$15,000",1001,15000,False,Common stock,"Common stock of Expeditors International, a freight forwarding and logistics company",1,None,0,0,False,lower
EXPEDITORS INTERNATIONAL OF WA CMN CLASS A,,,,,,,,Common stock,Common stock of Expeditors International of WA,1,"$1,001-$15,000",1001,15000,False,
EXTRA SPACE STORAGE INC CMN,,,,,,,,Common stock,Common stock of Extra Space Storage Inc,6,"$15,001-$50,000 | $1,001-$15,000 | None",19005,110000,False,
EXTRA SPACE STORAGE INC. CMN,Common stock,"Common stock of Extra Space Storage, a self-storage real estate investment trust",6,"$15,001-$50,000 | $1,001-$15,000 | None",19005,110000,False,,,,,,,,
EXXON MOBIL CORP COM,,,,,,,,Common stock,Common stock of Exxon Mobil Corp,3,"$1,001-$15,000",3003,45000,False,
EXXON MOBIL CORPORATION CMN,Common stock,"Common stock of Exxon Mobil, the oil and gas company.",1,"$50,001-$100,000",50001,100000,False,Common stock,"Common stock of Exxon Mobil, the oil and gas company.",1,"$15,001-$50,000",15001,50000,False,lower
F5 INC CMN,Common stock,"Common stock of F5, application security and networking technology company",1,None,0,0,False,Common stock,"Common stock of F5, application security and networking technology company",1,None,0,0,False,same_reported_range
FACTSET RESEARCH SYSTEMS INC CMN,Common stock,"Common stock of FactSet, a financial data and analytics provider",1,"$1,001-$15,000",1001,15000,False,Common stock,"Common stock of FactSet, a financial data and analytics provider",4,"$1,001-$15,000 | $50,001-$100,000",53004,145000,False,higher
FAIR ISAAC INC CMN,Common stock,"Common stock of Fair Isaac (FICO), the credit scoring and analytics company",2,None,0,0,False,Common stock,"Common stock of Fair Isaac (FICO), the credit scoring and analytics company",2,"$1,001-$15,000 | None",1001,15000,False,higher
FAIRFAX CNTY VA ECONOMIC DEV A REV 2.9680% 10/01/26 AO TAXABLE FACS F,Municipal & gov bonds,"Fairfax County, Virginia economic development authority taxable revenue bond; 2.968% coupon, matures 2026.",1,"$15,001-$50,000",15001,50000,False,,,,,,,,
FAIRFAX CNTY VA ECONOMIC DEV REV 2.9680 % 10/01/26 AO AUTH FAC REV RE,,,,,,,,Municipal & gov bonds,Municipal / government bond,1,"$15,001-$50,000",15001,50000,False,
FASTENAL COMPANY CMN,Common stock,"Common stock of Fastenal, an industrial fasteners and supplies distributor",3,"$1,001-$15,000 | None",2002,30000,False,Common stock,"Common stock of Fastenal, an industrial fasteners and supplies distributor",3,"$1,001-$15,000 | None",2002,30000,False,same_reported_range
FEDERAL REALTY INVESTMENT TRUS CMN,,,,,,,,Common stock,Common stock of Federal Realty Investment Trus,1,None,0,0,False,
FEDEX CORPORATION CMN,Common stock,"Common stock of FedEx, the package delivery company",3,"$1,001-$15,000",3003,45000,False,Common stock,"Common stock of FedEx, the package delivery company",6,"$1,001-$15,000 | $15,001-$50,000",20006,125000,False,overlapping_reported_ranges
FERGUSON ENTERPRISES INC CMN,Common stock,"Common stock of Ferguson, a plumbing and heating products distributor",3,"$15,001-$50,000 | $1,001-$15,000",31003,115000,False,Common stock,"Common stock of Ferguson, a plumbing and heating products distributor",3,"$1,001-$15,000",3003,45000,False,overlapping_reported_ranges
FERGUSON PLC CMN,Common stock,"Common stock of Ferguson, a plumbing and heating products distributor.",2,None,0,0,False,,,,,,,,
FIDELIS INSURANCE HOLDINGS LIM CMN,Common stock,"Common stock of Fidelis Insurance Holdings, a specialty insurer and reinsurer",1,None,0,0,False,,,,,,,,
FIDELITY GOVERNMENT CASH RESERVES,Cash & deposits,Fidelity money market fund holding U.S. government securities,8,"$50,001-$100,000 | $1,001-$15,000",106008,290000,False,Cash & deposits,Fidelity money market fund holding U.S. government securities,10,"$1-$1,000 | $1,001-$15,000",9010,136000,False,overlapping_reported_ranges
FIDELITY NATL INFO SVCS INC CMN,Common stock,"Common stock of Fidelity National Information Services, a payments and banking technology provider",3,"None | $1,001-$15,000",1001,15000,False,Common stock,"Common stock of Fidelity National Information Services, a payments and banking technology provider",1,"$1,001-$15,000",1001,15000,False,same_reported_range
FIFTH THIRD BANCORP CMN,Common stock,"Common stock of Fifth Third Bancorp, a Midwest regional bank.",3,"$1,001-$15,000 | None",2002,30000,False,Common stock,"Common stock of Fifth Third Bancorp, a Midwest regional bank.",3,"None | $1,001-$15,000",1001,15000,False,overlapping_reported_ranges
FIFTH THIRD BANCORP HYBRID PERPETUAL USD SER L JRSUB LIEN CPN 07/30,Preferred & hybrid securities,"Fifth Third Bancorp perpetual junior subordinated preferred security, Series L",1,"$1,001-$15,000",1001,15000,False,,,,,,,,
FIFTH THIRD BANCORP HYBRID PERPETUAL USD SER L JRSUB LIEN CPN 07/30/,Preferred & hybrid securities,Perpetual junior subordinated preferred security of regional bank Fifth Third Bancorp,1,"$1,001-$15,000",1001,15000,False,,,,,,,,
FIRST CITIZENS BANCSHARES INC HYBRID PERPETUAL SER D JRSUB LIEN CPN,,,,,,,,Preferred & hybrid securities,Preferred / hybrid perpetual security issued by First Citizens Bancshares Inc,2,"$1,001-$15,000",2002,30000,False,
FIRST SOLAR INC CMN,,,,,,,,Common stock,Common stock of First Solar Inc,2,"$1,001-$15,000",2002,30000,False,
"FIRST SOLAR, INC CMN",,,,,,,,Common stock,"Common stock of First Solar, Inc",1,"$1,001-$15,000",1001,15000,False,
"FIRST SOLAR, INC. CMN",Common stock,"Common stock of First Solar, a manufacturer of solar panels",3,"None | $1,001-$15,000",1001,15000,False,,,,,,,,
FIRSTENERGY CORP CMN,,,,,,,,Common stock,Common stock of Firstenergy Corp,2,"$1,001-$15,000 | None",1001,15000,False,
FIRSTENERGY CORP. CMN,Common stock,"Common stock of FirstEnergy, an Ohio-based electric utility.",2,"$1,001-$15,000 | $50,001-$100,000",51002,115000,False,,,,,,,,
FISERV INC 5 45 % 03/02/2028 USD SR LIEN,,,,,,,,Preferred & hybrid securities,Preferred / hybrid perpetual security issued by Fiserv Inc 5 45 % 03/02/2028 USD SR Lien,1,"$15,001-$50,000",15001,50000,False,
FISERV INC 5.45% 03/02/2028 USD,Municipal & gov bonds,"Bond of payments technology company Fiserv, 5.45% coupon, due 03/02/2028",1,None,0,0,False,,,,,,,,
FISERV INC 5.45% 03/02/2028 USD SR LIEN,Preferred & hybrid securities,"Corporate bond of payments processor Fiserv, 5.45% coupon, maturing March 2028",1,"$15,001-$50,000",15001,50000,False,,,,,,,,
FISERV INC CMN,,,,,,,,Common stock,Common stock of Fiserv Inc,3,"$1,001-$15,000",3003,45000,False,
"FISERV, INC. 3.85% 06/01/2025 SR LIEN",Preferred & hybrid securities,"Senior corporate bond of payments processor Fiserv — 3.85% coupon, matures June 2025",1,"$1,001-$15,000",1001,15000,False,,,,,,,,
"FISERV, INC. CMN",Common stock,"Common stock of Fiserv, a payments and financial technology company.",3,"$15,001-$50,000 | $1,001-$15,000",17003,80000,False,,,,,,,,
"FLEETCOR TECHNOLOGIES, INC. CMN",Common stock,"Common stock of FLEETCOR Technologies, a business payments company now named Corpay",1,None,0,0,False,,,,,,,,
"FLOOR & DECOR HOLDINGS, INC. CMN CLASS A",Common stock,"Class A common stock of Floor & Decor, a hard-surface flooring retailer",1,None,0,0,False,,,,,,,,
FLORIDA ST BRD ED PUB ED DB 5% 06/01/31 JD CAP OUTLAY REF BDS 2021 B U,Municipal & gov bonds,"Florida State Board of Education capital outlay refunding bond, 5%, due June 2031.",1,"$15,001-$50,000",15001,50000,False,Municipal & gov bonds,"Florida State Board of Education capital outlay refunding bond, 5%, due June 2031.",1,"$15,001-$50,000",15001,50000,False,same_reported_range
FLORIDA ST DEPT ENVIRONMENTAL REV 5 / 07/01/26 JJ PROTN PRESERVATION,,,,,,,,Municipal & gov bonds,Municipal / government bond,1,"$1,001-$15,000",1001,15000,False,
FLORIDA ST DEPT ENVIRONMENTAL REV 5% 07/01/27 JJ PROTN PRESERVATION,,,,,,,,Municipal & gov bonds,"Municipal bond — Florida ST Dept Environmental, 5% coupon",1,"$1,001-$15,000",1001,15000,False,
FLORIDA ST DEPT TRANSN FING REV 5% 07/01/26 JJ CORP REV BDS 2018 BEO,,,,,,,,Municipal & gov bonds,"Municipal bond — Florida ST Dept Transn Fing, 5% coupon",1,"$15,001-$50,000",15001,50000,False,
FLORIDA ST MUN LN COUNCIL REV REV 5 / 12/01/26 JD BDS 2019B BEO,,,,,,,,Municipal & gov bonds,Municipal / government bond,1,"$1,001-$15,000",1001,15000,False,
FMC CORPORATION CMN,Common stock,"Common stock of FMC, an agricultural chemicals and crop protection company",3,"None | $1,001-$15,000",1001,15000,False,Common stock,"Common stock of FMC, an agricultural chemicals and crop protection company",2,"$1-$1,000 | None",1,1000,False,lower
FORD MOTOR COMPANY CMN,Common stock,"Common stock of Ford Motor Company, the automaker",3,"$1,001-$15,000",3003,45000,False,Common stock,"Common stock of Ford Motor Company, the automaker",3,"$1,001-$15,000",3003,45000,False,same_reported_range
FORTINET INC CMN,,,,,,,,Common stock,Common stock of Fortinet Inc,3,"$1,001-$15,000",3003,45000,False,
"FORTINET, INC. CMN",Common stock,"Common stock of Fortinet, a network security and cybersecurity company",3,"$1,001-$15,000",3003,45000,False,,,,,,,,
FORTIVE CORPORATION CMN,Common stock,"Common stock of Fortive, an industrial technology and instruments company.",3,"$1,001-$15,000 | None",1001,15000,False,Common stock,"Common stock of Fortive, an industrial technology and instruments company.",2,"$1,001-$15,000 | None",1001,15000,False,same_reported_range
FOX CORP 3.5% 04/08/2030 USD,,,,,,,,Municipal & gov bonds,"Municipal bond — FOX Corp, 3.5% coupon",1,None,0,0,False,
FOX CORP 3.5% 04/08/2030 USD SR LIEN,Preferred & hybrid securities,"Senior bond of Fox Corporation, the media company; 3.5%, due April 2030",1,"$1,001-$15,000",1001,15000,False,,,,,,,,
FOX CORPORATION 4 709% 01/25/2029 USD,,,,,,,,Municipal & gov bonds,"Municipal bond — FOX Corporation 4, 709% coupon",1,None,0,0,False,
FOX CORPORATION 4 709% 01/25/2029 USD SER WI SR LIEN,,,,,,,,Preferred & hybrid securities,Preferred / hybrid perpetual security issued by FOX Corporation 4 709% 01/25/2029 USD SER WI SR Lien,1,"$15,001-$50,000",15001,50000,False,
FOX CORPORATION 4.709% 01/25/2029 USD SER WI SR LIEN,Preferred & hybrid securities,"Senior bond of media company Fox Corporation, 4.709%, maturing January 2029",2,"$1,001-$15,000 | $15,001-$50,000",16002,65000,False,,,,,,,,
FOX CORPORATION CMN,Common stock,"Common stock of Fox Corporation, a television broadcasting and media company",2,"$1,001-$15,000",2002,30000,False,Common stock,"Common stock of Fox Corporation, a television broadcasting and media company",2,"$1,001-$15,000",2002,30000,False,same_reported_range
FOX CORPORATION CMN CLASS B,Common stock,"Class B common stock of Fox Corporation, a television and news media company.",1,None,0,0,False,,,,,,,,
FPA NEW INCOME FUND,Funds & ETFs,"FPA New Income Fund, a conservative bond mutual fund",2,"$1,001-$15,000",2002,30000,False,Funds & ETFs,"FPA New Income Fund, a conservative bond mutual fund",2,"$1,001-$15,000 | $50,001-$100,000",51002,115000,False,higher
FRANKLIN CNTY OHIO CONVENTION REV 5.0000% 12/01/31-CA JD,Municipal & gov bonds,"Franklin County, Ohio convention facilities revenue bond, 5% coupon, due December 2031",1,None,0,0,False,,,,,,,,
FRANKLIN CNTY OHIO HOSP REV,,,,,,,,Municipal & gov bonds,Municipal / government bond,2,"$1,001-$15,000 | $50,001-$100,000",51002,115000,False,
FRANKLIN CNTY OHIO SALES TAX REV 5% 06/01/25 JD,Municipal & gov bonds,"Franklin County, Ohio sales tax revenue bond — 5% coupon, matures June 2025",1,None,0,0,False,,,,,,,,
FRANKLIN CNTY OHIO SALES TAX REV 5% 06/01/25 JD REV VAR PURP BDS 2018,Municipal & gov bonds,"Franklin County, Ohio sales tax revenue bond; 5% coupon, matures June 2025.",1,"$50,001-$100,000",50001,100000,False,,,,,,,,
FRANKLIN RESOURCES INC CMN,Common stock,"Common stock of Franklin Resources, the asset manager behind Franklin Templeton funds",3,"$1,001-$15,000 | None",2002,30000,False,Common stock,"Common stock of Franklin Resources, the asset manager behind Franklin Templeton funds",2,"None | $1,001-$15,000",1001,15000,False,overlapping_reported_ranges
FREEPORT MCMORAN INC CMN,,,,,,,,Common stock,Common stock of Freeport Mcmoran Inc,2,"$1,001-$15,000",2002,30000,False,
FREEPORT-MCMORAN INC CMN,Common stock,"Common stock of Freeport-McMoRan, a copper and gold mining company",3,"$1,001-$15,000",3003,45000,False,Common stock,"Common stock of Freeport-McMoRan, a copper and gold mining company",1,"$1,001-$15,000",1001,15000,False,overlapping_reported_ranges
FRISCO TEX DB 5 / 02/15/32 FA COMBINATION TAX SURP REV CTFS OBLIG 2025,,,,,,,,Municipal & gov bonds,Municipal / government bond,1,"$50,001-$100,000",50001,100000,False,
FRISCO TEX GO 5 % 02/15/31 FA GO REF IMPT BDS 2025 LT BEO,,,,,,,,Municipal & gov bonds,Municipal / government bond,1,"$100,001-$250,000",100001,250000,False,
FTI CONSULTING INC,,,,,,,,Common stock,Common stock of FTI Consulting Inc,2,"$1,001-$15,000",2002,30000,False,
GARMIN LTD CMN,Common stock,"Common stock of Garmin, maker of GPS devices and smartwatches",3,"None | $1,001-$15,000",1001,15000,False,Common stock,"Common stock of Garmin, maker of GPS devices and smartwatches",3,"$1,001-$15,000 | None",2002,30000,False,overlapping_reported_ranges
GARTNER INC CMN,,,,,,,,Common stock,Common stock of Gartner Inc,1,"$1,001-$15,000",1001,15000,False,
"GARTNER, INC CMN",,,,,,,,Common stock,"Common stock of Gartner, Inc",2,"$1,001-$15,000",2002,30000,False,
"GARTNER, INC. CMN",Common stock,"Common stock of Gartner, a technology research and advisory firm.",3,"$1,001-$15,000",3003,45000,False,,,,,,,,
GCI LIBERTY INC CMN ESCROW,,,,,,,,Common stock,Common stock of GCI Liberty Inc Escrow,2,None,0,0,False,
"GCI LIBERTY, INC. CMN ESCROW",Common stock,"Escrow shares related to GCI Liberty, an Alaska telecommunications holding company",1,None,0,0,False,,,,,,,,
GE AEROSPACE CMN,Common stock,"Common stock of GE Aerospace, a jet engine manufacturer",1,None,0,0,False,,,,,,,,
GE AEROSPACE COM,Common stock,"Common stock of GE Aerospace, the jet engine maker",3,"$1,001-$15,000",3003,45000,False,,,,,,,,
GE AEROSPACE COM NEW,,,,,,,,Common stock,Common stock of GE Aerospace New,3,"$1,001-$15,000",3003,45000,False,
GE HEALTHCARE TECHNOLOGIES INC CMN,Common stock,"Common stock of GE HealthCare, a medical imaging and diagnostics company.",2,"None | $1,001-$15,000",1001,15000,False,Common stock,"Common stock of GE HealthCare, a medical imaging and diagnostics company.",3,"$1,001-$15,000",3003,45000,False,overlapping_reported_ranges
GE VERNOVA INC COM,,,,,,,,Common stock,Common stock of GE Vernova Inc,2,"$1,001-$15,000",2002,30000,False,
GE VERNOVA LLC CMN,Common stock,"Common stock of GE Vernova, General Electric's spun-off power and energy equipment business",5,"$50,001-$100,000 | $1,001-$15,000 | $100,001-$250,000",153005,395000,False,Common stock,"Common stock of GE Vernova, General Electric's spun-off power and energy equipment business",5,"$15,001-$50,000",75005,250000,False,overlapping_reported_ranges
GEN DIGITAL INC CMN,Common stock,"Common stock of Gen Digital, a consumer cybersecurity software company",2,None,0,0,False,Common stock,"Common stock of Gen Digital, a consumer cybersecurity software company",2,None,0,0,False,same_reported_range
GENERAC HOLDINGS INC. CMN,Common stock,"Common stock of Generac, a maker of backup power generators",2,None,0,0,False,,,,,,,,
GENERAL MILLS INC CMN,Common stock,"Common stock of General Mills, a packaged-food maker (Cheerios, Betty Crocker).",4,"$1,001-$15,000 | None",3003,45000,False,Common stock,"Common stock of General Mills, a packaged-food maker (Cheerios, Betty Crocker).",5,"$15,001-$50,000 | $1,001-$15,000 | None",32004,130000,False,overlapping_reported_ranges
GENERAL MOTORS COMPANY CMN,Common stock,Common stock of automaker General Motors,5,"$50,001-$100,000 | $15,001-$50,000 | None | $1,001-$15,000",66003,165000,False,Common stock,Common stock of automaker General Motors,3,"$1,001-$15,000",3003,45000,False,lower
GENERAL MOTORS FINL CO 4 3% 04/06/2029 USD SR LIEN,,,,,,,,Preferred & hybrid securities,Preferred / hybrid perpetual security issued by General Motors Finl CO 4 3% 04/06/2029 USD SR Lien,1,"$15,001-$50,000",15001,50000,False,
GENERAL MOTORS FINL CO 4.3% 04/06/2029 USD,Municipal & gov bonds,"Bond of General Motors Financial, GM's auto-lending arm; 4.3% coupon, due April 2029",1,None,0,0,False,,,,,,,,
GENERAL MOTORS FINL CO 4.3% 04/06/2029 USD SR LIEN,Preferred & hybrid securities,"Senior bond of GM Financial, General Motors' lending arm — 4.3% coupon, matures 2029",2,"$1,001-$15,000 | $15,001-$50,000",16002,65000,False,,,,,,,,
GENERAL MOTORS FINL CO 5 85 % 04/06/2030 USD SR LIEN,,,,,,,,Preferred & hybrid securities,Preferred / hybrid perpetual security issued by General Motors Finl CO 5 85 % 04/06/2030 USD SR Lien,1,"$1,001-$15,000",1001,15000,False,
GENERAL MOTORS FINL CO 5.85% 04/06/2030 USD SR LIEN,Preferred & hybrid securities,"Senior bond of General Motors Financial, GM's auto lending arm; 5.85% coupon, matures 2030.",1,"$15,001-$50,000",15001,50000,False,,,,,,,,
GENUINE PARTS CO CMN,,,,,,,,Common stock,Common stock of Genuine Parts CO,3,"$1,001-$15,000",3003,45000,False,
GENUINE PARTS CO. CMN,Common stock,"Common stock of Genuine Parts Company, the auto parts distributor behind NAPA",3,"$1,001-$15,000 | None",2002,30000,False,,,,,,,,
GEORGIA ST GO 5% 07/01/24 JJ,Municipal & gov bonds,"State of Georgia general obligation bond, 5%, maturing July 2024",1,None,0,0,False,,,,,,,,
GILEAD SCIENCES CMN,Common stock,"Common stock of Gilead Sciences, a biopharmaceutical company known for antiviral drugs",2,"$15,001-$50,000 | $1,001-$15,000",16002,65000,False,Common stock,"Common stock of Gilead Sciences, a biopharmaceutical company known for antiviral drugs",2,"$15,001-$50,000",30002,100000,False,overlapping_reported_ranges
GITLAB INC CMN,Common stock,"Common stock of GitLab, a software development platform company.",1,None,0,0,False,,,,,,,,
GLOBAL LONG SHORT PARTNERS 100% OF FUNDS ASSETS IN ILLIQUID INVEST,Hedge funds & private funds,Long/short hedge fund whose assets are entirely in illiquid investments,1,"$15,001-$50,000",15001,50000,False,Hedge funds & private funds,Long/short hedge fund whose assets are entirely in illiquid investments,1,"$1,001-$15,000",1001,15000,False,lower
GLOBAL LONG SHORT PARTNERS SPV LTD 100 % OF FUNDS ASSETS IN ILLIQUID,,,,,,,,Hedge funds & private funds,Private fund / partnership interest — Global Long Short Partners SPV Ltd 100 % of Funds Assets IN Illiquid,1,"$1,001-$15,000",1001,15000,False,
GLOBAL LONG SHORT PARTNERS SPV LTD 100% OF FUNDS ASSETS IN ILLIQUID,Hedge funds & private funds,Special-purpose vehicle holding illiquid remaining assets of a long/short equity hedge fund,1,"$15,001-$50,000",15001,50000,False,,,,,,,,
GLOBAL PAYMENTS INC 3 2% 08/15/2029 USD SR LIEN,,,,,,,,Preferred & hybrid securities,Preferred / hybrid perpetual security issued by Global Payments Inc 3 2% 08/15/2029 USD SR Lien,2,"$1,001-$15,000",2002,30000,False,
GLOBAL PAYMENTS INC CMN,,,,,,,,Common stock,Common stock of Global Payments Inc,4,"None | $1,001-$15,000",2002,30000,False,
GLOBAL PAYMENTS INC. 3.2% 08/15/2029 USD,Municipal & gov bonds,"Corporate bond of payments technology firm Global Payments — 3.2% coupon, matures 2029",1,None,0,0,False,,,,,,,,
GLOBAL PAYMENTS INC. 3.2% 08/15/2029 USD SR LIEN,Preferred & hybrid securities,"Senior bond of payments processor Global Payments; 3.2% coupon, matures 2029.",3,"$1,001-$15,000 | $15,001-$50,000",17003,80000,False,,,,,,,,
GLOBAL PAYMENTS INC. CMN,Common stock,"Common stock of Global Payments, a payment processing technology company",3,"$1,001-$15,000 | None",2002,30000,False,,,,,,,,
GLOBAL PRIVATE OPPORTUNITIES PARTNERS II LP,Hedge funds & private funds,Private investment partnership; strategy not identifiable from name,2,"$100,001-$250,000 | $500,001-$1,000,000",600002,1250000,False,Hedge funds & private funds,Private investment partnership; strategy not identifiable from name,2,"$50,001-$100,000 | $100,001-$250,000",150002,350000,False,lower
GLOBE LIFE INC CMN,Common stock,"Common stock of Globe Life, a life and supplemental health insurer",3,"$1,001-$15,000 | None",1001,15000,False,Common stock,"Common stock of Globe Life, a life and supplemental health insurer",2,"None | $1,001-$15,000",1001,15000,False,same_reported_range
GODADDY INC CMN CLASS A,,,,,,,,Common stock,Common stock of Godaddy Inc,1,"$1,001-$15,000",1001,15000,False,
GOLDMAN SACHS BANK USA DEPOSIT (BDA),Cash & deposits,Bank deposit account held at Goldman Sachs Bank USA.,5,"$50,001-$100,000 | $1,000,001-$5,000,000 | $500,001-$1,000,000 | $100,001-$250,000 | $15,001-$50,000",1665005,6400000,False,Cash & deposits,Bank deposit account held at Goldman Sachs Bank USA.,7,"$15,001-$50,000 | $100,001-$250,000 | $500,001-$1,000,000 | $250,001-$500,000",1145007,2400000,False,overlapping_reported_ranges
GRAND IS N Y CENT SCH DIST GO 4% 12/01/28-CA JD SCH DIST SERIAL BDS 201,Municipal & gov bonds,"Grand Island, New York central school district general obligation bond, 4% coupon, due 12/01/2028",1,"$1,001-$15,000",1001,15000,False,Municipal & gov bonds,"Municipal bond — Grand IS N Y Cent, 4% coupon",1,"$1,001-$15,000",1001,15000,False,same_reported_range
GRANDVIEW HEIGHTS OHIO CITY SC GO 4% 12/01/25 JD,,,,,,,,Municipal & gov bonds,"Municipal bond — Grandview Heights Ohio City SC, 4% coupon, due 12/01/25, pays Jun/Dec",1,None,0,0,False,
GRAPHIC PACKAGING HLDG CO CMN,,,,,,,,Common stock,Common stock of Graphic Packaging Hldg CO,1,"$50,001-$100,000",50001,100000,False,
GRAPHIC PACKAGING HLDGCO CMN,Common stock,"Common stock of Graphic Packaging, a consumer paperboard packaging maker",3,"$15,001-$50,000 | $50,001-$100,000",80003,200000,False,Common stock,"Common stock of Graphic Packaging, a consumer paperboard packaging maker",2,"$1,001-$15,000 | None",1001,15000,False,lower
GREATER CLEVELAND REGL TRAN REV 5% 12/01/25 JD,,,,,,,,Municipal & gov bonds,"Municipal bond — Greater Cleveland Regl Tran, 5% coupon, due 12/01/25, pays Jun/Dec",1,None,0,0,False,
GROWTH AND EMERGING MARKETS PRIVATE EQUITY MANAGERS LP,Hedge funds & private funds,Fund-of-funds partnership investing with growth and emerging markets private equity managers,2,"$100,001-$250,000 | $250,001-$500,000",350002,750000,False,Hedge funds & private funds,Fund-of-funds partnership investing with growth and emerging markets private equity managers,2,"$50,001-$100,000 | $100,001-$250,000",150002,350000,False,lower
GS CAPITAL PARTNERS VI L.P,,,,,,,,Hedge funds & private funds,Private fund / partnership interest — GS Capital Partners VI L.P,1,None,0,0,False,
"GS CAPITAL PARTNERS VI, L.P. /GSCP VI AIV",Hedge funds & private funds,"Goldman Sachs private equity fund, GS Capital Partners VI, via alternative investment vehicle.",1,"$15,001-$50,000",15001,50000,False,,,,,,,,
GS FINANCE CORP. LINKED TO ESTX BANKS (EUR) PR BETTER OF CNTNGNT C,Structured notes,"Goldman Sachs structured note tied to the Euro Stoxx Banks index, with contingent coupon",1,"$250,001-$500,000",250001,500000,False,,,,,,,,
GS FINANCE CORP. LINKED TO ESTX BANKS (EUR) PR BETTER OF CNTNGNT CP,Structured notes,Goldman Sachs structured note tied to the Euro Stoxx Banks index with contingent coupons,1,"$100,001-$250,000",100001,250000,False,,,,,,,,
GS FINANCE CORP. LINKED TO EURO STOXX 50 PR BETTER OF CNTNGNT CPN,Structured notes,"Goldman Sachs structured note tied to the Euro Stoxx 50 index, paying contingent coupons",2,"$250,001-$500,000 | $1,000,001-$5,000,000",1250002,5500000,False,,,,,,,,
GS FS TRSY SOLUTIONS MM FUND MUTUAL FUND,Funds & ETFs,Goldman Sachs Financial Square Treasury Solutions money market mutual fund.,4,"$100,001-$250,000 | $250,001-$500,000 | $1,000,001-$5,000,000",1450004,6000000,False,Funds & ETFs,Goldman Sachs Financial Square Treasury Solutions money market mutual fund.,4,"$100,001-$250,000 | $250,001-$500,000",700004,1500000,False,overlapping_reported_ranges
GUIDEWIRE SOFTWARE INC CMN,Common stock,"Common stock of Guidewire Software, which makes software for insurance companies",2,None,0,0,False,,,,,,,,
HAMILTON CNTY OHIO GO 5.0000% 12/01/25 JD,Municipal & gov bonds,"Hamilton County, Ohio general obligation bond, 5% coupon, maturing December 2025",1,None,0,0,False,,,,,,,,
HAMILTON CNTY OHIO HOSP,,,,,,,,Other,Reported asset or transaction line item — Hamilton Cnty Ohio Hosp,2,"$1,001-$15,000 | $15,001-$50,000",16002,65000,False,
HAMILTON CNTY OHIO HOSP FACS REV VAR 03.24000% 06/01/2027 REV BDS TH,Municipal & gov bonds,"Hamilton County, Ohio hospital facilities revenue bond — variable rate (3.24%), due June 2027",2,"$1,001-$15,000",2002,30000,False,,,,,,,,
HAMILTON CNTY OHIO SALES TAX REV 5 / 12/01/30 JD REF BDS 2021 A BEO,,,,,,,,Municipal & gov bonds,Municipal / government bond,1,"$1,001-$15,000",1001,15000,False,
HAMILTON CNTY OHIO SALES TAX REV 5% 12/01/25 JD,Municipal & gov bonds,"Hamilton County, Ohio sales tax revenue bond; 5% coupon, matures December 2025.",1,None,0,0,False,,,,,,,,
HAMILTON CNTY OHIO SALES TAX REV 5% 12/01/25 JD REF BDS 2016 A BEO,Municipal & gov bonds,"Hamilton County, Ohio sales tax revenue refunding bond; 5%, due December 2025",1,"$100,001-$250,000",100001,250000,False,,,,,,,,
HAMILTON CNTY OHIO SALES TAX REV 5% 12/01/30 JD REF BDS 2021 A BEO,Municipal & gov bonds,"Hamilton County, Ohio sales tax revenue refunding bond, 5%, maturing December 2030",1,"$15,001-$50,000",15001,50000,False,,,,,,,,
HAMILTON CNTY OHIO SWR SYS REV REV 5.0000% 12/01/24 JD,Municipal & gov bonds,"Hamilton County, Ohio sewer system revenue bond — 5% coupon, maturing December 2024",1,None,0,0,False,,,,,,,,
HAMILTON OHIO DB 4 % 12/15/26 JD VAR PURP GEN OBLIG LTD TAX BD ANTIC N,,,,,,,,Municipal & gov bonds,Municipal / government bond,1,"$15,001-$50,000",15001,50000,False,
HARRIS CNTY TEX CULTURAL ED,,,,,,,,Other,Reported asset or transaction line item — Harris Cnty TEX Cultural ED,5,"$1,001-$15,000 | $50,001-$100,000 | $100,001-$250,000",301005,715000,False,
HARRIS CNTY TEX CULTURAL ED FACS FIN 03.30000% 10/01/2045 CORP REV HO,Municipal & gov bonds,"Harris County, Texas cultural education facilities finance corporation revenue bond, 3.3%, due October 2045.",2,"$1,001-$15,000",2002,30000,False,,,,,,,,
HARRISON STREET REAL ASSETS CL I,,,,,,,,Other,Reported asset or transaction line item — Harrison Street Real Assets CL I,2,"$1,001-$15,000",2002,30000,False,
HARRISONBURG VA GO 5% 07/15/24 JJ,Municipal & gov bonds,"City of Harrisonburg, Virginia general obligation bond, 5% coupon, due 07/15/2024",1,None,0,0,False,,,,,,,,
HARTFORD FINANCIAL SRVCS GROUP CMN,Common stock,"Common stock of The Hartford, a property and casualty insurance company",3,None,0,0,False,,,,,,,,
HARTFORD INSURANCE GROUP INC/T CMN,Common stock,"Common stock of The Hartford, a property and casualty insurance company",4,"$15,001-$50,000 | $1,001-$15,000",18004,95000,False,Common stock,"Common stock of The Hartford, a property and casualty insurance company",5,"None | $1,001-$15,000",2002,30000,False,overlapping_reported_ranges
HASBRO INC CMN,,,,,,,,Common stock,Common stock of Hasbro Inc,3,"$1,001-$15,000",3003,45000,False,
"HASBRO, INC. CMN",Common stock,"Common stock of Hasbro, the toy and game maker.",3,"None | $1,001-$15,000",1001,15000,False,,,,,,,,
HCA HEALTHCARE INC CMN,,,,,,,,Common stock,Common stock of HCA Healthcare Inc,6,"None | $1,001-$15,000",3003,45000,False,
"HCA HEALTHCARE, INC CMN",Common stock,"Common stock of HCA Healthcare, a large for-profit hospital operator",6,"$15,001-$50,000 | $1,001-$15,000 | None",19005,110000,False,,,,,,,,
HCA INC 5 5 % 06/01/2033 USD SR LIEN,,,,,,,,Preferred & hybrid securities,Preferred / hybrid perpetual security issued by HCA Inc 5 5 % 06/01/2033 USD SR Lien,1,"$1,001-$15,000",1001,15000,False,
HEALTHPEAK OP LLC CMN,,,,,,,,Common stock,Common stock of Healthpeak OP LLC,2,None,0,0,False,
"HEALTHPEAK OP, LLC CMN",Common stock,"Common stock of Healthpeak, a healthcare real estate company",3,"$1,001-$15,000 | None",2002,30000,False,,,,,,,,
HEALTHPEAK PROPERTIES INC CMN,,,,,,,,Common stock,Common stock of Healthpeak Properties Inc,2,"None | $1,001-$15,000",1001,15000,False,
HEDGE FUND SELECT ELT ASSOCIATES LLC COMMITMENT,Hedge funds & private funds,Commitment to a private hedge fund vehicle; strategy not identifiable from name,1,None,0,0,False,,,,,,,,
HEDGE FUND SELECT ELT ASSOCIATES LLC COMMITMENT CLASS A SERIES 1,Hedge funds & private funds,Commitment to a hedge-fund vehicle (ELT Associates LLC); underlying strategy not identifiable from name.,1,"$1,000,001-$5,000,000",1000001,5000000,False,Hedge funds & private funds,Commitment to a hedge-fund vehicle (ELT Associates LLC); underlying strategy not identifiable from name. | Private fund / partnership interest — Hedge Fund Select ELT Associates LLC Commitment Class A Series 1,2,"$1,000,001-$5,000,000",2000002,10000000,False,overlapping_reported_ranges
HEDGE FUND SELECT MILLENNIUM LLC CLASS A SERIES 1,,,,,,,,Hedge funds & private funds,Private fund / partnership interest — Hedge Fund Select Millennium LLC Class A Series 1,1,"$500,001-$1,000,000",500001,1000000,False,
HEDGE FUND SELECT: ELT ASSOCIATES LLC COMMITMENT,Hedge funds & private funds,Hedge fund commitment to ELT Associates; strategy not identifiable from name,1,None,0,0,False,,,,,,,,
HEDGE FUND SELECT: ELT ASSOCIATES LLC COMMITMENT CLASS A SERIES 1,Hedge funds & private funds,Commitment to a hedge-fund access vehicle (ELT Associates); underlying strategy not identifiable,1,"$5,000,001-$25,000,000",5000001,25000000,False,,,,,,,,
HEDGE FUND SELECT: MILLENNIUM LLC CLASS A SERIES 1,Hedge funds & private funds,"Feeder fund interest in Millennium, a large multi-strategy hedge fund",1,"$500,001-$1,000,000",500001,1000000,False,,,,,,,,
HEMPSTEAD TOWN N Y GO 5 % 03/01/29 MS PUB IMPT BDS 2022 A UT BEO,,,,,,,,Municipal & gov bonds,Municipal / government bond,1,"$1,001-$15,000",1001,15000,False,
HEMPSTEAD TOWN N Y GO 5% 03/01/29 MS PUB IMPT BDS 2022 A UT BEO,Municipal & gov bonds,"Town of Hempstead, New York general obligation public improvement bond; 5% coupon, matures 2029.",1,"$1,001-$15,000",1001,15000,False,,,,,,,,
HENRY SCHEIN INC COMMON STOCK,Common stock,"Common stock of Henry Schein, a dental and medical products distributor",3,"$1,001-$15,000 | None",1001,15000,False,Common stock,"Common stock of Henry Schein, a dental and medical products distributor",2,None,0,0,False,lower
HERSHEY COMPANY COM,Common stock,"Common stock of The Hershey Company, the chocolate and confectionery maker",3,"$1,001-$15,000",3003,45000,False,,,,,,,,
HEWLETT PACKARD ENTERPRISE CO CMN,Common stock,"Common stock of Hewlett Packard Enterprise, an enterprise technology and server company",3,"$1,001-$15,000 | None",1001,15000,False,Common stock,"Common stock of Hewlett Packard Enterprise, an enterprise technology and server company",3,None,0,0,False,lower
HILTON WORLDWIDE HOLDINGS INC CMN,,,,,,,,Common stock,Common stock of Hilton Worldwide Holdings Inc,3,"$1,001-$15,000 | $15,001-$50,000",17003,80000,False,
HILTON WORLDWIDE HOLDINGS INC. CMN,Common stock,"Common stock of Hilton Worldwide, a global hotel company.",3,"$1,001-$15,000 | $15,001-$50,000 | None",16002,65000,False,,,,,,,,
HOLOGIC INCORPORATED CMN,Common stock,"Common stock of Hologic, medical device maker focused on women's health",3,"$1,001-$15,000 | None",2002,30000,False,Common stock,"Common stock of Hologic, medical device maker focused on women's health",4,"None | $1,001-$15,000",1001,15000,False,overlapping_reported_ranges
HOME DEPOT INC,Common stock,"Common stock of Home Depot, the home improvement retailer",3,"$15,001-$50,000 | $1,001-$15,000",31003,115000,False,Common stock,"Common stock of Home Depot, the home improvement retailer",3,"$1,001-$15,000",3003,45000,False,overlapping_reported_ranges
HONEYWELL INTERNATIONAL INC,Common stock,"Common stock of Honeywell, a diversified industrial and aerospace technology company",3,"$1,001-$15,000",3003,45000,False,,,,,,,,
HONEYWELL INTERNATIONAL INC COM USD1,,,,,,,,Common stock,Common stock of Honeywell International Inc Usd1,2,"$1,001-$15,000",2002,30000,False,
HONEYWELL INTL INC CMN,Common stock,"Common stock of Honeywell International, a diversified industrial and aerospace company.",4,"None | $1,001-$15,000 | $100,001-$250,000",101002,265000,False,Common stock,"Common stock of Honeywell International, a diversified industrial and aerospace company.",2,"$1,001-$15,000 | $15,001-$50,000",16002,65000,False,lower
HONOLULU HAWAII CITY & CNTY GO 5 % 07/01/26 JJ GO BDS 2025 D UT BEO,,,,,,,,Municipal & gov bonds,Municipal / government bond,1,"$1,001-$15,000",1001,15000,False,
HORMEL FOODS CORPORATION CMN,Common stock,"Common stock of Hormel Foods, a packaged food and meat products company",3,"$1,001-$15,000 | None",1001,15000,False,Common stock,"Common stock of Hormel Foods, a packaged food and meat products company",2,"$1,001-$15,000",2002,30000,False,overlapping_reported_ranges
HOST HOTELS & RESORTS INC CMN,Common stock,"Common stock of Host Hotels & Resorts, a hotel real estate company",2,"None | $1,001-$15,000",1001,15000,False,Common stock,"Common stock of Host Hotels & Resorts, a hotel real estate company",2,"$1,001-$15,000 | None",1001,15000,False,same_reported_range
HP INC CMN,,,,,,,,Common stock,Common stock of HP Inc,3,"$1,001-$15,000 | None",2002,30000,False,
HP INC. CMN,Common stock,"Common stock of HP, maker of personal computers and printers",3,"$1,001-$15,000 | None",2002,30000,False,,,,,,,,
HSBC BANK PLC LINKED TO S&P 500 INDEX CNTNGNT CPN W BUFFER STRUCT,Structured notes,"HSBC structured note tied to the S&P 500, paying contingent coupons with downside buffer.",3,"$15,001-$50,000 | $100,001-$250,000",130003,350000,False,,,,,,,,
HSBC HOLDINGS PLC SPONSORED ADR CMN,Common stock,U.S.-listed shares (ADR) of British global bank HSBC,2,"None | $50,001-$100,000",50001,100000,False,Common stock,U.S.-listed shares (ADR) of British global bank HSBC,1,"$50,001-$100,000",50001,100000,False,same_reported_range
HUBBELL INCORPORATED CMN,Common stock,"Common stock of Hubbell, an electrical equipment manufacturer",3,"$1,001-$15,000 | None",2002,30000,False,Common stock,"Common stock of Hubbell, an electrical equipment manufacturer",2,"$15,001-$50,000",,,False,not_comparable
HUMANA INC 3 7 % 03/23/2029 USD SR LIEN,,,,,,,,Preferred & hybrid securities,Preferred / hybrid perpetual security issued by Humana Inc 3 7 % 03/23/2029 USD SR Lien,1,"$1-$1,000",1,1000,False,
HUMANA INC CMN,,,,,,,,Common stock,Common stock of Humana Inc,3,"$15,001-$50,000 | $1,001-$15,000",17003,80000,False,
HUMANA INC. 3.125% 08/15/2029 USD SR LIEN,Preferred & hybrid securities,"Senior corporate bond of health insurer Humana — 3.125% coupon, matures August 2029",1,"$1,001-$15,000",1001,15000,False,,,,,,,,
HUMANA INC. 3.7% 03/23/2029 USD SR LIEN,Preferred & hybrid securities,"Senior bond of health insurer Humana; 3.7% coupon, matures 2029.",1,"$1,001-$15,000",1001,15000,False,,,,,,,,
HUMANA INC. CMN,Common stock,"Common stock of Humana, a health insurance company focused on Medicare plans",5,"None | $1,001-$15,000",2002,30000,False,,,,,,,,
HUNTINGTON BANCSHARES INCORPOR CMN,Common stock,"Common stock of Huntington Bancshares, a regional bank",3,"$1,001-$15,000 | None",1001,15000,False,Common stock,"Common stock of Huntington Bancshares, a regional bank",2,"None | $1,001-$15,000",1001,15000,False,same_reported_range
HUNTINGTON BANCSHARES INCORPOR HYBRID PERPETUAL USD SER F JRSUB,Preferred & hybrid securities,"Perpetual junior subordinated preferred security issued by Huntington Bancshares, Series F",2,"$1,001-$15,000",2002,30000,False,Preferred & hybrid securities,"Perpetual junior subordinated preferred security issued by Huntington Bancshares, Series F",2,"$1,001-$15,000",2002,30000,False,same_reported_range
HUNTINGTON BANCSHARES INCORPOR HYBRID PERPETUAL USD SER G JRSUB,Preferred & hybrid securities,"Perpetual junior subordinated preferred security of Huntington Bancshares, an Ohio bank; Series G.",1,"$1,001-$15,000",1001,15000,False,Preferred & hybrid securities,"Perpetual junior subordinated preferred security of Huntington Bancshares, an Ohio bank; Series G.",1,"$1,001-$15,000",1001,15000,False,same_reported_range
HUNTINGTON BANCSHARES INCORPOR HYBRID PERPETUAL USD SER K JRSUB,,,,,,,,Preferred & hybrid securities,Preferred / hybrid perpetual security issued by Huntington Bancshares Incorpor,2,"$1,001-$15,000",2002,30000,False,
HURON VALLEY MICH SCH DIST GO 5 % 05/01/33 MN BLDG SITE GO UNLTD TAX B,,,,,,,,Municipal & gov bonds,Municipal / government bond,1,"$15,001-$50,000",15001,50000,False,
IBERDROLA SOCIEDAD ANONIMA SPONSORED ADR CMN,Common stock,"U.S.-listed shares (ADR) of Iberdrola, Spanish electric utility and renewable energy company",2,"None | $15,001-$50,000",15001,50000,False,Common stock,"U.S.-listed shares (ADR) of Iberdrola, Spanish electric utility and renewable energy company",1,"$15,001-$50,000",15001,50000,False,same_reported_range
IDEX CORPORATION COMMON STOCK,Common stock,"Common stock of IDEX, a maker of pumps and specialty industrial equipment",3,"$1,001-$15,000 | None",1001,15000,False,Common stock,"Common stock of IDEX, a maker of pumps and specialty industrial equipment",2,None,0,0,False,lower
IDEXX LABORATORIES CMN,Common stock,"Common stock of IDEXX Laboratories, a veterinary diagnostics company",3,"$1,001-$15,000 | None",2002,30000,False,Common stock,"Common stock of IDEXX Laboratories, a veterinary diagnostics company",3,"$1,001-$15,000 | $15,001-$50,000",17003,80000,False,overlapping_reported_ranges
ILLINOIS TOOL WORKS CMN,Common stock,"Common stock of Illinois Tool Works, a diversified industrial equipment manufacturer.",3,"$15,001-$50,000 | None",30002,100000,False,Common stock,"Common stock of Illinois Tool Works, a diversified industrial equipment manufacturer.",3,"$1,001-$15,000 | $15,001-$50,000 | None",16002,65000,False,overlapping_reported_ranges
ILLUMINA INC CMN,,,,,,,,Common stock,Common stock of Illumina Inc,2,"None | $1,001-$15,000",1001,15000,False,
"ILLUMINA, INC CMN",Common stock,"Common stock of Illumina, a maker of DNA sequencing equipment",2,"$1,001-$15,000 | None",1001,15000,False,,,,,,,,
ILLUMINA. INC CMN,Common stock,"Common stock of Illumina, a DNA sequencing equipment company",1,"$1,001-$15,000",1001,15000,False,,,,,,,,
INCYTE CORPORATION CMN,Common stock,"Common stock of Incyte, a biopharmaceutical company developing cancer and inflammation drugs",3,None,0,0,False,Common stock,"Common stock of Incyte, a biopharmaceutical company developing cancer and inflammation drugs",2,"$1,001-$15,000 | None",1001,15000,False,higher
IND ST FIN ATH WASTEWATER UTIL REV 5 0000% 10/01/31 AO FIRST LIEN REF B,,,,,,,,Municipal & gov bonds,"Municipal bond — IND ST FIN ATH Wastewater Util, 0000% coupon",1,"$15,001-$50,000",15001,50000,False,
IND ST FIN ATH WASTEWATER UTIL REV 5.0000% 10/01/31 AO FIRST LIEN REF B,Municipal & gov bonds,"Indiana Finance Authority wastewater utility revenue refunding bond, first lien, 5% coupon, due 10/01/2031",1,"$15,001-$50,000",15001,50000,False,,,,,,,,
IND ST FIN AUTH WASTEWATER UTI REV 5 / 10/01/30 AO SECOND LIEN REF BDS,,,,,,,,Municipal & gov bonds,Municipal / government bond,1,"$15,001-$50,000",15001,50000,False,
IND ST FIN AUTH WASTEWATER UTI REV 5% 10/01/30 AO SECOND LIEN REF BDS,Municipal & gov bonds,"Indiana Finance Authority wastewater utility revenue refunding bond, 5% coupon, due October 2030",1,"$15,001-$50,000",15001,50000,False,,,,,,,,
INDIAN HILL OHIO EXMP VLG SCH GO 5.0000% 12/01/24 JD,Municipal & gov bonds,"Indian Hill (Ohio) Exempted Village School District general obligation bond — 5%, due December 2024",1,None,0,0,False,,,,,,,,
INDIANA FIN AUTH HEALTH SYS,,,,,,,,Other,Reported asset or transaction line item — Indiana FIN Auth Health SYS,2,"$1,001-$15,000 | $15,001-$50,000",16002,65000,False,
INDUSTRIA DE DISENO TEXTIL S ADR CMN,,,,,,,,Common stock,Common stock of Industria de Diseno Textil S,1,"$15,001-$50,000",15001,50000,False,
INFINEON TECHNOLOGIES AG ADR SPONSORED ADR CMN 1 ADR 1 SHARE,,,,,,,,Common stock,Common stock of Infineon Technologies AG 1 1 Share,1,"$15,001-$50,000",15001,50000,False,
INFINERA CORPORATION CMN,Common stock,"Common stock of Infinera, an optical networking equipment maker.",2,None,0,0,False,,,,,,,,
ING GROEP N V SPONS ADR SPONSORED ADR CMN,,,,,,,,Common stock,Common stock of ING Groep N V Spons,1,"$50,001-$100,000",50001,100000,False,
ING GROEP N.V. SPONS ADR SPONSORED ADR CMN,Common stock,"American depositary shares of ING Groep, a Dutch banking group",2,"None | $15,001-$50,000",15001,50000,False,,,,,,,,
INGERSOLL RAND INC CMN,Common stock,"Common stock of Ingersoll Rand, an industrial machinery maker",4,"$1,001-$15,000 | $50,001-$100,000",53004,145000,False,Common stock,"Common stock of Ingersoll Rand, an industrial machinery maker",4,"None | $1,001-$15,000 | $15,001-$50,000",16002,65000,False,overlapping_reported_ranges
INSULET CORPORATION CMN,Common stock,"Common stock of Insulet, maker of insulin pump devices for diabetes",3,"None | $1,001-$15,000",1001,15000,False,Common stock,"Common stock of Insulet, maker of insulin pump devices for diabetes",2,"$1,001-$15,000 | None",1001,15000,False,same_reported_range
INTEL CORPORATION CMN,Common stock,"Common stock of Intel, the semiconductor chip maker.",3,"$1,001-$15,000",3003,45000,False,Common stock,"Common stock of Intel, the semiconductor chip maker.",3,"$15,001-$50,000 | $1,001-$15,000",31003,115000,False,overlapping_reported_ranges
INTERCONTINENTAL EXCHANGE INC 3 75% 09/21/2028 USD SR LIEN,,,,,,,,Preferred & hybrid securities,Preferred / hybrid perpetual security issued by Intercontinental Exchange Inc 3 75% 09/21/2028 USD SR Lien,1,"$15,001-$50,000",15001,50000,False,
INTERCONTINENTAL EXCHANGE INC CMN,Common stock,"Common stock of Intercontinental Exchange, owner of the New York Stock Exchange",3,"$1,001-$15,000",3003,45000,False,Common stock,"Common stock of Intercontinental Exchange, owner of the New York Stock Exchange",3,"$1,001-$15,000 | $15,001-$50,000",17003,80000,False,overlapping_reported_ranges
"INTERCONTINENTAL EXCHANGE, INC 3.75% 09/21/2028 USD SR LIEN",Preferred & hybrid securities,"Bond of Intercontinental Exchange, owner of the NYSE; 3.75% coupon, due September 2028",1,"$15,001-$50,000",15001,50000,False,,,,,,,,
INTERNATIONAL BUS MACH CORP COM USD0 20,,,,,,,,Common stock,Common stock of International BUS Mach Corp Usd0 20,3,"$1,001-$15,000",3003,45000,False,
INTERNATIONAL PAPER CO CMN,,,,,,,,Common stock,Common stock of International Paper CO,5,"$1,001-$15,000",5005,75000,False,
INTERNATIONAL PAPER CO. CMN,Common stock,"Common stock of International Paper, a packaging and paper products maker",5,"$15,001-$50,000 | $1,001-$15,000 | None",17003,80000,False,,,,,,,,
INTERPUBLIC GROUP COS CMN,Common stock,"Common stock of Interpublic Group, a global advertising and marketing holding company.",2,"$1,001-$15,000 | None",1001,15000,False,Common stock,"Common stock of Interpublic Group, a global advertising and marketing holding company.",1,None,0,0,False,lower
INTL BUSINESS MACHINES CORP CMN,Common stock,"Common stock of IBM, the computing and technology services company",3,"$15,001-$50,000 | $1,001-$15,000",31003,115000,False,Common stock,"Common stock of IBM, the computing and technology services company",3,"$15,001-$50,000 | $1,001-$15,000",31003,115000,False,same_reported_range
INTL FLAVORS & FRAGRANCE CMN,,,,,,,,Common stock,Common stock of Intl Flavors & Fragrance,1,"$1,001-$15,000",1001,15000,False,
INTL.FLAVORS & FRAGRANCE CMN,Common stock,"Common stock of International Flavors & Fragrances, a flavor and fragrance ingredients maker",3,"None | $1,001-$15,000",1001,15000,False,Common stock,"Common stock of International Flavors & Fragrances, a flavor and fragrance ingredients maker",2,"$1,001-$15,000",2002,30000,False,overlapping_reported_ranges
INTUIT INC,,,,,,,,Common stock,Common stock of Intuit Inc,2,"$1,001-$15,000",2002,30000,False,
INTUIT INC CMN,Common stock,"Common stock of Intuit, maker of TurboTax and QuickBooks software",4,"$15,001-$50,000 | $50,001-$100,000",95004,250000,False,Common stock,"Common stock of Intuit, maker of TurboTax and QuickBooks software",4,"$15,001-$50,000",60004,200000,False,overlapping_reported_ranges
INTUITIVE SURGICAL INC,,,,,,,,Common stock,Common stock of Intuitive Surgical Inc,3,"$1,001-$15,000",3003,45000,False,
INTUITIVE SURGICAL INC CMN,,,,,,,,Common stock,Common stock of Intuitive Surgical Inc,3,"$15,001-$50,000 | None",30002,100000,False,
"INTUITIVE SURGICAL, INC CMN",,,,,,,,Common stock,"Common stock of Intuitive Surgical, Inc",1,"$15,001-$50,000",15001,50000,False,
"INTUITIVE SURGICAL, INC. CMN",Common stock,"Common stock of Intuitive Surgical, maker of robotic surgery systems.",3,"$50,001-$100,000 | $15,001-$50,000",80003,200000,False,,,,,,,,
INTUITIVE SURGICAL. INC. CMN,Common stock,"Common stock of Intuitive Surgical, maker of da Vinci surgical robots",1,"$15,001-$50,000",15001,50000,False,,,,,,,,
INVESCO LTD CMN,,,,,,,,Common stock,Common stock of Invesco Ltd,2,"None | $1,001-$15,000",1001,15000,False,
INVESCO LTD. CMN,Common stock,"Common stock of Invesco, an investment management firm",1,"$1,001-$15,000",1001,15000,False,,,,,,,,
INVITATION HOMES INC CMN,,,,,,,,Common stock,Common stock of Invitation Homes Inc,3,"None | $1,001-$15,000",1001,15000,False,
INVITATION HOMES INC COM,,,,,,,,Common stock,Common stock of Invitation Homes Inc,2,"$1,001-$15,000",2002,30000,False,
INVITATION HOMES INC. CMN,Common stock,"Common stock of Invitation Homes, a single-family rental housing REIT",3,"$1,001-$15,000 | None",2002,30000,False,,,,,,,,
IOWA FIN AUTH REV REV 5% 08/01/32 FA ST REVOLVING FD BDS 2022A GREEN,Municipal & gov bonds,"Iowa Finance Authority state revolving fund green revenue bond; 5% coupon, matures 2032.",1,"$50,001-$100,000",50001,100000,False,Municipal & gov bonds,"Iowa Finance Authority state revolving fund green revenue bond; 5% coupon, matures 2032.",1,"$50,001-$100,000",50001,100000,False,same_reported_range
IQVIA HOLDINGS INC CMN,Common stock,"Common stock of IQVIA, a healthcare data analytics and clinical research company",3,"$1,001-$15,000 | None",2002,30000,False,Common stock,"Common stock of IQVIA, a healthcare data analytics and clinical research company",3,"$1,001-$15,000 | $15,001-$50,000",17003,80000,False,overlapping_reported_ranges
IRON MOUNTAIN INCORPORATED CMN,Common stock,"Common stock of Iron Mountain, a records storage and data center company",2,"None | $1,001-$15,000",1001,15000,False,Common stock,"Common stock of Iron Mountain, a records storage and data center company",3,"None | $1,001-$15,000",2002,30000,False,overlapping_reported_ranges
IRVING TEX WTRWKS & SWR REV REV 5% 08/15/26 FA NEW LIEN REV REF BDS,,,,,,,,Municipal & gov bonds,"Municipal bond — Irving TEX Wtrwks & SWR, 5% coupon",1,"$1,001-$15,000",1001,15000,False,
ISHARES INC MSCI JAPAN ETF MUTUAL FUND,,,,,,,,Funds & ETFs,Investment fund — Ishares Inc Msci Japan ETF Mutual Fund,1,"$100,001-$250,000",100001,250000,False,
ISHARES MSCI AUSTRALIA ETF,Funds & ETFs,"Exchange-traded fund holding Australian stocks, managed by iShares",2,"None | $50,001-$100,000",50001,100000,False,Funds & ETFs,"Exchange-traded fund holding Australian stocks, managed by iShares",1,"$50,001-$100,000",50001,100000,False,same_reported_range
ISHARES RUSSELL 1000 GROWTH ETF,Funds & ETFs,Exchange-traded fund tracking the Russell 1000 index of large US growth stocks.,1,"$1,000,001-$5,000,000",1000001,5000000,False,Funds & ETFs,Exchange-traded fund tracking the Russell 1000 index of large US growth stocks.,1,"$250,001-$500,000",250001,500000,False,lower
ISHARES RUSSELL 1000 VALUE,Funds & ETFs,Exchange-traded fund tracking the Russell 1000 Value index of large-cap U.S. value stocks,1,None,0,0,False,,,,,,,,
ISHARES RUSSELL 1000 VALUE ETF,Funds & ETFs,Exchange-traded fund tracking large-cap U.S. value stocks (Russell 1000 Value index),2,"$100,001-$250,000 | $500,001-$1,000,000",600002,1250000,False,Funds & ETFs,Exchange-traded fund tracking large-cap U.S. value stocks (Russell 1000 Value index),2,"$50,001-$100,000 | $250,001-$500,000",300002,600000,False,lower
ISHARES TR 0-3 MONTH TREASURY,Funds & ETFs,iShares exchange-traded fund holding U.S. Treasury bills maturing within three months,3,"$15,001-$50,000 | $1,001-$15,000",31003,115000,False,,,,,,,,
"ISHARES, INC.MSCI JAPAN ETF MUTUAL FUND",Funds & ETFs,"iShares MSCI Japan ETF, an exchange-traded fund tracking Japanese stocks.",1,"$50,001-$100,000",50001,100000,False,,,,,,,,
J B HUNT TRANS SVCS INC CMN,Common stock,"Common stock of J.B. Hunt, a trucking and freight transportation company",3,"$1,001-$15,000 | None",1001,15000,False,Common stock,"Common stock of J.B. Hunt, a trucking and freight transportation company",2,"None | $1,001-$15,000",1001,15000,False,same_reported_range
J M SMUCKER COMPANY (THE) CMN,,,,,,,,Common stock,Common stock of J M Smucker Company (the),3,"None | $1,001-$15,000",1001,15000,False,
J. M. SMUCKER COMPANY (THE) CMN,Common stock,"Common stock of J.M. Smucker, a packaged foods company",3,"$1,001-$15,000 | None",2002,30000,False,,,,,,,,
JABIL INC CMN,Common stock,"Common stock of Jabil, a contract electronics manufacturing company",3,"$1,001-$15,000 | None",1001,15000,False,Common stock,"Common stock of Jabil, a contract electronics manufacturing company",2,None,0,0,False,lower
JACK HENRY & ASSOC INC CMN,Common stock,"Common stock of Jack Henry & Associates, a banking technology provider.",1,None,0,0,False,Common stock,"Common stock of Jack Henry & Associates, a banking technology provider.",2,"$1,001-$15,000",2002,30000,False,higher
JACKSONVILLE FLA SPL REV REV 5% 10/01/24 AO,Municipal & gov bonds,"Jacksonville, Florida special revenue bond, 5% coupon, due 10/01/2024",1,None,0,0,False,,,,,,,,
JACOBS SOLUTIONS INC CMN,,,,,,,,Common stock,Common stock of Jacobs Solutions Inc,1,"$1,001-$15,000",1001,15000,False,
JANA STRATEGIC BENCHMARKS,Funds & ETFs,Fund managed by activist hedge fund firm JANA Partners,3,"$250,001-$500,000",750003,1500000,False,Funds & ETFs,Fund managed by activist hedge fund firm JANA Partners,3,"$250,001-$500,000",750003,1500000,False,same_reported_range
JM SMUCKER CO 2.125 % 03/15/2032 USD SR LIEN,,,,,,,,Preferred & hybrid securities,Preferred / hybrid perpetual security issued by JM Smucker CO 2.125 % 03/15/2032 USD SR Lien,1,"$1,001-$15,000",1001,15000,False,
JM SMUCKER CO 2.125% 03/15/2032 USD,Municipal & gov bonds,"Corporate bond of food maker J.M. Smucker — 2.125% coupon, matures March 2032",1,None,0,0,False,,,,,,,,
JM SMUCKER CO 2.125% 03/15/2032 USD SR LIEN,Preferred & hybrid securities,"Senior bond of food maker J.M. Smucker; 2.125% coupon, matures 2032.",1,"$1,001-$15,000",1001,15000,False,,,,,,,,
JOHN DEERE CAPITAL CORPORATION MTN 0.625% 09/10/2024 USD,Municipal & gov bonds,"Medium-term note of John Deere's financing arm; 0.625%, due September 2024",1,None,0,0,False,,,,,,,,
JOHNSON & JOHNSON CMN,Common stock,"Common stock of Johnson & Johnson, the healthcare products company",3,"$50,001-$100,000 | $15,001-$50,000",80003,200000,False,Common stock,"Common stock of Johnson & Johnson, the healthcare products company",4,"$15,001-$50,000 | $50,001-$100,000",130004,300000,False,overlapping_reported_ranges
JOHNSON &JOHNSON COM,,,,,,,,Common stock,Common stock of Johnson &johnson,3,"$1,001-$15,000",3003,45000,False,
JOHNSON CONTROLS INTERNATIONAL CMN,Common stock,"Common stock of Johnson Controls, a building equipment and HVAC company",3,"None | $15,001-$50,000 | $1,001-$15,000",16002,65000,False,Common stock,"Common stock of Johnson Controls, a building equipment and HVAC company",3,"$15,001-$50,000",45003,150000,False,overlapping_reported_ranges
JPMORGAN CHASE & CO CMN,Common stock,"Common stock of JPMorgan Chase, the largest US bank.",4,"$50,001-$100,000",200004,400000,False,Common stock,"Common stock of JPMorgan Chase, the largest US bank.",4,"$50,001-$100,000 | $100,001-$250,000",300004,700000,False,overlapping_reported_ranges
JPMORGAN CHASE & CO HYBRID PERPETUAL USD SER KK JRSUB LIEN CPN 05,,,,,,,,Preferred & hybrid securities,Preferred / hybrid perpetual security issued by Jpmorgan Chase & CO,2,"$1,001-$15,000",2002,30000,False,
JPMORGAN CHASE & CO HYBRID PERPETUAL USD SER NN JRSUB LIEN CPN 03,,,,,,,,Preferred & hybrid securities,Preferred / hybrid perpetual security issued by Jpmorgan Chase & CO,2,"$1,001-$15,000",2002,30000,False,
JPMORGAN CHASE & CO HYBRID PERPETUAL USD SER OO JRSUB LIEN CPN 02,,,,,,,,Preferred & hybrid securities,Preferred / hybrid perpetual security issued by Jpmorgan Chase & CO,2,"$1,001-$15,000",2002,30000,False,
JPMORGAN CHASE & CO LINKED TO S&P 500 INDEX,,,,,,,,Structured notes,Structured note by Jpmorgan Chase & CO — return linked to S&P 500 Index,1,None,0,0,False,
JPMORGAN CHASE & CO LINKED TO S&P 500 INDEX CNTNGNT CPN W BUFFER,,,,,,,,Structured notes,Structured note by Jpmorgan Chase & CO — return linked to S&P 500 Index Cntngnt CPN W Buffer,6,"$15,001-$50,000 | $250,001-$500,000 | $50,001-$100,000 | $100,001-$250,000",615006,1400000,False,
JPMORGAN CHASE & CO LINKED TO S&P 500 INDEX UPSIDE LEVERED CAPPED,,,,,,,,Structured notes,Structured note by Jpmorgan Chase & CO — return linked to S&P 500 Index Upside Levered Capped,5,"$50,001-$100,000 | $15,001-$50,000",145005,350000,False,
JPMORGAN CHASE & CO. HYBRID 02/24/2028 USD SER VAR SR LIEN CPN 02/24/2,Preferred & hybrid securities,"Senior variable-rate note issued by JPMorgan Chase, due 02/24/2028",1,"$1,001-$15,000",1001,15000,False,,,,,,,,
JPMORGAN CHASE & CO. HYBRID 11/19/2026 USD,Preferred & hybrid securities,"Hybrid debt security issued by JPMorgan Chase, maturing November 2026",1,None,0,0,False,,,,,,,,
JPMORGAN CHASE & CO. HYBRID 11/19/2026 USD SR LIEN CPN 11/19/20 1.045%,Preferred & hybrid securities,"JPMorgan Chase senior note — 1.045% coupon, matures November 2026",1,"$15,001-$50,000",15001,50000,False,,,,,,,,
JPMORGAN CHASE & CO. HYBRID PERPETUAL,Preferred & hybrid securities,Perpetual hybrid preferred-style security issued by JPMorgan Chase.,2,None,0,0,False,,,,,,,,
JPMORGAN CHASE & CO. HYBRID PERPETUAL USD,Preferred & hybrid securities,JPMorgan Chase perpetual preferred security with no set maturity date,2,None,0,0,False,,,,,,,,
JPMORGAN CHASE & CO. HYBRID PERPETUAL USD SER HH JRSUB LIEN CPN 01,Preferred & hybrid securities,Perpetual junior subordinated preferred security issued by JPMorgan Chase,1,"$1,001-$15,000",1001,15000,False,,,,,,,,
JPMORGAN CHASE & CO. HYBRID PERPETUAL USD SER KK JRSUB LIEN CPN 05,Preferred & hybrid securities,"Perpetual junior subordinated preferred security issued by JPMorgan Chase, Series KK",2,"$1,001-$15,000",2002,30000,False,,,,,,,,
JPMORGAN CHASE & CO. HYBRID PERPETUAL USD SER NN JRSUB LIEN CPN 03,Preferred & hybrid securities,"Perpetual junior subordinated preferred security of JPMorgan Chase, Series NN.",2,"$1,001-$15,000",2002,30000,False,,,,,,,,
JPMORGAN CHASE & CO. HYBRID PERPETUAL USD SER OO JRSUB LIEN CPN 02,Preferred & hybrid securities,Perpetual junior subordinated preferred security of JPMorgan Chase (Series OO),1,"$1,001-$15,000",1001,15000,False,,,,,,,,
JPMORGAN CHASE & CO. LINKED TO S&P 500 INDEX,Structured notes,Structured note issued by JPMorgan Chase with returns linked to the S&P 500,2,None,0,0,False,,,,,,,,
JPMORGAN CHASE & CO. LINKED TO S&P 500 INDEX BUFFERED CAPPED BETA,Structured notes,"JPMorgan structured note tied to the S&P 500, buffered with capped upside",7,"$100,001-$250,000 | $50,001-$100,000 | $15,001-$50,000",415007,950000,False,,,,,,,,
JPMORGAN CHASE & CO. LINKED TO S&P 500 INDEX CNTNGNT CPN W BUFFER,Structured notes,"JPMorgan structured note tied to the S&P 500, with contingent coupons and downside buffer.",7,"$15,001-$50,000 | $50,001-$100,000 | $100,001-$250,000",345007,850000,False,,,,,,,,
JPMORGAN CHASE &CO COM,,,,,,,,Common stock,Common stock of Jpmorgan Chase &CO,3,"$1,001-$15,000",3003,45000,False,
JUNIPER NETWORKS INC CMN,,,,,,,,Common stock,Common stock of Juniper Networks Inc,2,None,0,0,False,
"JUNIPER NETWORKS, INC. CMN",Common stock,"Common stock of Juniper Networks, a computer networking equipment maker",3,"None | $1,001-$15,000",1001,15000,False,,,,,,,,
KAYNE ANDERSON COMMERCIAL REAL ESTATE DEBT LP,,,,,,,,Hedge funds & private funds,Private fund / partnership interest — Kayne Anderson Commercial Real Estate Debt LP,1,"$250,001-$500,000",250001,500000,False,
"KAYNE ANDERSON COMMERCIAL REAL ESTATE DEBT, LP.",Hedge funds & private funds,"Private fund investing in commercial real estate debt, managed by Kayne Anderson.",1,"$100,001-$250,000",100001,250000,False,,,,,,,,
KAYNE ANDERSON ENERGY FUND 6 LP,,,,,,,,Hedge funds & private funds,Private fund / partnership interest — Kayne Anderson Energy Fund 6 LP,1,"$1,001-$15,000",1001,15000,False,
"KAYNE ANDERSON ENERGY FUND 6, LP",Hedge funds & private funds,Private energy-focused investment fund managed by Kayne Anderson,1,"$15,001-$50,000",15001,50000,False,,,,,,,,
"KAYNE ANDERSON MEZZANINE PARTNERS (QP), L.P.",Hedge funds & private funds,"Private credit fund making mezzanine loans, managed by Kayne Anderson",1,None,0,0,False,,,,,,,,
"KAYNE ANDERSON MLP FUND, L.P.",Hedge funds & private funds,Kayne Anderson private fund investing in energy pipeline master limited partnerships.,2,None,0,0,False,,,,,,,,
"KAYNE ANDERSON REAL ESTATE PARTNERS III, L.P.",Hedge funds & private funds,Private real estate investment fund managed by Kayne Anderson,2,None,0,0,False,,,,,,,,
KAYNE ANDERSON REAL ESTATE PARTNERS IV L P,,,,,,,,Hedge funds & private funds,Private fund / partnership interest — Kayne Anderson Real Estate Partners IV L P,1,"$50,001-$100,000",50001,100000,False,
"KAYNE ANDERSON REAL ESTATE PARTNERS IV, L.P.",Hedge funds & private funds,"Private real estate equity fund managed by Kayne Anderson, fourth in its series.",1,"$50,001-$100,000",50001,100000,False,,,,,,,,
KAYNE CREDIT OPPORTUNITIES FUND (QP) L P,,,,,,,,Hedge funds & private funds,Private fund / partnership interest — Kayne Credit Opportunities Fund (qp) L P,1,"$1,001-$15,000",1001,15000,False,
"KAYNE CREDIT OPPORTUNITIES FUND (QP), L.P.",Hedge funds & private funds,"Private credit-opportunities fund managed by Kayne Anderson, for qualified purchasers.",1,"$15,001-$50,000",15001,50000,False,,,,,,,,
KELLANOVA CMN,Common stock,"Common stock of Kellanova, the snack maker spun off from Kellogg's",3,"$1,001-$15,000",3003,45000,False,Common stock,"Common stock of Kellanova, the snack maker spun off from Kellogg's",2,None,0,0,False,lower
KENT ST UNIV OHIO UNIV REVS REV 5% 05/01/25 MN GEN RCPTS BDS 2019 BEO,Municipal & gov bonds,"Kent State University (Ohio) general receipts revenue bond — 5% coupon, matures May 2025",1,"$15,001-$50,000",15001,50000,False,,,,,,,,
KENT ST UNIV OHIO UNIV REVS REV 5% 05/01/26 MN GEN RCPTS BDS 2016 BEO,,,,,,,,Municipal & gov bonds,"Municipal bond — Kent ST Univ Ohio Univ Revs, 5% coupon",1,"$1,001-$15,000",1001,15000,False,
KENVUE INC CMN,,,,,,,,Common stock,Common stock of Kenvue Inc,3,"$1,001-$15,000",3003,45000,False,
KENVUE INC. CMN,Common stock,"Common stock of Kenvue, the consumer health company spun off from Johnson & Johnson.",3,"$1,001-$15,000 | None",2002,30000,False,,,,,,,,
KEURIG DR PEPPER INC CMN,Common stock,"Common stock of Keurig Dr Pepper, a soft drink and coffee company",3,"$1,001-$15,000",3003,45000,False,Common stock,"Common stock of Keurig Dr Pepper, a soft drink and coffee company",3,"$1,001-$15,000",3003,45000,False,same_reported_range
KEYCORP CMN,Common stock,"Common stock of KeyCorp, a regional bank",6,"$15,001-$50,000 | $1,001-$15,000 | None",19005,110000,False,Common stock,"Common stock of KeyCorp, a regional bank",6,"$1,001-$15,000 | None",4004,60000,False,overlapping_reported_ranges
KEYCORP HYBRID PERPETUAL USD SER D JRSUB LIEN CPN 09/09/16 5 0 /,,,,,,,,Preferred & hybrid securities,Preferred / hybrid perpetual security issued by Keycorp,1,"$1,001-$15,000",1001,15000,False,
KEYSIGHT TECHNOLOGIES INC CMN,,,,,,,,Common stock,Common stock of Keysight Technologies Inc,3,"None | $1,001-$15,000",2002,30000,False,
"KEYSIGHT TECHNOLOGIES, INC. CMN",Common stock,"Common stock of Keysight Technologies, an electronic test and measurement equipment company",3,"$1,001-$15,000 | None",2002,30000,False,,,,,,,,
KIMBERLY CLARK CORPORATION CMN,,,,,,,,Common stock,Common stock of Kimberly Clark Corporation,1,"$1,001-$15,000",1001,15000,False,
KIMBERLY-CLARK CORPORATION CMN,Common stock,"Common stock of Kimberly-Clark, maker of Kleenex and Huggies.",3,"$1,001-$15,000",3003,45000,False,Common stock,"Common stock of Kimberly-Clark, maker of Kleenex and Huggies.",2,"$1,001-$15,000",2002,30000,False,overlapping_reported_ranges
KIMCO REALTY OP LLC CMN,,,,,,,,Common stock,Common stock of Kimco Realty OP LLC,3,"$1,001-$15,000 | None",2002,30000,False,
"KIMCO REALTY OP, LLC CMN",Common stock,"Common units of Kimco Realty's operating partnership, a shopping-center real estate investment trust",3,"$1,001-$15,000",3003,45000,False,,,,,,,,
KKR & CO INC CMN,,,,,,,,Common stock,Common stock of KKR & CO Inc,3,"$15,001-$50,000 | $1,001-$15,000",31003,115000,False,
KKR & CO INC PFD USD1 7188(6 88%),,,,,,,,Preferred & hybrid securities,Preferred / hybrid perpetual security issued by KKR & CO Inc,1,"$1,001-$15,000",1001,15000,False,
"KKR & CO, INC. CMN",Common stock,"Common stock of KKR, a private equity and alternative asset manager",1,"$1,001-$15,000",1001,15000,False,,,,,,,,
KKR & CO. INC. CMN,Common stock,"Common stock of KKR, a global private equity and asset management firm",5,"None | $1,001-$15,000 | $15,001-$50,000",16002,65000,False,,,,,,,,
KKR & CO. INC. PFD USD1.7188(6.88%),Preferred & hybrid securities,"Preferred stock of investment firm KKR, paying a 6.88% dividend.",1,"$1,001-$15,000",1001,15000,False,,,,,,,,
KKR PRINCIPAL OPPORTUNITIES ACCESS LP,Hedge funds & private funds,Private fund providing access to a KKR opportunistic investment strategy,2,"$50,001-$100,000 | $250,001-$500,000",300002,600000,False,Hedge funds & private funds,Private fund providing access to a KKR opportunistic investment strategy,2,"$15,001-$50,000 | $100,001-$250,000",115002,300000,False,lower
KLA CORP CMN,Common stock,"Common stock of KLA, a semiconductor manufacturing equipment maker",3,"$1,001-$15,000",3003,45000,False,Common stock,"Common stock of KLA, a semiconductor manufacturing equipment maker",3,"$15,001-$50,000 | $1,001-$15,000",31003,115000,False,overlapping_reported_ranges
KONINKLIJKE AHOLD N V SPONSORED ADR CMN,,,,,,,,Common stock,Common stock of Koninklijke Ahold N V,1,"$15,001-$50,000",15001,50000,False,
KONINKLIJKE AHOLD N.V. SPONSORED ADR CMN,Common stock,"American depositary shares of Ahold, a Dutch supermarket group",2,"None | $15,001-$50,000",15001,50000,False,,,,,,,,
KROGER COMPANY CMN,Common stock,"Common stock of Kroger, the supermarket chain.",3,"$1,001-$15,000 | None",2002,30000,False,Common stock,"Common stock of Kroger, the supermarket chain.",2,"$1,001-$15,000 | None",1001,15000,False,overlapping_reported_ranges
LABCORP HOLDINGS INC CMN,Common stock,"Common stock of Labcorp, medical laboratory testing and diagnostics company",6,"$15,001-$50,000 | $1,001-$15,000 | None",33005,145000,False,Common stock,"Common stock of Labcorp, medical laboratory testing and diagnostics company",6,"$1,001-$15,000 | None",5005,75000,False,overlapping_reported_ranges
LABORATORY CORPORATION OF AMER CMN,Common stock,"Common stock of Labcorp, a clinical laboratory testing company",2,None,0,0,False,,,,,,,,
LAKE CNTY OHIO GO 4% 09/24/25 MS,Municipal & gov bonds,"Lake County, Ohio general obligation bond — 4% coupon, matures September 2025",1,None,0,0,False,,,,,,,,
LAKE CNTY OHIO GO 4% 09/24/25 MS LTD TAX GO CORRECTIONAL FACS NTS 20,Municipal & gov bonds,"Lake County, Ohio limited-tax general obligation notes for correctional facilities; 4% coupon, matures 2025.",1,"$15,001-$50,000",15001,50000,False,,,,,,,,
LAKE CNTY OHIO HOSP FACS REV REV 5% 08/15/45 FA,Municipal & gov bonds,"Lake County, Ohio hospital facilities revenue bond; 5%, due August 2045",1,None,0,0,False,,,,,,,,
LAKE CNTY OHIO HOSP FACS REV REV 5% 08/15/45 FA REF BDS LAKE HOSP SY,Municipal & gov bonds,"Lake County, Ohio hospital facilities revenue refunding bond, 5%, maturing August 2045",1,"$50,001-$100,000",50001,100000,False,,,,,,,,
LAKEWOOD OHIO CITY SCH DIST GO 5% 12/01/24 JD,Municipal & gov bonds,"Lakewood, Ohio school district general obligation bond — 5% coupon, maturing December 2024",1,None,0,0,False,,,,,,,,
LAM RESEARCH CORPORATION CMN,Common stock,"Common stock of Lam Research, a semiconductor manufacturing equipment maker.",3,"$15,001-$50,000 | $1,001-$15,000",17003,80000,False,Common stock,"Common stock of Lam Research, a semiconductor manufacturing equipment maker.",3,"$15,001-$50,000 | $1,001-$15,000 | None",16002,65000,False,overlapping_reported_ranges
LAMB WESTON HOLDINGS INC CMN,,,,,,,,Common stock,Common stock of Lamb Weston Holdings Inc,2,"$1,001-$15,000 | None",1001,15000,False,
"LAMB WESTON HOLDINGS, INC. CMN",Common stock,"Common stock of Lamb Weston, supplier of frozen potato products",3,"None | $1,001-$15,000",1001,15000,False,,,,,,,,
LANCASTER OHIO WASTEWATER REV REV 4% 12/01/24 JD,Municipal & gov bonds,"Lancaster, Ohio wastewater revenue bond, 4% coupon, maturing December 2024",1,None,0,0,False,,,,,,,,
LAS VEGAS SANDS CORP CMN,,,,,,,,Common stock,Common stock of LAS Vegas Sands Corp,2,None,0,0,False,
LAS VEGAS SANDS CORP. CMN,Common stock,"Common stock of Las Vegas Sands, a casino and resort operator",3,"$1,001-$15,000 | None",1001,15000,False,,,,,,,,
LAS VEGAS VY NEV WTR DIST DB 5% 06/01/32 JD,Municipal & gov bonds,"Las Vegas Valley Water District, Nevada municipal bond; 5% coupon, matures June 2032.",1,None,0,0,False,,,,,,,,
LAS VEGAS VY NEV WTR DIST DB 5% 06/01/32 JD GO LTD TAX REF BDS 2024A L,Municipal & gov bonds,"Las Vegas Valley Water District, Nevada general obligation refunding bond; 5%, due June 2032",1,"$15,001-$50,000",15001,50000,False,Municipal & gov bonds,"Las Vegas Valley Water District, Nevada general obligation refunding bond; 5%, due June 2032",1,"$15,001-$50,000",15001,50000,False,same_reported_range
LEAR CORPORATION CMN,Common stock,"Common stock of Lear, an automotive seating and electrical systems supplier",2,None,0,0,False,,,,,,,,
LENNAR CORPORATION CMN CLASS A,Common stock,"Class A common stock of Lennar, a major U.S. homebuilder",3,"None | $1,001-$15,000",2002,30000,False,Common stock,"Class A common stock of Lennar, a major U.S. homebuilder",3,"$1,001-$15,000",3003,45000,False,overlapping_reported_ranges
LENNOX INTERNATIONAL INC CMN,Common stock,"Common stock of Lennox International, a heating and air-conditioning equipment maker.",1,"$50,001-$100,000",50001,100000,False,Common stock,"Common stock of Lennox International, a heating and air-conditioning equipment maker.",2,None,0,0,False,lower
LEWISVILLE TEX INDPT SCH DIST GO 5% 08/15/24 FA,Municipal & gov bonds,"Lewisville, Texas independent school district general obligation bond, 5% coupon, due 08/15/2024",1,None,0,0,False,,,,,,,,
LEXINGTON CNTY S C SCH DIST NO GO 5% 03/03/25 MS,Municipal & gov bonds,"Lexington County, South Carolina school district general obligation bond, 5%, due March 2025",1,None,0,0,False,,,,,,,,
LEXINGTON CNTY S C SCH DIST NO GO 5% 03/03/25 MS 001 GO BDS 2024B UT B,Municipal & gov bonds,"Lexington County, South Carolina School District One general obligation bond — 5%, due March 2025",1,"$15,001-$50,000",15001,50000,False,,,,,,,,
LIBERTY GLOBAL LTD CMN,Common stock,"Common stock of Liberty Global, an international cable television and broadband company.",1,None,0,0,False,,,,,,,,
LINCOLN NATIONAL CORPORATION HYBRID PERPETUAL USD SER C SR LIEN C,,,,,,,,Preferred & hybrid securities,Preferred / hybrid perpetual security issued by Lincoln National Corporation,2,"$1,001-$15,000",2002,30000,False,
LINCOLN NATL.CORP.INC. CMN,Common stock,"Common stock of Lincoln National, a life insurance and retirement services company",2,None,0,0,False,,,,,,,,
LINDE PLC CMN,Common stock,"Common stock of Linde, an industrial gas company",6,"$15,001-$50,000 | None | $50,001-$100,000",110005,300000,False,Common stock,"Common stock of Linde, an industrial gas company",5,"None | $15,001-$50,000 | $1,001-$15,000",31003,115000,False,overlapping_reported_ranges
LINDE PLC COM,Common stock,"Common stock of Linde, a global industrial gases company",3,"$1,001-$15,000",3003,45000,False,,,,,,,,
LIONS GATE ENTERTAINMENT CORP. CMN CLASS B,Common stock,"Class B common stock of Lionsgate, a film and television studio.",3,"$15,001-$50,000 | $50,001-$100,000",115003,250000,False,,,,,,,,
LIONSGATE STUDIOS CORP CMN,,,,,,,,Common stock,Common stock of Lionsgate Studios Corp,3,"$1,001-$15,000 | $50,001-$100,000 | None",51002,115000,False,
LIVE NATION ENTERTAINMENT INC CMN,Common stock,"Common stock of Live Nation, concert promoter and parent of Ticketmaster",3,None,0,0,False,Common stock,"Common stock of Live Nation, concert promoter and parent of Ticketmaster",2,"None | $1,001-$15,000",1001,15000,False,higher
LKQ CORPORATION CMN,Common stock,"Common stock of LKQ, a recycled and aftermarket auto parts distributor",3,None,0,0,False,Common stock,"Common stock of LKQ, a recycled and aftermarket auto parts distributor",2,"$1,001-$15,000 | None",1001,15000,False,higher
LOEWS CORPORATION CMN,Common stock,"Common stock of Loews, a holding company spanning insurance, energy, and hotels",3,"$1,001-$15,000 | None",2002,30000,False,Common stock,"Common stock of Loews, a holding company spanning insurance, energy, and hotels",1,"$1,001-$15,000",1001,15000,False,overlapping_reported_ranges
LONG IS PWR AUTH N Y ELEC SYS REV 1% 09/01/25-CA MS REV GEN NTS 2021 B,Municipal & gov bonds,"Long Island Power Authority electric system revenue notes; 1% coupon, matures September 2025.",1,"$1,001-$15,000",1001,15000,False,,,,,,,,
LORAIN CNTY OHIO CMNTY COLLEGE REV 4% 12/01/25 JD,,,,,,,,Municipal & gov bonds,"Municipal bond — Lorain Cnty Ohio Cmnty College, 4% coupon, due 12/01/25, pays Jun/Dec",1,None,0,0,False,
LOUISVILLE & JEFFERSON CNTY KY REV 5 0000 / 11/15/25 MN,,,,,,,,Municipal & gov bonds,Municipal / government bond,1,None,0,0,False,
LOUSIANA PUB FACS AU REV RFDG REV 5 5000 % 05/15/32 CA MN OCHSNER CL,,,,,,,,Municipal & gov bonds,Municipal / government bond,1,"$15,001-$50,000",15001,50000,False,
LOWE S COMPANIES INC 1 7 / 10/15/2030 USD SR LIEN,,,,,,,,Preferred & hybrid securities,Preferred / hybrid perpetual security issued by Lowe S Companies Inc 1 7 / 10/15/2030 USD SR Lien,1,"$1,001-$15,000",1001,15000,False,
LOWE'S COMPANIES INC 1.7% 10/15/2030 USD SR LIEN,Preferred & hybrid securities,"Senior bond of Lowe's, the home improvement retailer; 1.7%, due October 2030",1,"$1,001-$15,000",1001,15000,False,,,,,,,,
"LOWE'S COMPANIES, INC. 3.75% 04/01/2032 USD",Municipal & gov bonds,"Corporate bond of home improvement retailer Lowe's, 3.75%, maturing April 2032",1,None,0,0,False,,,,,,,,
"LOWE'S COMPANIES, INC. 3.75% 04/01/2032 USD SR LIEN",Preferred & hybrid securities,"Senior bond of home improvement retailer Lowe's — 3.75% coupon, maturing April 2032",1,"$1,001-$15,000",1001,15000,False,,,,,,,,
LOWES COMPANIES INC CMN,Common stock,"Common stock of Lowe's, the home improvement retailer.",3,"$1,001-$15,000 | $15,001-$50,000",31003,115000,False,Common stock,"Common stock of Lowe's, the home improvement retailer.",3,"$1,001-$15,000 | $15,001-$50,000",31003,115000,False,same_reported_range
LOWES COMPANIES INC COM USD0 50,,,,,,,,Common stock,Common stock of Lowes Companies Inc Usd0 50,2,"$1,001-$15,000",2002,30000,False,
LULULEMON ATHLETICA INC CMN,,,,,,,,Common stock,Common stock of Lululemon Athletica Inc,6,"None | $1,001-$15,000",3003,45000,False,
LULULEMON ATHLETICA INC. CMN,Common stock,Common stock of athletic apparel retailer Lululemon,6,"$15,001-$50,000 | $1,001-$15,000",20006,125000,False,,,,,,,,
LVMH MOET HENNESSY LOUIS VUITTON ADR,Common stock,"U.S.-traded shares (ADR) of LVMH, the French luxury goods group",3,"$1,001-$15,000",3003,45000,False,,,,,,,,
LVMH MOET HENNESSY LOUIS VUITTON S.A ADR CMN,,,,,,,,Common stock,Common stock of Lvmh Moet Hennessy Louis Vuitton S.A,1,None,0,0,False,
LVMH MOET HENNESSY LOUIS VUITTON S.A. ADR CMN,Common stock,"American depositary shares of LVMH, the French luxury goods group",2,"None | $15,001-$50,000",15001,50000,False,,,,,,,,
LYONDELLBASELL INDUSTRIES N V CMN CLASS A,,,,,,,,Common stock,Common stock of Lyondellbasell Industries N V,3,"$1,001-$15,000 | None",2002,30000,False,
LYONDELLBASELL INDUSTRIES N.V. CMN CLASS A,Common stock,"Class A common stock of LyondellBasell, a chemicals and plastics manufacturer.",3,"None | $1,001-$15,000",2002,30000,False,,,,,,,,
M&T BANK CORPORATION CMN,Common stock,"Common stock of M&T Bank, a regional bank based in Buffalo, New York",3,"$1,001-$15,000 | None",2002,30000,False,Common stock,"Common stock of M&T Bank, a regional bank based in Buffalo, New York",3,"None | $1,001-$15,000",1001,15000,False,overlapping_reported_ranges
M&T BANK CORPORATION HYBRID PERPETUAL USD JRSUB LIEN CPN 07/30/19,Preferred & hybrid securities,Perpetual junior subordinated preferred security of regional bank M&T Bank | Perpetual junior subordinated preferred security issued by regional bank M&T Bank,2,"$1,001-$15,000",2002,30000,False,Preferred & hybrid securities,Perpetual junior subordinated preferred security of regional bank M&T Bank | Perpetual junior subordinated preferred security issued by regional bank M&T Bank,2,"$1,001-$15,000",2002,30000,False,same_reported_range
M&T BANK CORPORATION HYBRID PERPETUAL USD JRSUB LIEN CPN 08/17/21 3,Preferred & hybrid securities,"Perpetual junior subordinated preferred security of M&T Bank, a regional bank.",2,"$1,001-$15,000",2002,30000,False,Preferred & hybrid securities,"Perpetual junior subordinated preferred security of M&T Bank, a regional bank.",2,"$1,001-$15,000",2002,30000,False,same_reported_range
M&T BANK CORPORATION PFD USD1 5875(6 35 /) SERIES K,,,,,,,,Preferred & hybrid securities,Preferred / hybrid perpetual security issued by M&T Bank Corporation,2,"$1,001-$15,000",2002,30000,False,
MACY'S INC CMN,,,,,,,,Common stock,Common stock of Macy's Inc,1,"$1,001-$15,000",1001,15000,False,
MACY'S INC. CMN,Common stock,Common stock of department store chain Macy's,1,"$1-$1,000",1,1000,False,,,,,,,,
MAI CAPITAL INCOME AND GROWTH FUND II LP,,,,,,,,Hedge funds & private funds,Private fund / partnership interest — MAI Capital Income and Growth Fund II LP,2,"$1-$1,000 | $1,001-$15,000",1002,16000,False,
"MAI CAPITAL INCOME AND GROWTH FUND II, LP",Hedge funds & private funds,Private income-and-growth investment fund managed by advisory firm MAI Capital Management,2,"$1-$1,000 | $1,001-$15,000",1002,16000,False,,,,,,,,
"MAI CAPITAL INCOME AND GROWTH FUND III, LP",Hedge funds & private funds,Income-and-growth private investment partnership managed by MAI Capital Management,2,None,0,0,False,,,,,,,,
MAI CAPITAL INCOME AND GROWTH FUND IV LP,,,,,,,,Hedge funds & private funds,Private fund / partnership interest — MAI Capital Income and Growth Fund IV LP,2,"$15,001-$50,000 | $100,001-$250,000",115002,300000,False,
"MAI CAPITAL INCOME AND GROWTH FUND IV, LP",Hedge funds & private funds,Private income-and-growth investment partnership managed by wealth manager MAI Capital Management.,2,"$15,001-$50,000 | $250,001-$500,000",265002,550000,False,,,,,,,,
MAI CAPITAL INCOME AND GROWTH FUND V LP,,,,,,,,Hedge funds & private funds,Private fund / partnership interest — MAI Capital Income and Growth Fund V LP,2,"$50,001-$100,000 | $500,001-$1,000,000",550002,1100000,False,
"MAI CAPITAL INCOME AND GROWTH FUND V, LP",Hedge funds & private funds,"Private investment partnership managed by MAI Capital, pursuing an income and growth strategy",2,"$50,001-$100,000 | $500,001-$1,000,000",550002,1100000,False,,,,,,,,
MAI CAPITAL INCOME AND GROWTH FUND VI LP,,,,,,,,Hedge funds & private funds,Private fund / partnership interest — MAI Capital Income and Growth Fund VI LP,2,"$100,001-$250,000 | $500,001-$1,000,000",600002,1250000,False,
"MAI CAPITAL INCOME AND GROWTH FUND VI, LP",Hedge funds & private funds,Private income-and-growth investment fund managed by MAI Capital Management,2,"$50,001-$100,000 | $250,001-$500,000",300002,600000,False,,,,,,,,
MAI CAPITAL MANAGEMENT LLC WEALTH MANAGEMENT INDEPENDENCE OH,,,,,,,,Hedge funds & private funds,Private fund / partnership interest — MAI Capital Management LLC Wealth Management Independence OH,2,"Spouse/DC Asset over $1,000,000",2000002,,True,
"MAI CAPITAL MANAGEMENT LLC WEALTH MANAGEMENT INDEPENDENCE, OH",,,,,,,,Hedge funds & private funds,"Private fund / partnership interest — MAI Capital Management LLC Wealth Management Independence, OH",1,"Spouse/DC Asset over $1,000,000",1000001,,True,
"MAI CAPITAL MANAGEMENT, LLC, WEALTH MANAGEMENT, INDEPENDENCE, OH",Hedge funds & private funds,"Interest in MAI Capital Management, a wealth management firm in Independence, Ohio",3,"Spouse/DC Asset over $1,000,000",3000003,,True,,,,,,,,
MAI CAPITAL SPORTS & ENTERTAINMENT SEEDING FUND,Funds & ETFs,Private investment fund managed by MAI Capital focused on sports and entertainment.,3,"$250,001-$500,000 | $100,001-$250,000",600003,1250000,False,Funds & ETFs,Private investment fund managed by MAI Capital focused on sports and entertainment.,3,"$250,001-$500,000 | $100,001-$250,000",600003,1250000,False,same_reported_range
MAI CAPITAL STARGATE ACCESS FUND,,,,,,,,Funds & ETFs,Investment fund — MAI Capital Stargate Access Fund,2,"$50,001-$100,000 | $250,001-$500,000",300002,600000,False,
MAI DIVERSIFIED REAL ESTATE INCOME FUND LP,,,,,,,,Hedge funds & private funds,Private fund / partnership interest — MAI Diversified Real Estate Income Fund LP,2,"$15,001-$50,000 | $250,001-$500,000",265002,550000,False,
"MAI DIVERSIFIED REAL ESTATE INCOME FUND, LP",Hedge funds & private funds,Private partnership investing in diversified income-producing real estate,2,"$15,001-$50,000 | $250,001-$500,000",265002,550000,False,,,,,,,,
MAI GLADE BROOK VENTURE FUND,Funds & ETFs,"Venture capital fund investing with Glade Brook Capital, accessed through MAI Capital",3,"Spouse/DC Asset over $1,000,000 | $500,001-$1,000,000",2500003,,True,Funds & ETFs,"Venture capital fund investing with Glade Brook Capital, accessed through MAI Capital",3,"Spouse/DC Asset over $1,000,000 | $500,001-$1,000,000",2500003,,True,not_comparable
MAI GP STAKING FUND,Funds & ETFs,MAI-sponsored private fund buying ownership stakes in investment-fund general partners,3,"$250,001-$500,000",750003,1500000,False,Funds & ETFs,MAI-sponsored private fund buying ownership stakes in investment-fund general partners,3,"$250,001-$500,000 | $500,001-$1,000,000",1000003,2000000,False,overlapping_reported_ranges
MAI WEALTH INCOME AND GROWTH FUND LP,,,,,,,,Hedge funds & private funds,Private fund / partnership interest — MAI Wealth Income and Growth Fund LP,2,"$1,001-$15,000",2002,30000,False,
"MAI WEALTH INCOME AND GROWTH FUND, LP",Hedge funds & private funds,Private income-and-growth investment partnership managed by wealth manager MAI.,2,"$1,001-$15,000 | $15,001-$50,000",16002,65000,False,,,,,,,,
MARICOPA CNTY ARIZ SPL HEALTH GO 5% 07/01/24 JJ,Municipal & gov bonds,"Maricopa County, Arizona special health care district general obligation bond; 5%, due July 2024",1,None,0,0,False,,,,,,,,
MARICOPA CNTY ARIZ UNI SCH GO 4% 07/01/24 JJ,Municipal & gov bonds,"Maricopa County, Arizona unified school district general obligation bond, 4%, maturing July 2024",1,None,0,0,False,,,,,,,,
MARKEL CORPORATION HYBRID PERPETUAL USD JRSUB LIEN CPN 05/27/20 6.0,Preferred & hybrid securities,"Perpetual junior subordinated preferred security issued by insurer Markel, 6% coupon",1,"$1,001-$15,000",1001,15000,False,,,,,,,,
MARKETAXESS HOLDINGS INC. CMN,Common stock,"Common stock of MarketAxess, an electronic bond-trading platform.",1,None,0,0,False,,,,,,,,
MARRIOTT INTERNATIONAL INC CMN CLASS A,,,,,,,,Common stock,Common stock of Marriott International Inc,1,"$1,001-$15,000",1001,15000,False,
"MARRIOTT INTERNATIONAL, INC CMN CLASS A",Common stock,Class A common stock of hotel company Marriott International,3,"$1,001-$15,000",3003,45000,False,Common stock,Class A common stock of hotel company Marriott International,2,"$15,001-$50,000 | $1,001-$15,000",16002,65000,False,overlapping_reported_ranges
MARSH & MCLENNAN CO INC CMN,Common stock,"Common stock of Marsh McLennan, an insurance brokerage and consulting firm",5,"None | $15,001-$50,000 | $1,001-$15,000",17003,80000,False,Common stock,"Common stock of Marsh McLennan, an insurance brokerage and consulting firm",2,None,0,0,False,lower
MARSH ORD CMN,,,,,,,,Common stock,Common stock of Marsh ORD,1,"$1,001-$15,000",1001,15000,False,
MARTIN MARIETTA MATERIALS INC CMN,,,,,,,,Common stock,Common stock of Martin Marietta Materials Inc,7,"$1,001-$15,000 | $15,001-$50,000",21007,140000,False,
"MARTIN MARIETTA MATERIALS,INC CMN",Common stock,"Common stock of Martin Marietta Materials, a producer of crushed stone and construction aggregates",7,"$15,001-$50,000 | $1,001-$15,000 | $50,001-$100,000",70007,225000,False,,,,,,,,
MARVELL TECHNOLOGY INC CMN,,,,,,,,Common stock,Common stock of Marvell Technology Inc,2,"None | $15,001-$50,000",15001,50000,False,
"MARVELL TECHNOLOGY, INC. CMN",Common stock,"Common stock of Marvell Technology, a semiconductor company.",3,"$50,001-$100,000 | None",100002,200000,False,,,,,,,,
MARYLAND ST DEPT TRANSN CONS REV 5 / 10/01/26 AO TRANSN BDS 2019 BEO,,,,,,,,Municipal & gov bonds,Municipal / government bond,1,"$1,001-$15,000",1001,15000,False,
MARYLAND ST GO 5 % 03/01/31 MS LOC FACS LN GO BDS FIRST 2021 A UT BEO,,,,,,,,Municipal & gov bonds,Municipal / government bond,1,"$15,001-$50,000",15001,50000,False,
MARYLAND ST GO 5% 03/01/31 MS LOC FACS LN GO BDS FIRST 2021 A UT BEO,Municipal & gov bonds,"State of Maryland general obligation bond, 5%, maturing March 2031",1,"$15,001-$50,000",15001,50000,False,,,,,,,,
MASCO CORPORATION CMN,Common stock,"Common stock of Masco, a home improvement and building products maker",3,"None | $1,001-$15,000",1001,15000,False,Common stock,"Common stock of Masco, a home improvement and building products maker",3,"None | $1,001-$15,000",1001,15000,False,same_reported_range
MASTEC INC COM USD0 10,,,,,,,,Common stock,Common stock of Mastec Inc Usd0 10,1,"$1,001-$15,000",1001,15000,False,
MASTERCARD INCORPORATED CL A,,,,,,,,Common stock,Common stock of Mastercard Incorporated CL A,3,"$1,001-$15,000",3003,45000,False,
MASTERCARD INCORPORATED CMN CLASS A,Common stock,"Class A common stock of Mastercard, the payments network.",3,"$50,001-$100,000 | $15,001-$50,000",115003,250000,False,Common stock,"Common stock of Mastercard Incorporated | Class A common stock of Mastercard, the payments network.",3,"$50,001-$100,000 | $15,001-$50,000 | None",65002,150000,False,overlapping_reported_ranges
MC DONALDS CORP CMN,Common stock,Common stock of fast-food chain McDonald's,4,"$50,001-$100,000 | $15,001-$50,000",95004,250000,False,Common stock,Common stock of fast-food chain McDonald's,4,"None | $15,001-$50,000",45003,150000,False,overlapping_reported_ranges
MC KINNEY TEX INDPT SCH DIST GO 5% 02/15/26 FA UNLTD TAX BLDG REF BDS,,,,,,,,Municipal & gov bonds,"Municipal bond — MC Kinney TEX Indpt, 5% coupon",1,"$1,001-$15,000",1001,15000,False,
MCCORMICK & CO NON VTG SHRS CMN,Common stock,"Non-voting common stock of McCormick, the spices and seasonings maker",3,None,0,0,False,Common stock,"Non-voting common stock of McCormick, the spices and seasonings maker",1,None,0,0,False,same_reported_range
MCCORMICK & CO NON VTG SHRS CMN CLASS N,,,,,,,,Common stock,Common stock of Mccormick & CO NON VTG Shrs Class N,1,"$1,001-$15,000",1001,15000,False,
MCDONALD S CORP,Common stock,"Common stock of McDonald's, the global fast-food restaurant chain",3,"$1,001-$15,000",3003,45000,False,Common stock,"Common stock of McDonald's, the global fast-food restaurant chain",3,"$1,001-$15,000",3003,45000,False,same_reported_range
MCKESSON CORPORATION CMN,Common stock,"Common stock of McKesson, a pharmaceutical distribution and healthcare services company.",3,"$1,001-$15,000",3003,45000,False,Common stock,"Common stock of McKesson, a pharmaceutical distribution and healthcare services company.",3,"$1,001-$15,000",3003,45000,False,same_reported_range
MEDTRONIC PUBLIC LIMITED COMPA CMN,Common stock,"Common stock of Medtronic, a large medical device manufacturer",6,"$15,001-$50,000 | $1,001-$15,000 | None",17003,80000,False,Common stock,"Common stock of Medtronic, a large medical device manufacturer",5,"$1,001-$15,000 | None",4004,60000,False,overlapping_reported_ranges
"MERCADOLIBRE, INC. CMN",Common stock,"Common stock of MercadoLibre, a Latin American e-commerce and payments company",2,None,0,0,False,,,,,,,,
MERCK & CO INC CMN,,,,,,,,Common stock,Common stock of Merck & CO Inc,3,"$15,001-$50,000",45003,150000,False,
"MERCK & CO., INC. CMN",Common stock,"Common stock of Merck, a major pharmaceutical company",3,"$15,001-$50,000",45003,150000,False,,,,,,,,
MERCK &CO INC COM,,,,,,,,Common stock,Common stock of Merck &CO Inc,3,"$1,001-$15,000",3003,45000,False,
META PLATFORMS INC CLASS A,Common stock,"Class A common stock of Meta Platforms, parent of Facebook and Instagram.",3,"$1,001-$15,000",3003,45000,False,,,,,,,,
META PLATFORMS INC CLASS A COMMON STOCK,,,,,,,,Common stock,Common stock of Meta Platforms Inc,3,"$1,001-$15,000",3003,45000,False,
META PLATFORMS INC-CLASS A CMN CLASS A,Common stock,"Class A common stock of Meta Platforms, parent of Facebook and Instagram",4,"$100,001-$250,000 | $50,001-$100,000",350004,850000,False,Common stock,"Class A common stock of Meta Platforms, parent of Facebook and Instagram | Common stock of Meta Platforms Inc-",6,"$100,001-$250,000 | None | $15,001-$50,000",415005,1050000,False,overlapping_reported_ranges
METLIFE INC CMN,,,,,,,,Common stock,Common stock of Metlife Inc,6,"$15,001-$50,000 | $1,001-$15,000 | None",33005,145000,False,
METLIFE INC HYBRID 03/15/2055,,,,,,,,Preferred & hybrid securities,Preferred / hybrid perpetual security issued by Metlife Inc,1,None,0,0,False,
METLIFE INC HYBRID 03/15/2055 USD SER G JRSUB LIEN CPN 03/13/25 6 35%,,,,,,,,Preferred & hybrid securities,Preferred / hybrid perpetual security issued by Metlife Inc,2,"$1,001-$15,000",2002,30000,False,
"METLIFE, INC. CMN",Common stock,"Common stock of MetLife, a life insurance company",4,"$1,001-$15,000 | $15,001-$50,000",18004,95000,False,,,,,,,,
"METLIFE, INC. HYBRID 03/15/2055 SER G JRSUB LIEN CPN 03/13/25 6.35%",Preferred & hybrid securities,"MetLife junior subordinated bond — 6.35% coupon, matures 2055 (Series G)",1,"$1,001-$15,000",1001,15000,False,,,,,,,,
"METLIFE, INC. HYBRID PERPETUAL USD SER G JRSUB LIEN CPN 09/10/20 3.85%",Preferred & hybrid securities,"Perpetual junior subordinated preferred-style security of insurer MetLife, Series G, 3.85% coupon.",2,"$1,001-$15,000",2002,30000,False,,,,,,,,
METROPOLITAN GOVT NASHVILLE & REV 5 % 07/01/30 JJ DAVIDSON CNTY TENN,,,,,,,,Municipal & gov bonds,Municipal / government bond,1,"$15,001-$50,000",15001,50000,False,
METROPOLITAN GOVT NASHVILLE & REV 5% 07/01/30 JJ DAVIDSON CNTY TENN,Municipal & gov bonds,"Nashville-Davidson County, Tennessee municipal revenue bond; 5%, due July 2030",1,"$15,001-$50,000",15001,50000,False,,,,,,,,
METROPOLITAN WASH D C ARPTS REV 5 / 10/01/28 AO AUTH ARPT SYS REV RE,,,,,,,,Municipal & gov bonds,Municipal / government bond,1,"$15,001-$50,000",15001,50000,False,
METROPOLITAN WASH D C ARPTS REV 5% 10/01/28 AO AUTH ARPT SYS REV RE,Municipal & gov bonds,"Washington, DC metropolitan airports authority revenue bond — 5% coupon, maturing October 2028",1,"$15,001-$50,000",15001,50000,False,,,,,,,,
METTLER TOLEDO INTL CMN,,,,,,,,Common stock,Common stock of Mettler Toledo Intl,3,"$1,001-$15,000",3003,45000,False,
METTLER-TOLEDO INTL CMN,Common stock,"Common stock of Mettler-Toledo, maker of precision scales and laboratory instruments.",3,"None | $1,001-$15,000",2002,30000,False,,,,,,,,
MGM RESORTS INTERNATIONAL CMN,Common stock,"Common stock of MGM Resorts, casino and hotel operator",3,None,0,0,False,Common stock,"Common stock of MGM Resorts, casino and hotel operator",2,None,0,0,False,same_reported_range
MIAMI UNIV OHIO GEN RCPTS REV 5 % 09/01/26 MS REV REF BDS 2021 A BEO,,,,,,,,Municipal & gov bonds,Municipal / government bond,1,"$15,001-$50,000",15001,50000,False,
MIAMI UNIV OHIO GEN RCPTS REV 5 / 09/01/25 MS,,,,,,,,Municipal & gov bonds,Municipal / government bond,1,None,0,0,False,
MIAMI UNIV OHIO GEN RCPTS REV 5% 09/01/25 MS,Municipal & gov bonds,"Miami University (Ohio) general receipts revenue bond, 5% coupon, due September 2025",1,None,0,0,False,,,,,,,,
MIAMI UNIV OHIO GEN RCPTS REV 5% 09/01/25 MS REV AND REF BDS 2017 BEO,Municipal & gov bonds,"Miami University (Ohio) general receipts revenue bond — 5% coupon, matures September 2025",1,"$50,001-$100,000",50001,100000,False,,,,,,,,
MICROCHIP TECHNOLOGY INCORPORA CMN,Common stock,"Common stock of Microchip Technology, a maker of microcontroller semiconductors.",3,None,0,0,False,Common stock,"Common stock of Microchip Technology, a maker of microcontroller semiconductors.",2,None,0,0,False,same_reported_range
MICRON TECHNOLOGY INC,,,,,,,,Common stock,Common stock of Micron Technology Inc,3,"$1,001-$15,000",3003,45000,False,
MICRON TECHNOLOGY INC CMN,,,,,,,,Common stock,Common stock of Micron Technology Inc,5,"$1,001-$15,000 | $50,001-$100,000 | $15,001-$50,000",166005,365000,False,
"MICRON TECHNOLOGY, INC. CMN",Common stock,"Common stock of Micron Technology, a memory chip maker",5,"$15,001-$50,000 | $1,001-$15,000 | $50,001-$100,000",131005,315000,False,,,,,,,,
MICROSOFT CORP,Common stock,"Common stock of Microsoft, the software and cloud computing company",3,"$15,001-$50,000",45003,150000,False,Common stock,"Common stock of Microsoft, the software and cloud computing company",3,"$15,001-$50,000",45003,150000,False,same_reported_range
MICROSOFT CORPORATION CMN,Common stock,"Common stock of Microsoft, the software and cloud computing company",7,"$100,001-$250,000 | None | $250,001-$500,000",950005,2000000,False,Common stock,"Common stock of Microsoft, the software and cloud computing company",5,"$50,001-$100,000 | $250,001-$500,000",,,False,not_comparable
MID AMERICA APT CMNTYS INC CMN,,,,,,,,Common stock,Common stock of MID America APT Cmntys Inc,1,"$15,001-$50,000",15001,50000,False,
MID-AMERICA APT CMNTYS INC CMN,Common stock,"Common stock of Mid-America Apartment Communities, an apartment real estate investment trust.",2,"None | $1,001-$15,000",1001,15000,False,Common stock,"Common stock of Mid-America Apartment Communities, an apartment real estate investment trust.",2,"$1,001-$15,000",2002,30000,False,overlapping_reported_ranges
MILFORD OHIO EXMP VLG SCH DIST GO 4% 12/01/24 JD,Municipal & gov bonds,"Milford, Ohio exempted village school district general obligation bond, 4% coupon, due 12/01/2024",1,None,0,0,False,,,,,,,,
MILLROSE PROPERTIES INC CMN CLASS A,,,,,,,,Common stock,Common stock of Millrose Properties Inc,1,"$1-$1,000",1,1000,False,
MINNEAPOLIS MINN SPL SCH DIST GO 1.1500% 12/15/25 JD TAXABLE-QUALIFIED,Municipal & gov bonds,"Minneapolis special school district taxable general obligation bond, 1.15%, due December 2025",1,"$15,001-$50,000",15001,50000,False,,,,,,,,
MINNESOTA ST GO 5 / 08/01/26 FA GEN OBLIG VAR PURP BDS 2025 A UT BEO,,,,,,,,Municipal & gov bonds,Municipal / government bond,1,"$1,001-$15,000",1001,15000,False,
MINNESOTA ST GO 5% 08/01/32 FA,,,,,,,,Municipal & gov bonds,"Municipal bond — Minnesota ST, 5% coupon, due 08/01/32, pays Feb/Aug",1,"$1,001-$15,000",1001,15000,False,
MIRION TECHNOLOGIES INC CMN CLASS A,,,,,,,,Common stock,Common stock of Mirion Technologies Inc,1,"$15,001-$50,000",15001,50000,False,
MISSISSIPPI ST GO 5 % 11/01/36 MN GO BDS 2018A PRERE 11/01/26 UT BEO,,,,,,,,Municipal & gov bonds,Municipal / government bond,1,"$15,001-$50,000",15001,50000,False,
MITSUBISHI UFJ FINANCIAL GROUP 4 05% 09/11/2028 USD SR LIEN,,,,,,,,Preferred & hybrid securities,Preferred / hybrid perpetual security issued by Mitsubishi UFJ Financial Group 4 05% 09/11/2028 USD SR Lien,1,"$15,001-$50,000",15001,50000,False,
MITSUBISHI UFJ FINANCIAL GROUP 4.05% 09/11/2028 USD,Municipal & gov bonds,"U.S.-dollar bond of Japanese bank Mitsubishi UFJ — 4.05% coupon, matures September 2028",1,None,0,0,False,,,,,,,,
MITSUBISHI UFJ FINANCIAL GROUP 4.05% 09/11/2028 USD SR LIEN,Preferred & hybrid securities,"Senior bond of Japanese bank Mitsubishi UFJ Financial Group; 4.05% coupon, matures 2028.",1,"$15,001-$50,000",15001,50000,False,,,,,,,,
MKS INSTRUMENTS INC CMN,,,,,,,,Common stock,Common stock of MKS Instruments Inc,3,None,0,0,False,
MO ST HWYS & TRANS COMMN ST RD REV 5 / 05/01/26 MN APPROPRIATIONS M,,,,,,,,Municipal & gov bonds,Municipal / government bond,1,"$1,001-$15,000",1001,15000,False,
MODERNA INC CMN,,,,,,,,Common stock,Common stock of Moderna Inc,2,"$1,001-$15,000 | None",1001,15000,False,
"MODERNA, INC CMN",,,,,,,,Common stock,"Common stock of Moderna, Inc",1,None,0,0,False,
"MODERNA, INC. CMN",Common stock,"Common stock of Moderna, an mRNA vaccine and biotechnology company",3,"None | $1,001-$15,000",1001,15000,False,,,,,,,,
MOHAWK INDUSTRIES INC COMMON STOCK,Common stock,"Common stock of Mohawk Industries, a flooring manufacturer",4,"$1,001-$15,000 | $15,001-$50,000",32004,130000,False,Common stock,"Common stock of Mohawk Industries, a flooring manufacturer",4,"None | $1,001-$15,000",1001,15000,False,lower
MOLINA HEALTHCARE INC CMN,,,,,,,,Common stock,Common stock of Molina Healthcare Inc,2,"None | $1,001-$15,000",1001,15000,False,
"MOLINA HEALTHCARE, INC. CMN",Common stock,"Common stock of Molina Healthcare, a managed care health insurer",3,"$1,001-$15,000 | None",1001,15000,False,,,,,,,,
MOLSON COORS BEVERAGE CO CMN CLASS B,Common stock,"Class B common stock of Molson Coors, the beer brewer. | Class B common stock of brewing company Molson Coors",4,"$1,001-$15,000 | None",1001,15000,False,Common stock,Class B common stock of brewing company Molson Coors,2,None,0,0,False,lower
MONDELEZ INTERNATIONAL INC CMN,,,,,,,,Common stock,Common stock of Mondelez International Inc,3,"None | $1,001-$15,000",1001,15000,False,
"MONDELEZ INTERNATIONAL, INC. CMN",Common stock,"Common stock of Mondelez, maker of Oreo and other snack brands",3,"None | $1,001-$15,000",1001,15000,False,,,,,,,,
MONDELEZ INTL INC COM NPV,Common stock,"Common stock of Mondelez International, the snack maker behind Oreo and Cadbury",3,"$1,001-$15,000",3003,45000,False,,,,,,,,
MONGODB INC CMN,,,,,,,,Common stock,Common stock of Mongodb Inc,1,"$1,001-$15,000",1001,15000,False,
"MONGODB, INC. CMN",Common stock,"Common stock of MongoDB, a database software company.",3,"None | $15,001-$50,000",15001,50000,False,,,,,,,,
MONMOUTH CNTY N J IMPT AUTH REV 5% 07/15/24 JJ,Municipal & gov bonds,"Monmouth County, New Jersey improvement authority revenue bond; 5%, due July 2024",1,None,0,0,False,,,,,,,,
MONOLITHIC POWER SYSTEMS INC CMN,,,,,,,,Common stock,Common stock of Monolithic Power Systems Inc,3,"None | $1,001-$15,000",1001,15000,False,
"MONOLITHIC POWER SYSTEMS, INC. CMN",Common stock,"Common stock of Monolithic Power Systems, a power-management chip maker",3,"None | $1,001-$15,000",1001,15000,False,,,,,,,,
MONSTER BEVERAGE CORPORATION CMN,Common stock,"Common stock of Monster Beverage, an energy drink maker",3,"$1,001-$15,000 | None",1001,15000,False,Common stock,"Common stock of Monster Beverage, an energy drink maker",1,"$1,001-$15,000",1001,15000,False,same_reported_range
MONTGOMERY CNTY MD GO 5% 08/01/25 FA,Municipal & gov bonds,"Montgomery County, Maryland general obligation bond, 5%, due August 2025.",1,None,0,0,False,,,,,,,,
MONTGOMERY CNTY MD GO 5% 08/01/25 FA GO REF BDS CONSOLIDATED PUB,Municipal & gov bonds,"Montgomery County, Maryland general obligation refunding bond, 5% coupon, due 08/01/2025",1,"$50,001-$100,000",50001,100000,False,,,,,,,,
MOODY'S CORPORATION CMN,Common stock,"Common stock of Moody's, the credit ratings and analytics company",3,"None | $1,001-$15,000",2002,30000,False,Common stock,"Common stock of Moody's, the credit ratings and analytics company",3,"$15,001-$50,000 | $1,001-$15,000",17003,80000,False,overlapping_reported_ranges
MORGAN STANLEY CMN,Common stock,"Common stock of Morgan Stanley, a global investment bank and wealth manager",5,"$50,001-$100,000 | None | $15,001-$50,000",95004,250000,False,Common stock,"Common stock of Morgan Stanley, a global investment bank and wealth manager",4,"$15,001-$50,000 | $50,001-$100,000",95004,250000,False,same_reported_range
MORGAN STANLEY COM USD0 01,,,,,,,,Common stock,Common stock of Morgan Stanley Usd0 01,3,"$15,001-$50,000 | $1,001-$15,000",31003,115000,False,
MORGAN STANLEY COM USD0.01,Common stock,Common stock of investment bank Morgan Stanley.,3,"$1,001-$15,000",3003,45000,False,,,,,,,,
MORGAN STANLEY FINANCE LLC LINKED TO BASKET OF INDICES UPSIDE LEVE,Structured notes,"Morgan Stanley structured note tied to a basket of stock indices, with leveraged upside",2,"$50,001-$100,000",100002,200000,False,Structured notes,"Morgan Stanley structured note tied to a basket of stock indices, with leveraged upside",2,"$15,001-$50,000 | $50,001-$100,000",65002,150000,False,overlapping_reported_ranges
MORGAN STANLEY FINANCE LLC LINKED TO S&P 500 INDEX,Structured notes,Morgan Stanley structured note tied to the S&P 500 index,2,None,0,0,False,,,,,,,,
MORGAN STANLEY FINANCE LLC LINKED TO S&P 500 INDEX BUFFERED CAPPE,Structured notes,"Morgan Stanley structured note tied to the S&P 500, with downside buffer and capped upside",5,"$100,001-$250,000 | $50,001-$100,000",350005,800000,False,,,,,,,,
MORGAN STANLEY FINANCE LLC LINKED TO S&P 500 INDEX CNTNGNT CPN W B,Structured notes,"Morgan Stanley structured note tied to the S&P 500, paying contingent coupons with buffer.",9,"$15,001-$50,000 | $1,001-$15,000 | $50,001-$100,000 | $100,001-$250,000",326009,865000,False,Structured notes,"Morgan Stanley structured note tied to the S&P 500, paying contingent coupons with buffer.",7,"$15,001-$50,000 | $100,001-$250,000 | $50,001-$100,000",310007,800000,False,overlapping_reported_ranges
MORGAN STANLEY FINANCE LLC LINKED TO S&P 500 INDEX CNTNGNT CPN W E,,,,,,,,Structured notes,Structured note by Morgan Stanley Finance LLC — return linked to S&P 500 Index Cntngnt CPN W E,2,"$1,001-$15,000",2002,30000,False,
MORGAN STANLEY HYBRID 04/20/2028 USD SR LIEN CPN 04/20/22 4 21 /,,,,,,,,Preferred & hybrid securities,Preferred / hybrid perpetual security issued by Morgan Stanley,1,"$1,001-$15,000",1001,15000,False,
MORGAN STANLEY HYBRID 04/20/2028 USD SR LIEN CPN 04/20/22 4.21%,Preferred & hybrid securities,"Senior note issued by Morgan Stanley, 4.21% coupon, due 04/20/2028",1,"$1,001-$15,000",1001,15000,False,,,,,,,,
MORGAN STANLEY HYBRID 12/10/2026 USD,Preferred & hybrid securities,"Hybrid debt security issued by Morgan Stanley, maturing December 2026",1,None,0,0,False,Preferred & hybrid securities,"Hybrid debt security issued by Morgan Stanley, maturing December 2026",1,None,0,0,False,same_reported_range
MORGAN STANLEY HYBRID 12/10/2026 USD SR LIEN CPN 12/10/20 0.985%,Preferred & hybrid securities,"Morgan Stanley senior note — 0.985% coupon, matures December 2026",2,"$1,001-$15,000 | $15,001-$50,000",16002,65000,False,,,,,,,,
MORGAN STANLEY HYBRID MTN 01/24/2029 USD SER GMTN SR LIEN CPN 01/23/,,,,,,,,Preferred & hybrid securities,Preferred / hybrid perpetual security issued by Morgan Stanley,1,"$1,001-$15,000",1001,15000,False,
MORGAN STANLEY HYBRID MTN 01/24/2029 USD SR LIEN CPN 01/23/18 3.772%,Preferred & hybrid securities,"Senior medium-term hybrid note of Morgan Stanley; 3.772% coupon, matures January 2029.",2,"$1,001-$15,000",2002,30000,False,,,,,,,,
MORGAN STANLEY HYBRID MTN 07/22/2028 USD SR LIEN CPN 07/24/17 3.591%,Preferred & hybrid securities,"Senior medium-term note of Morgan Stanley; 3.591% coupon, due July 2028",1,"$1,001-$15,000",1001,15000,False,,,,,,,,
MORGAN STANLEY HYBRID MTN 07/22/2028 USD SR LIEN CPN TBA,,,,,,,,Preferred & hybrid securities,Preferred / hybrid perpetual security issued by Morgan Stanley,1,"$1,001-$15,000",1001,15000,False,
MORGAN STANLEY PFD USD1 5938(6 38 %) SERIES I,,,,,,,,Preferred & hybrid securities,Preferred / hybrid perpetual security issued by Morgan Stanley,1,"$1,001-$15,000",1001,15000,False,
MORGAN STANLEY PFD USD1 6250(6 50 %) SERIES P,,,,,,,,Preferred & hybrid securities,Preferred / hybrid perpetual security issued by Morgan Stanley,1,"$1,001-$15,000",1001,15000,False,
MORGAN STANLEY PFD USD1 6250(6 50%) SERIES P,,,,,,,,Preferred & hybrid securities,Preferred / hybrid perpetual security issued by Morgan Stanley,1,"$1,001-$15,000",1001,15000,False,
MORGAN STANLEY PFD USD1 7188(6 88 /) SERIES F PERPETUAL PREFERRED,,,,,,,,Preferred & hybrid securities,Preferred / hybrid perpetual security issued by Morgan Stanley,1,"$1,001-$15,000",1001,15000,False,
MORGAN STANLEY PFD USD1 7188(6 88%) SERIES F PERPETUAL PREFERRED C,,,,,,,,Preferred & hybrid securities,Preferred / hybrid perpetual security issued by Morgan Stanley,1,"$1,001-$15,000",1001,15000,False,
MORGAN STANLEY PFD USD1 7813(7 13 %) SERIES E HYBRID FIX TO FLOAT PER,,,,,,,,Preferred & hybrid securities,Preferred / hybrid perpetual security issued by Morgan Stanley,1,"$1,001-$15,000",1001,15000,False,
MORGAN STANLEY PFD USD1 7813(7 13%) SERIES E HYBRID FIX TO FLOAT PER,,,,,,,,Preferred & hybrid securities,Preferred / hybrid perpetual security issued by Morgan Stanley,1,"$1,001-$15,000",1001,15000,False,
MORGAN STANLEY PFD USD1.6115(6.45%) SERIES I . .,Preferred & hybrid securities,"Series I preferred stock of investment bank Morgan Stanley, yielding about 6.45%",1,"$1,001-$15,000",1001,15000,False,,,,,,,,
MORGAN STANLEY PFD USD1.6250(6.50%) SERIES P,Preferred & hybrid securities,"Preferred stock of Morgan Stanley, Series P, paying a 6.50% dividend",2,"$1,001-$15,000",2002,30000,False,,,,,,,,
MORGAN STANLEY PFD USD1.7378(6.95%) SERIES F PERPETUAL PREFERRED (,Preferred & hybrid securities,"Perpetual preferred stock of Morgan Stanley, Series F, 6.95% dividend rate.",1,"$1,001-$15,000",1001,15000,False,,,,,,,,
MORGAN STANLEY PFD USD1.7378(6.95%) SERIES F PERPETUAL PREFERRED C,Preferred & hybrid securities,Morgan Stanley Series F perpetual preferred stock paying a 6.95% dividend,1,"$1,001-$15,000",1001,15000,False,,,,,,,,
MORGAN STANLEY PFD USD1.8010(7.20%) SERIES E HYBRID FIX TO FLOAT PER,Preferred & hybrid securities,"Fixed-to-floating perpetual preferred stock (Series E, 7.20%) of Morgan Stanley",2,"$1,001-$15,000",2002,30000,False,,,,,,,,
MOSAIC COMPANY (THE) CMN,Common stock,"Common stock of Mosaic, a producer of potash and phosphate fertilizers",3,"$1,001-$15,000 | None",2002,30000,False,Common stock,"Common stock of Mosaic, a producer of potash and phosphate fertilizers",3,"$1-$1,000 | $1,001-$15,000 | None",1002,16000,False,overlapping_reported_ranges
MOTOROLA SOLUTIONS INC CMN,Common stock,"Common stock of Motorola Solutions, a public-safety communications equipment company.",3,"$15,001-$50,000 | $1,001-$15,000",17003,80000,False,Common stock,"Common stock of Motorola Solutions, a public-safety communications equipment company.",3,"None | $1,001-$15,000",2002,30000,False,overlapping_reported_ranges
MOUNT KELLETT CAPITAL PARTNERS II ACCESS LP,Hedge funds & private funds,"Private fund providing access to Mount Kellett Capital Partners II, a special-situations investment firm",1,"$50,001-$100,000",50001,100000,False,Hedge funds & private funds,"Private fund providing access to Mount Kellett Capital Partners II, a special-situations investment firm",1,"$15,001-$50,000",15001,50000,False,lower
MPLX LP 2.65% 08/15/2030 USD SR LIEN,Preferred & hybrid securities,"Senior bond of MPLX, an oil and gas pipeline partnership, 2.65%, maturing 2030",1,"$1,001-$15,000",1001,15000,False,,,,,,,,
MSBNA PREFERRED SAVINGS- QC(99YA78EB0),Preferred & hybrid securities,"Preferred savings deposit at Morgan Stanley Bank N.A., part of a brokerage cash program.",1,"$1,001-$15,000",1001,15000,False,Preferred & hybrid securities,"Preferred savings deposit at Morgan Stanley Bank N.A., part of a brokerage cash program.",1,"$1,001-$15,000",1001,15000,False,same_reported_range
MSCI INC CMN,,,,,,,,Common stock,Common stock of Msci Inc,3,"None | $1,001-$15,000",1001,15000,False,
MSCI INC. CMN,Common stock,"Common stock of MSCI, a stock index and investment analytics provider",3,"$1,001-$15,000 | None",2002,30000,False,,,,,,,,
MSILF TREASURY SECURITIES INST (MSUXX),Cash & deposits,Morgan Stanley Institutional Liquidity Funds Treasury Securities money-market fund (MSUXX).,1,None,0,0,False,,,,,,,,
MSPBNA PREFERRED SAVINGS- QC(99YA78GU6),Preferred & hybrid securities,"Preferred savings deposit at Morgan Stanley Private Bank N.A., part of a brokerage cash program.",1,"$1,001-$15,000",1001,15000,False,Preferred & hybrid securities,"Preferred savings deposit at Morgan Stanley Private Bank N.A., part of a brokerage cash program.",1,"$1,001-$15,000",1001,15000,False,same_reported_range
N V R INC CMN,Common stock,"Common stock of NVR, a large US homebuilder.",5,"$15,001-$50,000 | $1,001-$15,000 | None",18004,95000,False,Common stock,"Common stock of NVR, a large US homebuilder.",5,"$1,001-$15,000 | None",4004,60000,False,overlapping_reported_ranges
N Y CITY MUN WTR FIN AUTH REV 5% 06/15/27-CA JD WATER AND SEWER SYST,Municipal & gov bonds,"New York City Municipal Water Finance Authority water and sewer revenue bond, 5% coupon, due 06/15/2027",1,"$1,001-$15,000",1001,15000,False,Municipal & gov bonds,"New York City Municipal Water Finance Authority water and sewer revenue bond, 5% coupon, due 06/15/2027",1,"$1,001-$15,000",1001,15000,False,same_reported_range
N Y N Y CTY TRNSTNL FIN AUTH REV 5 0000% 11/01/28-CA MN ISS 11/14/2013 FU,,,,,,,,Municipal & gov bonds,"Municipal bond — N Y N Y CTY Trnstnl FIN Auth, 0000% coupon",1,"$1,001-$15,000",1001,15000,False,
N Y N Y CTY TRNSTNL FIN AUTH REV 5.0000% 11/01/28-CA MN ISS 11/14/2013 FU,Municipal & gov bonds,"New York City Transitional Finance Authority revenue bond, 5% coupon, due November 2028",1,"$1,001-$15,000",1001,15000,False,,,,,,,,
N Y S ENV FACS CORP REV 5% 10/15/28 AO REVOLVING FDS BDS 2020B GREEN,Municipal & gov bonds,"New York State Environmental Facilities Corp. green revenue bond — 5% coupon, due October 2028",1,"$1,001-$15,000",1001,15000,False,Municipal & gov bonds,"Municipal bond — N Y S ENV Facs Corp, 5% coupon",1,"$1,001-$15,000",1001,15000,False,same_reported_range
NASDAQ INC 5 35% 06/28/2028 USD SR LIEN,,,,,,,,Preferred & hybrid securities,Preferred / hybrid perpetual security issued by Nasdaq Inc 5 35% 06/28/2028 USD SR Lien,1,"$1,001-$15,000",1001,15000,False,
NASDAQ INC CMN,,,,,,,,Common stock,Common stock of Nasdaq Inc,6,"None | $1,001-$15,000 | $50,001-$100,000 | $15,001-$50,000",67004,180000,False,
NASDAQ INC. CMN,Common stock,"Common stock of Nasdaq, the stock exchange operator.",6,"$15,001-$50,000 | $1,001-$15,000 | $50,001-$100,000",132006,330000,False,,,,,,,,
"NASDAQ, INC. 5.35% 06/28/2028 USD",Municipal & gov bonds,"Bond of Nasdaq, the stock exchange operator; 5.35%, due June 2028",1,None,0,0,False,,,,,,,,
"NASDAQ, INC. 5.35% 06/28/2028 USD SR LIEN",Preferred & hybrid securities,"Senior bond of stock exchange operator Nasdaq, 5.35%, maturing June 2028",1,"$15,001-$50,000",15001,50000,False,,,,,,,,
NATIONAL BANK OF CANADA LINKED TO S&P 500 INDEX,Structured notes,Structured note issued by National Bank of Canada tied to the S&P 500 index.,1,None,0,0,False,Structured notes,Structured note issued by National Bank of Canada tied to the S&P 500 index.,1,None,0,0,False,same_reported_range
NATIONAL BANK OF CANADA LINKED TO S&P 500 INDEX CNTNGNT CPN W BUFF,Structured notes,"National Bank of Canada structured note on the S&P 500, contingent coupon, buffered",2,"$15,001-$50,000 | $50,001-$100,000",65002,150000,False,Structured notes,"National Bank of Canada structured note on the S&P 500, contingent coupon, buffered",1,"$50,001-$100,000",50001,100000,False,overlapping_reported_ranges
NATIONAL BANK OF CANADA LINKED TO S&P 500 INDEX UPSIDE LEVERED CAP,,,,,,,,Structured notes,Structured note by National Bank of Canada — return linked to S&P 500 Index Upside Levered CAP,2,"$100,001-$250,000 | $15,001-$50,000",115002,300000,False,
NATIONAL BANK OF CANADA LINKED TO S&P 500 INDEX UPSIDE LEVERED CAPI,,,,,,,,Structured notes,Structured note by National Bank of Canada — return linked to S&P 500 Index Upside Levered Capi,1,"$100,001-$250,000",100001,250000,False,
NATIONAL GRID PLC SPONSORED ADR CMN,Common stock,"U.S.-traded shares (ADR) of National Grid, a British electricity and gas utility",2,"None | $15,001-$50,000",15001,50000,False,Common stock,"U.S.-traded shares (ADR) of National Grid, a British electricity and gas utility",1,"$15,001-$50,000",15001,50000,False,same_reported_range
NCR VOYIX CORP CMN,Common stock,"Common stock of NCR Voyix, a maker of retail and restaurant commerce technology",3,"$15,001-$50,000 | $50,001-$100,000",115003,250000,False,Common stock,"Common stock of NCR Voyix, a maker of retail and restaurant commerce technology",3,None,0,0,False,lower
NCR VOYIX CORP CMN CLASS A,,,,,,,,Common stock,Common stock of NCR Voyix Corp,2,"$1,001-$15,000 | $50,001-$100,000",51002,115000,False,
NESTLE SA SPONSORED ADR (REP 1/20 CHF 10 REGD SHS),Common stock,"American depositary shares of Nestle, the Swiss food and beverage company.",2,"None | $15,001-$50,000",15001,50000,False,Common stock,"American depositary shares of Nestle, the Swiss food and beverage company.",1,None,0,0,False,lower
NETAPP INC CMN,,,,,,,,Common stock,Common stock of Netapp Inc,3,"$15,001-$50,000 | $1,001-$15,000",17003,80000,False,
"NETAPP, INC. CMN",Common stock,"Common stock of NetApp, a data storage and cloud infrastructure company",3,"None | $1,001-$15,000",1001,15000,False,,,,,,,,
NETFLIX INC,,,,,,,,Common stock,Common stock of Netflix Inc,3,"$1,001-$15,000",3003,45000,False,
"NETFLIX, INC 5 875 % 11/15/2028 USD SR LIEN",,,,,,,,Preferred & hybrid securities,"Preferred / hybrid perpetual security issued by Netflix, Inc 5 875 % 11/15/2028 USD SR Lien",1,"$15,001-$50,000",15001,50000,False,
"NETFLIX, INC CMN",,,,,,,,Common stock,"Common stock of Netflix, Inc",4,"None | $50,001-$100,000 | $15,001-$50,000",80003,200000,False,
"NETFLIX, INC. 5.875% 11/15/2028 USD",Municipal & gov bonds,"Corporate bond of streaming company Netflix, 5.875%, maturing November 2028",1,None,0,0,False,,,,,,,,
"NETFLIX, INC. 5.875% 11/15/2028 USD SR LIEN",Preferred & hybrid securities,"Senior bond of streaming company Netflix — 5.875% coupon, maturing November 2028",1,"$15,001-$50,000",15001,50000,False,,,,,,,,
"NETFLIX, INC. CMN",Common stock,"Common stock of Netflix, the streaming video company.",3,"$50,001-$100,000 | $15,001-$50,000",80003,200000,False,,,,,,,,
NEW ALBANY PLAIN LOC SCH DIST GO 4% 12/01/25 JD,Municipal & gov bonds,"New Albany-Plain, Ohio local school district general obligation bond, 4% coupon, due 12/01/2025",1,None,0,0,False,,,,,,,,
NEW ALBANY PLAIN LOC SCH DIST GO 4% 12/01/25 JD OHIO GO UNLTD TAX REF,Municipal & gov bonds,"New Albany-Plain, Ohio school district general obligation refunding bond, 4%, due December 2025",1,"$1,001-$15,000",1001,15000,False,,,,,,,,
NEW ALBANY PLAIN LOC SCH DIST GO 5 % 12/01/25 JD,,,,,,,,Municipal & gov bonds,Municipal / government bond,1,None,0,0,False,
NEW MEXICO FIN AUTH REV REV 5% 06/01/24 JD,Municipal & gov bonds,"New Mexico Finance Authority revenue bond — 5% coupon, matures June 2024",1,None,0,0,False,,,,,,,,
NEW MEXICO FIN AUTH REV REV 5% 06/01/26 JD SR LIEN PUB PROJ REVOLVING,,,,,,,,Preferred & hybrid securities,Preferred / hybrid perpetual security issued by New Mexico FIN Auth REV REV 5% 06/01/26 JD SR Lien PUB Proj Revolving,1,"$1,001-$15,000",1001,15000,False,
NEW YORK N Y CITY TRANSITIONAL REV 5% 07/15/25-CA JJ FIN AUTH BLDG AID,Municipal & gov bonds,"New York City Transitional Finance Authority building aid revenue bond; 5% coupon, matures 2025.",1,"$1,001-$15,000",1001,15000,False,,,,,,,,
NEW YORK N Y CITY TRANSITIONAL REV 5% 07/15/28 JJ FIN AUTH BLDG AIDREV,Municipal & gov bonds,"New York City Transitional Finance Authority building aid revenue bond; 5%, due July 2028",1,"$1,001-$15,000",1001,15000,False,Municipal & gov bonds,"New York City Transitional Finance Authority building aid revenue bond; 5%, due July 2028",1,"$1,001-$15,000",1001,15000,False,same_reported_range
NEW YORK N Y GO 5% 08/01/26 FA GO BDS FISCAL 2020 C-1 UT BEO,Municipal & gov bonds,"New York City general obligation bond, 5%, maturing August 2026",1,"$1,001-$15,000",1001,15000,False,Municipal & gov bonds,"New York City general obligation bond, 5%, maturing August 2026",1,"$1,001-$15,000",1001,15000,False,same_reported_range
NEW YORK ST DORM AUTH REVS NON REV 5 % 10/01/29-CA AO ST SUPPORTED,,,,,,,,Municipal & gov bonds,Municipal / government bond,1,"$1,001-$15,000",1001,15000,False,
NEW YORK ST DORM AUTH REVS NON REV 5% 10/01/29-CA AO ST SUPPORTED,Municipal & gov bonds,"New York State Dormitory Authority revenue bond — 5% coupon, maturing October 2029",1,"$1,001-$15,000",1001,15000,False,,,,,,,,
NEWMONT CORP CMN,Common stock,"Common stock of Newmont, a gold mining company.",3,"$1,001-$15,000 | None",2002,30000,False,Common stock,"Common stock of Newmont, a gold mining company.",3,"$15,001-$50,000 | $1,001-$15,000",17003,80000,False,overlapping_reported_ranges
NEWS CORPORATION CMN CLASS A,Common stock,"Class A common stock of News Corp, media and publishing company",1,"$1,001-$15,000",1001,15000,False,Common stock,"Class A common stock of News Corp, media and publishing company",2,"$1,001-$15,000 | None",1001,15000,False,same_reported_range
NEXTERA ENERGY CAPITAL HOLDING 2.44% 01/15/2032 USD,Municipal & gov bonds,"Bond of NextEra Energy Capital Holdings, the utility's financing arm; 2.44%, due 2032",1,None,0,0,False,,,,,,,,
NEXTERA ENERGY CAPITAL HOLDING 2.44% 01/15/2032 USD SR LIEN,Preferred & hybrid securities,"Senior bond of NextEra Energy's financing arm — 2.44% coupon, matures January 2032",1,"$1,001-$15,000",1001,15000,False,,,,,,,,
NEXTERA ENERGY CAPITAL HOLDING 2.75 % 11/01/2029 USD SR LIEN,,,,,,,,Preferred & hybrid securities,Preferred / hybrid perpetual security issued by Nextera Energy Capital Holding 2.75 % 11/01/2029 USD SR Lien,1,"$15,001-$50,000",15001,50000,False,
NEXTERA ENERGY CAPITAL HOLDING 2.75% 11/01/2029 USD,Municipal & gov bonds,"Bond of NextEra Energy Capital Holdings, the utility's financing arm; 2.75% coupon, matures 2029.",1,None,0,0,False,,,,,,,,
NEXTERA ENERGY CAPITAL HOLDING 2.75% 11/01/2029 USD SR LIEN,Preferred & hybrid securities,"Senior bond of NextEra Energy's finance arm; 2.75%, due November 2029",1,"$15,001-$50,000",15001,50000,False,,,,,,,,
NEXTERA ENERGY CAPITAL HOLDING HYBRID 05/01/2079 USD JRSUB LIEN CPN,Preferred & hybrid securities,"Junior subordinated hybrid bond of utility parent NextEra Energy, maturing 2079",2,"$1,001-$15,000",2002,30000,False,Preferred & hybrid securities,"Junior subordinated hybrid bond of utility parent NextEra Energy, maturing 2079",2,"$1,001-$15,000",2002,30000,False,same_reported_range
NEXTERA ENERGY CAPITAL HOLDING HYBRID 06/15/2054 USD,,,,,,,,Preferred & hybrid securities,Preferred / hybrid perpetual security issued by Nextera Energy Capital Holding,1,None,0,0,False,
NEXTERA ENERGY CAPITAL HOLDING HYBRID 06/15/2054 USD JRSUB LIEN CPI,,,,,,,,Preferred & hybrid securities,Preferred / hybrid perpetual security issued by Nextera Energy Capital Holding,1,"$1,001-$15,000",1001,15000,False,
NEXTERA ENERGY CAPITAL HOLDING HYBRID 08/15/2055 JRSUB LIEN CPN 02/0,Preferred & hybrid securities,"Junior subordinated hybrid note of utility affiliate NextEra Energy Capital, maturing August 2055",1,"$1,001-$15,000",1001,15000,False,,,,,,,,
NEXTERA ENERGY CAPITAL HOLDING HYBRID 08/15/2055 USD JRSUB LIEN CPN,,,,,,,,Preferred & hybrid securities,Preferred / hybrid perpetual security issued by Nextera Energy Capital Holding,2,"$1,001-$15,000",2002,30000,False,
NEXTERA ENERGY CAPITAL HOLDING HYBRID 09/01/2054,Preferred & hybrid securities,"Hybrid subordinated note of NextEra Energy Capital Holdings, utility financing arm, maturing 2054.",2,None,0,0,False,,,,,,,,
NEXTERA ENERGY CAPITAL HOLDING HYBRID 09/01/2054 USD JRSUB LIEN CPN,Preferred & hybrid securities,"Junior subordinated hybrid note of NextEra Energy Capital Holdings, due 09/01/2054",2,"$1,001-$15,000",2002,30000,False,Preferred & hybrid securities,"Junior subordinated hybrid note of NextEra Energy Capital Holdings, due 09/01/2054",2,"$1,001-$15,000",2002,30000,False,same_reported_range
NEXTERA ENERGY INC CMN,,,,,,,,Common stock,Common stock of Nextera Energy Inc,3,"$15,001-$50,000",45003,150000,False,
NEXTERA ENERGY INC COM USD0 01,,,,,,,,Common stock,Common stock of Nextera Energy Inc Usd0 01,2,"$1,001-$15,000",2002,30000,False,
"NEXTERA ENERGY, INC. CMN",Common stock,"Common stock of NextEra Energy, a utility and renewable power company",4,"$50,001-$100,000 | None | $15,001-$50,000",115003,250000,False,,,,,,,,
NIKE CLASS-B CMN CLASS B,Common stock,"Class B common stock of Nike, the athletic footwear and apparel company",4,"None | $1,001-$15,000",3003,45000,False,Common stock,"Class B common stock of Nike, the athletic footwear and apparel company",3,"$1,001-$15,000",3003,45000,False,same_reported_range
NISOURCE INC HYBRID 03/31/2055 USD JRSUB LIEN CPN 09/09/24 6 375%,,,,,,,,Preferred & hybrid securities,Preferred / hybrid perpetual security issued by Nisource Inc,2,"$1,001-$15,000",2002,30000,False,
NISOURCE INC HYBRID 11/30/2054 USD JRSUB LIEN CPN 05/16/24 6 95 /,,,,,,,,Preferred & hybrid securities,Preferred / hybrid perpetual security issued by Nisource Inc,1,"$1,001-$15,000",1001,15000,False,
NISOURCE INC HYBRID 11/30/2054 USD JRSUB LIEN CPN 05/16/24 6 95%,,,,,,,,Preferred & hybrid securities,Preferred / hybrid perpetual security issued by Nisource Inc,1,"$1,001-$15,000",1001,15000,False,
NISOURCE INC. HYBRID 03/31/2055,Preferred & hybrid securities,"Long-dated hybrid subordinated note of gas and electric utility NiSource, maturing 2055.",1,None,0,0,False,,,,,,,,
NISOURCE INC. HYBRID 03/31/2055 USD JRSUB LIEN CPN 09/09/24 6.375%,Preferred & hybrid securities,"NiSource, a gas and electric utility; junior subordinated hybrid security, 6.375%, due 2055",1,"$1,001-$15,000",1001,15000,False,,,,,,,,
NISOURCE INC. HYBRID 11/30/2054,Preferred & hybrid securities,"Hybrid subordinated bond of gas and electric utility NiSource, maturing November 2054",2,None,0,0,False,,,,,,,,
NISOURCE INC. HYBRID 11/30/2054 USD JRSUB LIEN CPN 05/16/24 6.95%,Preferred & hybrid securities,"Junior subordinated hybrid note of gas utility NiSource — 6.95%, maturing November 2054",2,"$1,001-$15,000",2002,30000,False,,,,,,,,
NNN REIT INC COM,,,,,,,,Common stock,Common stock of NNN Reit Inc,2,"$1,001-$15,000",2002,30000,False,
NORDSON CORPORATION CMN,Common stock,"Common stock of Nordson, maker of precision fluid-dispensing equipment.",1,None,0,0,False,Common stock,"Common stock of Nordson, maker of precision fluid-dispensing equipment.",2,"$1,001-$15,000",2002,30000,False,higher
NORFOLK SOUTHERN CORP CMN,Common stock,Common stock of railroad operator Norfolk Southern,3,"None | $1,001-$15,000",1001,15000,False,Common stock,Common stock of railroad operator Norfolk Southern,2,None,0,0,False,lower
NORFOLK SOUTHERN CORPORATION CMN,,,,,,,,Common stock,Common stock of Norfolk Southern Corporation,3,"$1,001-$15,000",3003,45000,False,
NORTH DAKOTA PUB FIN AUTH REV 5 / 10/01/31 AO ST REVOLVING FD PROGRA,,,,,,,,Municipal & gov bonds,Municipal / government bond,1,"$1,001-$15,000",1001,15000,False,
NORTHEAST OH REG SEWER DIST REV 5.0000% 11/15/30-CA MN,Municipal & gov bonds,"Northeast Ohio Regional Sewer District revenue bond, 5% coupon, due November 2030",1,None,0,0,False,,,,,,,,
NORTHEAST OHIO REGL SWR DIST REV 5% 11/15/32 MN,Municipal & gov bonds,"Northeast Ohio Regional Sewer District revenue bond — 5% coupon, matures November 2032",1,None,0,0,False,,,,,,,,
NORTHEAST OHIO REGL SWR DIST REV 5% 11/15/39 MN,Municipal & gov bonds,"Northeast Ohio Regional Sewer District revenue bond; 5% coupon, matures November 2039.",1,None,0,0,False,,,,,,,,
NORTHEAST OHIO REGL SWR DIST REV 5% 11/15/44 MN,Municipal & gov bonds,"Northeast Ohio Regional Sewer District revenue bond; 5%, due November 2044",1,None,0,0,False,,,,,,,,
NORTHEAST OHIO REGL SWR DIST REV 5% 11/15/49 MN,Municipal & gov bonds,"Northeast Ohio Regional Sewer District revenue bond, 5%, maturing November 2049",1,None,0,0,False,,,,,,,,
NORTHERN TRUST CORP 3 15 % 05/03/2029 USD SR LIEN,,,,,,,,Preferred & hybrid securities,Preferred / hybrid perpetual security issued by Northern Trust Corp 3 15 % 05/03/2029 USD SR Lien,1,"$1,001-$15,000",1001,15000,False,
NORTHERN TRUST CORP 3.15% 05/03/2029 USD SR LIEN,Preferred & hybrid securities,"Senior bond of custody bank Northern Trust — 3.15% coupon, maturing May 2029",2,"$1,001-$15,000",2002,30000,False,,,,,,,,
NORTHERN TRUST CORP CMN,Common stock,"Common stock of Northern Trust, a custody bank and wealth manager.",3,"None | $1,001-$15,000",1001,15000,False,Common stock,"Common stock of Northern Trust, a custody bank and wealth manager.",3,"$1,001-$15,000 | None",2002,30000,False,overlapping_reported_ranges
NORTHERN TRUST CORPORATION 3.95% 10/30/2025 SUB LIEN,Municipal & gov bonds,"Subordinated bond of custody bank Northern Trust, 3.95% coupon, due 10/30/2025",1,"$1,001-$15,000",1001,15000,False,,,,,,,,
NORTHVOLT INVESTMENTS SLP,,,,,,,,Hedge funds & private funds,Private fund / partnership interest — Northvolt Investments SLP,2,"$1-$1,000",2,2000,False,
"NORTHVOLT INVESTMENTS, SLP",Hedge funds & private funds,"Private partnership invested in Northvolt, a Swedish battery manufacturer",2,"$1-$1,000 | $1,001-$15,000",1002,16000,False,,,,,,,,
NORWEGIAN CRUISE LINE HLDG LTD CMN,Common stock,"Common stock of Norwegian Cruise Line Holdings, a cruise ship operator",2,"$1,001-$15,000",2002,30000,False,Common stock,"Common stock of Norwegian Cruise Line Holdings, a cruise ship operator",3,"$1,001-$15,000",3003,45000,False,overlapping_reported_ranges
NOVARTIS AG-ADR SPONSORED ADR CMN,Common stock,"American depositary shares of Novartis, the Swiss pharmaceutical company.",2,"None | $15,001-$50,000",15001,50000,False,Common stock,"American depositary shares of Novartis, the Swiss pharmaceutical company.",1,"$15,001-$50,000",15001,50000,False,same_reported_range
NOVO-NORDISK A/S ADR ADR CMN,Common stock,"American depositary shares of Novo Nordisk, a Danish diabetes and obesity drugmaker",2,"None | $15,001-$50,000",15001,50000,False,Common stock,"American depositary shares of Novo Nordisk, a Danish diabetes and obesity drugmaker",1,"$1,001-$15,000",1001,15000,False,lower
NTT INC SPON ADR EACH REP 25 ORD SHS,,,,,,,,Common stock,Common stock of NTT Inc Spon Each REP 25 ORD SHS,3,"$1,001-$15,000",3003,45000,False,
NUCOR CORPORATION CMN,Common stock,"Common stock of Nucor, a steel producer",3,"$1,001-$15,000",3003,45000,False,Common stock,"Common stock of Nucor, a steel producer",3,"$1,001-$15,000",3003,45000,False,same_reported_range
NUTRIEN LTD. 5.95% 11/07/2025 SR LIEN,Preferred & hybrid securities,"Senior bond of fertilizer producer Nutrien — 5.95% coupon, maturing November 2025",1,"$15,001-$50,000",15001,50000,False,,,,,,,,
NUTRIEN LTD. 5.95% 11/07/2025 USD,Municipal & gov bonds,"Bond of Nutrien, a Canadian fertilizer producer; 5.95% coupon, maturing November 2025.",1,None,0,0,False,,,,,,,,
NVENT ELECTRIC PUBLIC LIMITED COMPANY,,,,,,,,Common stock,Common stock of Nvent Electric Public Limited Company,1,"$15,001-$50,000",15001,50000,False,
NVIDIA CORPORATION CMN,Common stock,"Common stock of Nvidia, maker of graphics and artificial intelligence chips",5,"$100,001-$250,000 | $250,001-$500,000 | $1,001-$15,000",851005,1765000,False,Common stock,"Common stock of Nvidia, maker of graphics and artificial intelligence chips",5,"$50,001-$100,000 | $500,001-$1,000,000 | $15,001-$50,000 | $100,001-$250,000",1165005,2400000,False,overlapping_reported_ranges
NVIDIA CORPORATION COM,,,,,,,,Common stock,Common stock of Nvidia Corporation,3,"$15,001-$50,000",45003,150000,False,
NXP B V 2 5% 05/11/2031 USD,,,,,,,,Municipal & gov bonds,"Municipal bond — NXP B V 2, 5% coupon",1,None,0,0,False,
NXP B.V. 2.5% 05/11/2031 USD,Municipal & gov bonds,"Corporate bond of chipmaker NXP Semiconductors, 2.5% coupon, maturing May 2031",1,None,0,0,False,,,,,,,,
NXP B.V. 2.5% 05/11/2031 USD SER WI SR LIEN,Preferred & hybrid securities,"Senior bond of Dutch chipmaker NXP Semiconductors — 2.5% coupon, matures May 2031",1,"$1,001-$15,000",1001,15000,False,,,,,,,,
NXP BV/NXP FDG/NXP USA 4 3 % 06/18/2029 USD SR LIEN,,,,,,,,Preferred & hybrid securities,Preferred / hybrid perpetual security issued by NXP Bv/nxp Fdg/nxp USA 4 3 % 06/18/2029 USD SR Lien,1,"$1,001-$15,000",1001,15000,False,
NXP BV/NXP FDG/NXP USA 4 3 / 06/18/2029 USD SR LIEN,,,,,,,,Preferred & hybrid securities,Preferred / hybrid perpetual security issued by NXP Bv/nxp Fdg/nxp USA 4 3 / 06/18/2029 USD SR Lien,1,"$1,001-$15,000",1001,15000,False,
NXP BV/NXP FDG/NXP USA 4.3% 06/18/2029 USD,Municipal & gov bonds,"Corporate bond of semiconductor maker NXP; 4.3% coupon, matures 2029.",1,None,0,0,False,,,,,,,,
NXP BV/NXP FDG/NXP USA 4.3% 06/18/2029 USD SR LIEN,Preferred & hybrid securities,"Senior bond of NXP Semiconductors, a chipmaker; 4.3%, due June 2029",3,"$1,001-$15,000",3003,45000,False,,,,,,,,
NXP BV/NXP FUNDING LLC 5 55 % 12/01/2028 USD SR LIEN,,,,,,,,Preferred & hybrid securities,Preferred / hybrid perpetual security issued by NXP Bv/nxp Funding LLC 5 55 % 12/01/2028 USD SR Lien,1,"$1,001-$15,000",1001,15000,False,
NXP BV/NXP FUNDING LLC 5.55% 12/01/2028 USD,Municipal & gov bonds,"Corporate bond of semiconductor maker NXP, 5.55%, maturing December 2028",1,None,0,0,False,,,,,,,,
NXP BV/NXP FUNDING LLC 5.55% 12/01/2028 USD SR LIEN,Preferred & hybrid securities,"Senior bond of chipmaker NXP Semiconductors — 5.55% coupon, maturing December 2028",1,"$1,001-$15,000",1001,15000,False,,,,,,,,
NXP SEMICONDUCTORS N V CMN,,,,,,,,Common stock,Common stock of NXP Semiconductors N V,3,"None | $1,001-$15,000",1001,15000,False,
NXP SEMICONDUCTORS N.V. CMN,Common stock,"Common stock of NXP Semiconductors, a Dutch chipmaker serving automotive and industrial markets.",3,"$1,001-$15,000",3003,45000,False,,,,,,,,
NY ST DORM AUTH REVS REV 1 1800% 07/01/26 JJ TAXABLE BDS NEW YORK UN,,,,,,,,Municipal & gov bonds,"Municipal bond — NY ST Dorm Auth Revs, 1800% coupon",1,"$1,001-$15,000",1001,15000,False,
NY ST DORM AUTH REVS REV 1.1800% 07/01/26 JJ TAXABLE BDS NEW YORK UN,Municipal & gov bonds,"New York State Dormitory Authority taxable revenue bond (New York University), 1.18% coupon, due 07/01/2026",1,"$1,001-$15,000",1001,15000,False,,,,,,,,
O REILLY AUTOMOTIVE INC CMN,,,,,,,,Common stock,Common stock of O Reilly Automotive Inc,2,"$1,001-$15,000",2002,30000,False,
O'REILLY AUTOMOTIVE INC CMN,,,,,,,,Common stock,Common stock of O'reilly Automotive Inc,1,"$15,001-$50,000",15001,50000,False,
"O'REILLY AUTOMOTIVE, INC. CMN",Common stock,"Common stock of O'Reilly Automotive, an auto parts retailer",3,"$15,001-$50,000 | $1,001-$15,000 | None",16002,65000,False,,,,,,,,
OAK STREET MAI SPECIAL OPPORTUNITY FUND,Funds & ETFs,Special-opportunity private investment fund offered through MAI in partnership with Oak Street,3,None,0,0,False,,,,,,,,
OAK STREET MAI SPECIAL OPPORTUNTIY FUND,Funds & ETFs,"Private special-opportunity fund tied to Oak Street real estate strategy, offered through MAI.",2,None,0,0,False,,,,,,,,
OAK TRUST NET LEASE TRUST OP UNITS,Hedge funds & private funds,Operating partnership units in a private net-lease real estate trust,2,"$100,001-$250,000 | $500,001-$1,000,000",600002,1250000,False,Hedge funds & private funds,Operating partnership units in a private net-lease real estate trust,2,None,0,0,False,lower
OHIO HSG FIN AGY MULTIFAMILY REV 3.8500% 07/01/25 JJ,Municipal & gov bonds,"Ohio Housing Finance Agency multifamily housing revenue bond, 3.85%, maturing July 2025",1,None,0,0,False,,,,,,,,
OHIO HSG FIN AGY MULTIFAMILY REV 3.8500% 07/01/25 JJ HSG REV BDS POST,Municipal & gov bonds,"Ohio Housing Finance Agency multifamily housing revenue bond — 3.85%, maturing July 2025",1,"$50,001-$100,000",50001,100000,False,,,,,,,,
OHIO ST ADULT CORRECTIONAL CAP REV 5% 10/01/24 AO,Municipal & gov bonds,"State of Ohio adult correctional capital facilities revenue bond, 5%, due October 2024.",1,None,0,0,False,,,,,,,,
OHIO ST CAP FACS LEASE REV 5.0000% 04/01/25 AO,Municipal & gov bonds,"State of Ohio capital facilities lease revenue bond, 5% coupon, due 04/01/2025",1,None,0,0,False,,,,,,,,
OHIO ST CAP FACS LEASE REV 5.0000% 04/01/25 AO APPROPRIATION BDS CULT,Municipal & gov bonds,"State of Ohio capital facilities lease revenue bond, 5% coupon, due April 2025",1,"$1,001-$15,000",1001,15000,False,,,,,,,,
OHIO ST CULTURAL & SPORTS CAP REV 5.0000% 10/01/25 AO,Municipal & gov bonds,"State of Ohio cultural and sports facilities revenue bond — 5% coupon, due October 2025",1,None,0,0,False,,,,,,,,
OHIO ST CULTURAL & SPORTS CAP REV 5.0000% 10/01/25 AO LEASE APPROPRI,Municipal & gov bonds,"State of Ohio cultural and sports facilities lease appropriation revenue bond; 5% coupon, matures 2025.",1,"$100,001-$250,000",100001,250000,False,,,,,,,,
OHIO ST DB 5 / 05/01/25 MN,,,,,,,,Other,Reported asset or transaction line item — Ohio ST DB 5 / 05/01/25 MN,1,None,0,0,False,
OHIO ST DB 5% 05/01/25 MN,Municipal & gov bonds,"State of Ohio municipal bond; 5% coupon, due May 2025",1,None,0,0,False,,,,,,,,
OHIO ST DB 5% 05/01/25 MN GO HWY CAP IMPT BDS S UT BEO SR LIEN,Preferred & hybrid securities,"State of Ohio highway capital improvement general obligation bond, 5%, maturing May 2025",1,"$15,001-$50,000",15001,50000,False,,,,,,,,
OHIO ST DEPT ADMINISTRATIVE COPS 5 0000% 09/01/26-CA MS SVCS CTFS PAR,,,,,,,,Municipal & gov bonds,"Municipal bond — Ohio ST Dept Administrative Cops 5, 0000% coupon",1,"$15,001-$50,000",15001,50000,False,
OHIO ST FOR ISSUES DTD PRIOR GO 5.0000% 09/01/24 MS,Municipal & gov bonds,"State of Ohio general obligation bond — 5% coupon, maturing September 2024",1,None,0,0,False,,,,,,,,
OHIO ST GO 4 / 03/01/26 MS GO BDS 2022 B UT BEO,,,,,,,,Municipal & gov bonds,Municipal / government bond,1,"$1,001-$15,000",1001,15000,False,
OHIO ST GO 5 % 05/01/26 MN HIGHER ED GO BDS 2025 A UT BEO,,,,,,,,Municipal & gov bonds,Municipal / government bond,1,"$1,001-$15,000",1001,15000,False,
OHIO ST GO 5 % 08/01/25 FA,,,,,,,,Municipal & gov bonds,Municipal / government bond,1,None,0,0,False,
OHIO ST GO 5 % 08/01/26 FA HIGHER ED GO REF BDS 2017C UT BEO,,,,,,,,Municipal & gov bonds,Municipal / government bond,1,"$15,001-$50,000",15001,50000,False,
OHIO ST GO 5 % 09/15/26 MS COMMON SCHS GO REF BDS 2017B UT BEO,,,,,,,,Municipal & gov bonds,Municipal / government bond,1,"$15,001-$50,000",15001,50000,False,
OHIO ST GO 5 / 02/01/30 FA GO BDS 2021 B UT BEO,,,,,,,,Municipal & gov bonds,Municipal / government bond,1,"$50,001-$100,000",50001,100000,False,
OHIO ST GO 5 / 02/01/38 FA HIGHER ED GO BDS 2018 A PRERE 02/01/26 UT BEO,,,,,,,,Municipal & gov bonds,Municipal / government bond,1,"$15,001-$50,000",15001,50000,False,
OHIO ST GO 5 / 03/01/26 MS INFRASTRUCTURE IMPT GO BDS 2019 A UT BEO,,,,,,,,Municipal & gov bonds,Municipal / government bond,1,"$15,001-$50,000",15001,50000,False,
OHIO ST GO 5 / 03/01/32 MS,,,,,,,,Municipal & gov bonds,Municipal / government bond,1,"$15,001-$50,000",15001,50000,False,
OHIO ST GO 5 / 05/01/39 MN HIGHER ED GO BDS 2019 A PRERE 05/01/27 UT BEO,,,,,,,,Municipal & gov bonds,Municipal / government bond,1,"$50,001-$100,000",50001,100000,False,
OHIO ST GO 5 0000% 09/01/25 MS,,,,,,,,Municipal & gov bonds,"Municipal bond — Ohio ST, 0000% coupon, due 09/01/25, pays Mar/Sep",1,None,0,0,False,
OHIO ST GO 5 0000% 10/01/25 AO,,,,,,,,Municipal & gov bonds,"Municipal bond — Ohio ST, 0000% coupon, due 10/01/25, pays Apr/Oct",1,None,0,0,False,
OHIO ST GO 5 0000% 10/01/26 AO RFDG-CAP FACS LSE APPRO-ADMN BEO,,,,,,,,Municipal & gov bonds,"Municipal bond — Ohio ST, 0000% coupon",1,"$1,001-$15,000",1001,15000,False,
OHIO ST GO 5% 02/01/30 FA INFRASTRUCTURE IMPT GO REF BDS 2021 B UT BE,Municipal & gov bonds,"State of Ohio infrastructure improvement general obligation refunding bond, 5%, due February 2030.",1,"$50,001-$100,000",50001,100000,False,,,,,,,,
OHIO ST GO 5% 03/01/25 MS,Municipal & gov bonds,"State of Ohio general obligation bond, 5% coupon, due 03/01/2025",1,None,0,0,False,,,,,,,,
OHIO ST GO 5% 03/01/25 MS GO BDS CONSERVATION PROJS 2021A UT BEO,Municipal & gov bonds,"State of Ohio general obligation bond for conservation projects, 5%, due March 2025",1,"$50,001-$100,000",50001,100000,False,,,,,,,,
OHIO ST GO 5% 03/01/26 MS GO BDS 2025A UT BEO,,,,,,,,Municipal & gov bonds,"Municipal bond — Ohio ST, 5% coupon",1,"$1,001-$15,000",1001,15000,False,
OHIO ST GO 5% 03/15/31 MS GO REF BDS 2023A UT BEO,,,,,,,,Municipal & gov bonds,"Municipal bond — Ohio ST, 5% coupon",1,"$15,001-$50,000",15001,50000,False,
OHIO ST GO 5% 04/01/25 AO,Municipal & gov bonds,"State of Ohio general obligation bond — 5% coupon, matures April 2025",1,None,0,0,False,,,,,,,,
OHIO ST GO 5% 04/01/25 AO NATURAL RES GO BDS 2018W UT BEO,Municipal & gov bonds,"State of Ohio general obligation natural resources bond; 5% coupon, matures April 2025.",1,"$100,001-$250,000",100001,250000,False,,,,,,,,
OHIO ST GO 5% 05/01/25 MN,Municipal & gov bonds,"State of Ohio general obligation bond; 5% coupon, due May 2025",1,None,0,0,False,Municipal & gov bonds,"State of Ohio general obligation bond; 5% coupon, due May 2025",1,None,0,0,False,same_reported_range
OHIO ST GO 5% 05/01/25 MN HIGHER ED GEN OBLIG BDS SER 20 UT BEO,Municipal & gov bonds,"State of Ohio higher education general obligation bond, 5%, maturing May 2025",1,"$1,001-$15,000",1001,15000,False,,,,,,,,
OHIO ST GO 5% 05/01/25 MN HIGHER ED GO BDS 2019 A UT BEO,Municipal & gov bonds,"Ohio general obligation higher education bond — 5% coupon, maturing May 2025",1,"$50,001-$100,000",50001,100000,False,,,,,,,,
OHIO ST GO 5% 05/01/39 MN HIGHER ED GO BDS 2019 A PRERE 05/01/27 UT BEC,Municipal & gov bonds,"State of Ohio higher education general obligation bond, 5%, due 2039, pre-refunded to 2027.",1,"$50,001-$100,000",50001,100000,False,,,,,,,,
OHIO ST GO 5% 06/15/24 JD,Municipal & gov bonds,"State of Ohio general obligation bond, 5% coupon, due 06/15/2024",1,None,0,0,False,,,,,,,,
OHIO ST GO 5% 08/01/24 FA,Municipal & gov bonds,"State of Ohio general obligation bond, 5% coupon, maturing August 2024",1,None,0,0,False,,,,,,,,
OHIO ST GO 5% 08/01/25 FA HIGHER EDU GO REF BDS 2015A UT BEO,Municipal & gov bonds,"State of Ohio higher education general obligation refunding bond — 5% coupon, due August 2025",1,"$1,001-$15,000",1001,15000,False,,,,,,,,
OHIO ST GO 5% 08/01/28 FA,,,,,,,,Municipal & gov bonds,"Municipal bond — Ohio ST, 5% coupon, due 08/01/28, pays Feb/Aug",1,"$15,001-$50,000",15001,50000,False,
OHIO ST GO 5% 09/01/25 MS,Municipal & gov bonds,"State of Ohio general obligation bond; 5% coupon, matures September 2025.",1,None,0,0,False,,,,,,,,
OHIO ST GO 5% 09/01/25 MS INFRASTRUCTURE IMPT GO REF BDS 2016A UT BE,Municipal & gov bonds,"State of Ohio general obligation infrastructure improvement refunding bond; 5%, due September 2025",1,"$100,001-$250,000",100001,250000,False,,,,,,,,
OHIO ST GO 5% 09/01/29 MS GO BDS CONSERVATION PROJS 2022 A UT BEO,,,,,,,,Municipal & gov bonds,"Municipal bond — Ohio ST, 5% coupon",1,"$1,001-$15,000",1001,15000,False,
OHIO ST GO 5% 09/01/29 MS GO REF BDS CONSERVATION PROJS 2022 A UT BE,Municipal & gov bonds,"State of Ohio conservation projects general obligation refunding bond, 5%, maturing September 2029",1,"$15,001-$50,000",15001,50000,False,,,,,,,,
OHIO ST GO 5% 09/15/24 MS,Municipal & gov bonds,"State of Ohio general obligation bond — 5% coupon, maturing September 2024",1,None,0,0,False,,,,,,,,
OHIO ST GO 5% 09/15/26 MS COMMON SCHS GO REF BDS 2017B UT BEO,Municipal & gov bonds,"State of Ohio common schools general obligation refunding bond, 5%, due September 2026.",1,"$15,001-$50,000",15001,50000,False,,,,,,,,
OHIO ST GO 5% 11/01/25 MN,Municipal & gov bonds,"State of Ohio general obligation bond, 5% coupon, due 11/01/2025",1,None,0,0,False,,,,,,,,
OHIO ST GO 5% 11/01/25 MN HIGHER EDU GO BDS 2015C PRERE 05/01/25 UT BE,Municipal & gov bonds,"State of Ohio higher education general obligation bond, 5%, due November 2025",1,"$50,001-$100,000",50001,100000,False,,,,,,,,
OHIO ST HIGHER EDL FAC COMMN REV 5.0000% 12/01/24-CA JD,Municipal & gov bonds,"Ohio Higher Educational Facility Commission revenue bond — 5% coupon, due December 2024",1,None,0,0,False,,,,,,,,
OHIO ST HIGHER EDL FAC COMMN REV 5.0000% 12/01/25-CA JD,Municipal & gov bonds,"Ohio Higher Educational Facility Commission revenue bond; 5% coupon, matures December 2025.",1,None,0,0,False,,,,,,,,
OHIO ST HIGHER EDL FAC COMMN REV 5.0000% 12/01/25-CA JD REF BDS CASE,Municipal & gov bonds,"Ohio Higher Educational Facility Commission revenue refunding bond; 5%, due December 2025",1,"$1,001-$15,000",1001,15000,False,,,,,,,,
OHIO ST HIGHER EDL FAC REV REV 5 2500 % 12/01/25 JD,,,,,,,,Municipal & gov bonds,Municipal / government bond,1,None,0,0,False,
OHIO ST HIGHER EDL FAC REV REV 5% 11/01/25 MN,,,,,,,,Municipal & gov bonds,"Municipal bond — Ohio ST Higher EDL FAC, 5% coupon, due 11/01/25, pays May/Nov",1,None,0,0,False,
OHIO ST HOSP REV VAR BDS,,,,,,,,Municipal & gov bonds,Municipal / government bond,2,"$1,001-$15,000 | $50,001-$100,000",51002,115000,False,
OHIO ST HOSP REV VAR BDS UNIVERSITY HOSPS 03.25000% 01/15/2051 HLTH S,Municipal & gov bonds,"State of Ohio hospital revenue bond for University Hospitals system, variable rate, maturing 2051",2,"$1,001-$15,000",2002,30000,False,,,,,,,,
OHIO ST HSG FIN AGY REV 5 / 09/01/26-CA MS RESIDENTIAL MTG REV BDS 2021,,,,,,,,Municipal & gov bonds,Municipal / government bond,1,"$1,001-$15,000",1001,15000,False,
OHIO ST HSG FIN AGY REV 5% 03/01/26-CA MS RESIDENTIAL MTG REV BDS 2020,,,,,,,,Municipal & gov bonds,"Municipal bond — Ohio ST HSG FIN AGY, 5% coupon",1,"$1,001-$15,000",1001,15000,False,
OHIO ST MAJOR NEW ST REV 5 % 12/15/25 JD,,,,,,,,Municipal & gov bonds,Municipal / government bond,1,None,0,0,False,
OHIO ST MAJOR NEW ST REV 5% 12/15/24 JD,Municipal & gov bonds,"Ohio major new state infrastructure revenue bond — 5% coupon, maturing December 2024",1,None,0,0,False,,,,,,,,
OHIO ST MENTAL HEALTH CAP FACS REV 5.0000% 06/01/27 JD LSE-APPROPRIA,Municipal & gov bonds,"State of Ohio mental health capital facilities revenue bond, 5%, due June 2027.",1,"$15,001-$50,000",15001,50000,False,,,,,,,,
OHIO ST PARKS & REC CAP FACS REV 5% 12/01/24 JD,Municipal & gov bonds,"State of Ohio parks and recreation capital facilities revenue bond, 5% coupon, due 12/01/2024",1,None,0,0,False,,,,,,,,
OHIO ST PARKS & REC CAP FACS REV 5% 12/01/25 JD,,,,,,,,Municipal & gov bonds,"Municipal bond — Ohio ST Parks & REC CAP Facs, 5% coupon, due 12/01/25, pays Jun/Dec",1,None,0,0,False,
OHIO ST REV 5 % 12/01/26 JD CAP FACS LEASE APPROPRIATION B BEO,,,,,,,,Municipal & gov bonds,Municipal / government bond,1,"$15,001-$50,000",15001,50000,False,
OHIO ST SPL OBLIG REV 5 0000 % 02/01/28 FA CAP FACS LEASE APPROPRIATION,,,,,,,,Municipal & gov bonds,Municipal / government bond,1,"$15,001-$50,000",15001,50000,False,
OHIO ST SPL OBLIG REV 5 0000 % 04/01/26 AO CAP FACS LEASE APPROPRIATIO,,,,,,,,Municipal & gov bonds,Municipal / government bond,1,"$1,001-$15,000",1001,15000,False,
OHIO ST SPL OBLIG REV 5 0000 % 10/01/26 AO CAP FACS LEASE APPROPRIATIO,,,,,,,,Municipal & gov bonds,Municipal / government bond,1,"$1,001-$15,000",1001,15000,False,
OHIO ST SPL OBLIG REV 5 0000% 02/01/30 FA CAP FAC LEASE APP BDS MENTAL,,,,,,,,Municipal & gov bonds,"Municipal bond — Ohio ST, 0000% coupon",2,"$50,001-$100,000 | $1,001-$15,000",51002,115000,False,
OHIO ST SPL OBLIG REV 5 0000% 06/01/26 JD CAP FACS LEASE APPROPRIATION,,,,,,,,Municipal & gov bonds,"Municipal bond — Ohio ST, 0000% coupon",1,"$15,001-$50,000",15001,50000,False,
OHIO ST SPL OBLIG REV 5 0000% 12/01/25 JD,,,,,,,,Municipal & gov bonds,"Municipal bond — Ohio ST, 0000% coupon, due 12/01/25, pays Jun/Dec",1,None,0,0,False,
OHIO ST SPL OBLIG REV 5.0000% 02/01/28 FA CAP FACS LEASE APPROPRIATION,Municipal & gov bonds,"State of Ohio special obligation lease revenue bond, 5% coupon, due February 2028",1,"$50,001-$100,000",50001,100000,False,,,,,,,,
OHIO ST SPL OBLIG REV 5.0000% 02/01/30 FA,Municipal & gov bonds,"State of Ohio special obligation revenue bond — 5% coupon, matures February 2030",1,None,0,0,False,,,,,,,,
OHIO ST SPL OBLIG REV 5.0000% 02/01/30 FA CAP FAC LEASE APP BDS MENTAL,Municipal & gov bonds,"State of Ohio special obligation lease appropriation bond for mental health facilities; 5% coupon, matures 2030.",2,"$50,001-$100,000 | $15,001-$50,000",65002,150000,False,,,,,,,,
OHIO ST SPL OBLIG REV 5.0000% 04/01/28-CA AO CAP FACS LEASE-APPROPRIA,Municipal & gov bonds,"State of Ohio special obligation lease-appropriation revenue bond; 5%, due April 2028",1,"$15,001-$50,000",15001,50000,False,,,,,,,,
OHIO ST SPL OBLIG REV 5.0000% 10/01/26 AO CAP FACS LEASE APPROPRIATION,Municipal & gov bonds,"State of Ohio special obligation lease-appropriation revenue bond, 5%, maturing October 2026",1,"$15,001-$50,000",15001,50000,False,,,,,,,,
OHIO ST TPK COMMN TPK REV REV 5% 02/15/25 FA,Municipal & gov bonds,"Ohio Turnpike Commission toll revenue bond — 5% coupon, maturing February 2025",1,None,0,0,False,,,,,,,,
OHIO ST TPK COMMN TPK REV REV 5% 02/15/25 FA JR LIEN REF INFRASTRUCT,Municipal & gov bonds,"Ohio Turnpike Commission junior-lien toll revenue refunding bond, 5%, due February 2025.",1,"$100,001-$250,000",100001,250000,False,,,,,,,,
OHIO ST UNIV GEN RCPTS REV 4% 06/01/24 JD,Municipal & gov bonds,"Ohio State University general receipts revenue bond, 4% coupon, due 06/01/2024",1,None,0,0,False,,,,,,,,
OHIO ST UNIV GEN RCPTS REV 5 / 12/01/25 JD,,,,,,,,Municipal & gov bonds,Municipal / government bond,1,None,0,0,False,
OHIO ST UNIV GEN RCPTS REV 5 0000% 12/01/25 JD,,,,,,,,Municipal & gov bonds,"Municipal bond — Ohio ST Univ GEN Rcpts, 0000% coupon, due 12/01/25, pays Jun/Dec",1,None,0,0,False,
OHIO ST UNIV GEN RCPTS REV 5% 12/01/25 JD,Municipal & gov bonds,"Ohio State University general receipts revenue bond, 5% coupon, due December 2025",1,None,0,0,False,,,,,,,,
OHIO ST UNIV GEN RCPTS REV 5% 12/01/25 JD BDS 2017 BEO,Municipal & gov bonds,"Ohio State University general receipts revenue bond — 5% coupon, matures December 2025",1,"$250,001-$500,000",250001,500000,False,,,,,,,,
OHIO ST WTR DEV AUTH POLLUTION REV 5 / 12/01/25 JD,,,,,,,,Municipal & gov bonds,Municipal / government bond,1,None,0,0,False,
OHIO ST WTR DEV AUTH REV REV 5 / 06/01/26-CA JD DRINKING WTR ASSISTAN,,,,,,,,Municipal & gov bonds,Municipal / government bond,1,"$1,001-$15,000",1001,15000,False,
OHIO ST WTR DEV AUTH REV REV 5 / 06/01/31 JD FRESH REVOLVING FD BDS 2,,,,,,,,Municipal & gov bonds,Municipal / government bond,1,"$1,001-$15,000",1001,15000,False,
OHIO ST WTR DEV AUTH REV REV 5% 06/01/25-CA JD,Municipal & gov bonds,"Ohio Water Development Authority revenue bond; 5% coupon, matures June 2025.",1,None,0,0,False,,,,,,,,
OHIO ST WTR DEV AUTH REV REV 5% 06/01/25-CA JD DRINKING WTR ASSISTAN,Municipal & gov bonds,"Ohio Water Development Authority drinking water assistance revenue bond; 5%, due June 2025",1,"$1,001-$15,000",1001,15000,False,,,,,,,,
OHIO ST WTR DEV AUTH REV REV 5% 06/01/31 JD,Municipal & gov bonds,"Ohio Water Development Authority revenue bond, 5%, maturing June 2031",1,None,0,0,False,,,,,,,,
OHIO ST WTR DEV AUTH REV REV 5% 06/01/31 JD FRESH REVOLVING FD BDS 2,Municipal & gov bonds,"Ohio Water Development Authority revolving fund revenue bond — 5% coupon, maturing June 2031",1,"$15,001-$50,000",15001,50000,False,,,,,,,,
OHIO ST WTR DEV AUTH REV REV 5% 12/01/24 JD,Municipal & gov bonds,"Ohio Water Development Authority revenue bond, 5%, due December 2024.",1,None,0,0,False,,,,,,,,
OHIO ST WTR DEV AUTH REV REV 5% 12/01/29-CA JD DRINKING WTR ASSISTAN,Municipal & gov bonds,"Ohio Water Development Authority drinking water assistance revenue bond, 5% coupon, due 12/01/2029",1,"$50,001-$100,000",50001,100000,False,Municipal & gov bonds,"Ohio Water Development Authority drinking water assistance revenue bond, 5% coupon, due 12/01/2029",1,"$15,001-$50,000",15001,50000,False,lower
OHIO ST WTR DEV AUTH REV REV 5.5000% 12/01/24 JD,Municipal & gov bonds,"Ohio Water Development Authority revenue bond, 5.5% coupon, maturing December 2024",1,None,0,0,False,,,,,,,,
OHIO ST WTR DEV AUTH WTR REV 5 % 12/01/26 JD POLLUTN CTL REV LN FUND,,,,,,,,Municipal & gov bonds,Municipal / government bond,1,"$1,001-$15,000",1001,15000,False,
OHIO ST WTR DEV AUTH WTR REV 5 % 12/01/33 JD POLLUTN CTL REV LN FD BDS,,,,,,,,Municipal & gov bonds,Municipal / government bond,1,"$1,001-$15,000",1001,15000,False,
OHIO ST WTR DEV AUTH WTR REV 5 / 12/01/30 JD POLLUTN CTL REV LN FD RE,,,,,,,,Municipal & gov bonds,Municipal / government bond,1,"$50,001-$100,000",50001,100000,False,
OHIO ST WTR DEV AUTH WTR REV 5 / 12/01/30-CA JD POLLUTN CTL REV LN FU,,,,,,,,Municipal & gov bonds,Municipal / government bond,1,"$1,001-$15,000",1001,15000,False,
OHIO ST WTR DEV AUTH WTR REV 5% 06/01/26 JD POLLUTN CTL REV LN FD BD,Municipal & gov bonds,"Ohio Water Development Authority pollution control revenue bond — 5% coupon, matures June 2026",1,"$15,001-$50,000",15001,50000,False,,,,,,,,
OHIO ST WTR DEV AUTH WTR REV 5% 06/01/26 JD POLLUTN CTL REV LN FD BDS,,,,,,,,Municipal & gov bonds,"Municipal bond — Ohio ST WTR DEV Auth WTR, 5% coupon",1,"$1,001-$15,000",1001,15000,False,
OHIO ST WTR DEV AUTH WTR REV 5% 06/01/26 JD POLLUTN CTL REV LN FD REF,,,,,,,,Municipal & gov bonds,"Municipal bond — Ohio ST WTR DEV Auth WTR, 5% coupon",1,"$15,001-$50,000",15001,50000,False,
OHIO ST WTR DEV AUTH WTR REV 5% 06/01/32 JD POLLUTN CTL REV LN FD RE,,,,,,,,Municipal & gov bonds,"Municipal bond — Ohio ST WTR DEV Auth WTR, 5% coupon",1,"$50,001-$100,000",50001,100000,False,
OHIO ST WTR DEV AUTH WTR REV 5% 12/01/24 JD,Municipal & gov bonds,"Ohio Water Development Authority water revenue bond; 5% coupon, matures December 2024.",1,None,0,0,False,,,,,,,,
OHIO ST WTR DEV AUTH WTR REV 5% 12/01/25 JD,Municipal & gov bonds,"Ohio Water Development Authority water revenue bond; 5%, due December 2025",1,None,0,0,False,Municipal & gov bonds,"Ohio Water Development Authority water revenue bond; 5%, due December 2025",1,None,0,0,False,same_reported_range
OHIO ST WTR DEV AUTH WTR REV 5% 12/01/25 JD POLLUTN CTL REV LN FD RE,Municipal & gov bonds,"Ohio Water Development Authority pollution control revenue bond, 5%, maturing December 2025",1,"$50,001-$100,000",50001,100000,False,,,,,,,,
OHIO ST WTR DEV AUTH WTR REV 5% 12/01/27 JD POLLUTN CTL REV LN FD BDS,,,,,,,,Municipal & gov bonds,"Municipal bond — Ohio ST WTR DEV Auth WTR, 5% coupon",1,"$1,001-$15,000",1001,15000,False,
OHIO ST WTR DEV AUTH WTR REV 5% 12/01/30 JD POLLUTN CTL REV LN FD RE,Municipal & gov bonds,"Ohio Water Development Authority pollution control revenue bond — 5%, maturing December 2030",1,"$50,001-$100,000",50001,100000,False,,,,,,,,
OHIO ST WTR DEV AUTH WTR REV 5% 12/01/30-CA JD POLLUTN CTL REV LN FU,Municipal & gov bonds,"Ohio Water Development Authority pollution control revenue bond, 5%, due December 2030.",1,"$15,001-$50,000",15001,50000,False,,,,,,,,
OHIO ST WTR DEV AUTH WTR REV 5% 12/01/31 JD POLLUTN CTL REV LN FD BD,,,,,,,,Municipal & gov bonds,"Municipal bond — Ohio ST WTR DEV Auth WTR, 5% coupon",1,"$50,001-$100,000",50001,100000,False,
OHIO ST WTR DEV AUTH WTR REV 5% 12/01/32 JD POLLUTN CTL REV LN FD REF,,,,,,,,Municipal & gov bonds,"Municipal bond — Ohio ST WTR DEV Auth WTR, 5% coupon",1,"$1,001-$15,000",1001,15000,False,
OHIO ST WTR DEV AUTH WTR REV 5% 12/01/33 JD POLLUTN CTL REV LN FD BD,,,,,,,,Municipal & gov bonds,"Municipal bond — Ohio ST WTR DEV Auth WTR, 5% coupon",1,"$50,001-$100,000",50001,100000,False,
OHIO STATE DB 5% 05/01/26 MN,Municipal & gov bonds,"State of Ohio municipal bond, 5% coupon, due 05/01/2026",1,None,0,0,False,,,,,,,,
OHIO STATE GO 4% 10/01/24 AO,Municipal & gov bonds,"State of Ohio general obligation bond, 4% coupon, maturing October 2024",1,None,0,0,False,,,,,,,,
OHIO STATE GO 5% 09/15/24 MS,Municipal & gov bonds,"State of Ohio general obligation bond — 5% coupon, matures September 2024",1,None,0,0,False,,,,,,,,
OHIO STATE GO 5.0000% 10/01/24 AO,Municipal & gov bonds,"State of Ohio general obligation bond; 5% coupon, matures October 2024.",1,None,0,0,False,,,,,,,,
OHIO STATE UNIVERSITY (THE) REV 5 0000% 12/01/26 JD (MULTIYEAR DEBT ISS,,,,,,,,Municipal & gov bonds,"Municipal bond — Ohio State University (the), 0000% coupon",1,"$15,001-$50,000",15001,50000,False,
OHIO STATE UNIVERSITY (THE) REV 5.0000% 12/01/25 JD,Municipal & gov bonds,"Ohio State University revenue bond; 5% coupon, due December 2025",1,None,0,0,False,,,,,,,,
OHIO STATE UNIVERSITY (THE) REV 5.0000% 12/01/25 JD (MULTIYEAR DEBT ISS,Municipal & gov bonds,"Ohio State University revenue bond, 5%, maturing December 2025",1,"$100,001-$250,000",100001,250000,False,,,,,,,,
OHIO WATER DEVELOPMENT AUTH REV 5 0000 / 06/01/26 JD WATER POLLUTIO,,,,,,,,Municipal & gov bonds,Municipal / government bond,1,"$15,001-$50,000",15001,50000,False,
OHIO WATER DEVELOPMENT AUTH REV 5 0000% 06/01/25 JD,,,,,,,,Municipal & gov bonds,"Municipal bond — Ohio Water Development Auth, 0000% coupon, due 06/01/25, pays Jun/Dec",1,None,0,0,False,
OHIO WATER DEVELOPMENT AUTH REV 5.0000% 06/01/25 JD,Municipal & gov bonds,"Ohio Water Development Authority revenue bond — 5% coupon, maturing June 2025",1,None,0,0,False,,,,,,,,
OHIO WATER DEVELOPMENT AUTH REV 5.0000% 06/01/25 JD WATER POLLUTIO,Municipal & gov bonds,"Ohio Water Development Authority water pollution control revenue bond, 5%, due June 2025.",1,"$1,001-$15,000",1001,15000,False,,,,,,,,
OKLA DEV FIN AUTH LEASE REV 2.4370% 06/01/27-CA JD ST SYS HIGHER ED MA,Municipal & gov bonds,"Oklahoma Development Finance Authority higher education lease revenue bond, 2.437% coupon, due 06/01/2027",1,"$15,001-$50,000",15001,50000,False,Municipal & gov bonds,"Municipal bond — Okla DEV FIN Auth Lease, 2.4370% coupon",1,"$15,001-$50,000",15001,50000,False,same_reported_range
OKLA ST CAPITOL IMPT AUTH REV 1 9950 / 07/01/29 JJ TAXABLE REGT HIGHER,,,,,,,,Municipal & gov bonds,Municipal / government bond,1,"$15,001-$50,000",15001,50000,False,
OKLA ST CAPITOL IMPT AUTH REV 1.9950% 07/01/29 JJ TAXABLE REGT HIGHER,Municipal & gov bonds,"Oklahoma Capitol Improvement Authority taxable revenue bond, 1.995% coupon, due July 2029",1,"$15,001-$50,000",15001,50000,False,,,,,,,,
OKTA INC CMN CLASS A,,,,,,,,Common stock,Common stock of Okta Inc,2,None,0,0,False,
"OKTA, INC CMN CLASS A",,,,,,,,Common stock,"Common stock of Okta, Inc",1,None,0,0,False,
"OKTA, INC. CMN CLASS A",Common stock,"Class A common stock of Okta, an identity and access management software company",3,"$15,001-$50,000",45003,150000,False,,,,,,,,
OLD DOMINION FREIGHT LINE INC CMN,,,,,,,,Common stock,Common stock of OLD Dominion Freight Line Inc,3,"$15,001-$50,000 | $1,001-$15,000 | None",16002,65000,False,
"OLD DOMINION FREIGHT LINE, INC CMN",Common stock,"Common stock of Old Dominion Freight Line, a less-than-truckload trucking company.",5,"$15,001-$50,000 | None | $1,001-$15,000",16002,65000,False,,,,,,,,
OLENTANGY LOC SCH DIST OHIO GO 4 % 12/01/26 JD GO ULTD TAX SCH FACS C,,,,,,,,Municipal & gov bonds,Municipal / government bond,1,"$50,001-$100,000",50001,100000,False,
OLENTANGY LOC SCH DIST OHIO GO 4% 12/01/26-CA JD GO ULTD TAX SCH FAC,Municipal & gov bonds,"Olentangy Local School District, Ohio general obligation school facilities bond; 4%, due December 2026",1,"$50,001-$100,000",50001,100000,False,,,,,,,,
OMNICOM GROUP CMN,Common stock,"Common stock of Omnicom Group, an advertising and marketing company",2,"$1,001-$15,000 | None",1001,15000,False,Common stock,"Common stock of Omnicom Group, an advertising and marketing company",3,"$1,001-$15,000",3003,45000,False,overlapping_reported_ranges
ON SEMICONDUCTOR CORPORATION CMN,Common stock,"Common stock of ON Semiconductor, a maker of power and sensing chips",3,"$1,001-$15,000 | None",2002,30000,False,Common stock,"Common stock of ON Semiconductor, a maker of power and sensing chips",3,"None | $1,001-$15,000",1001,15000,False,overlapping_reported_ranges
ORACLE CORP,,,,,,,,Common stock,Common stock of Oracle Corp,3,"$1,001-$15,000",3003,45000,False,
ORACLE CORPORATION 4 9% 02/06/2033 USD SR LIEN,,,,,,,,Preferred & hybrid securities,Preferred / hybrid perpetual security issued by Oracle Corporation 4 9% 02/06/2033 USD SR Lien,2,"$15,001-$50,000 | $1,001-$15,000",16002,65000,False,
ORACLE CORPORATION 4.65% 05/06/2030 USD SR LIEN,Preferred & hybrid securities,"Senior bond of Oracle, the database software company; 4.65%, maturing May 2030.",1,"$1,001-$15,000",1001,15000,False,,,,,,,,
ORACLE CORPORATION CMN,Common stock,"Common stock of Oracle, database and enterprise software company",3,"$15,001-$50,000",45003,150000,False,Common stock,"Common stock of Oracle, database and enterprise software company",4,"$50,001-$100,000 | $15,001-$50,000 | $1,001-$15,000",81004,215000,False,overlapping_reported_ranges
ORANGEWOOD III FUND,Funds & ETFs,"Private investment fund, third in its series; strategy not identifiable from name",3,"$100,001-$250,000 | $50,001-$100,000",250003,600000,False,Funds & ETFs,"Private investment fund, third in its series; strategy not identifiable from name",3,"$100,001-$250,000 | $50,001-$100,000",250003,600000,False,same_reported_range
ORANGEWOOD OSS SPV FUND,Funds & ETFs,Special-purpose private investment vehicle sponsored by Orangewood; strategy not identifiable from name,3,"$15,001-$50,000",45003,150000,False,Funds & ETFs,Special-purpose private investment vehicle sponsored by Orangewood; strategy not identifiable from name,3,"$50,001-$100,000 | $15,001-$50,000",115003,250000,False,overlapping_reported_ranges
OREGON OHIO GO 5% 12/01/25 JD,Municipal & gov bonds,"City of Oregon, Ohio general obligation bond; 5% coupon, matures December 2025.",1,None,0,0,False,,,,,,,,
OREGON OHIO GO 5% 12/01/25 JD GO LTD TAX VAR PURP IMPT AND REF BDS 2,Municipal & gov bonds,"City of Oregon, Ohio general obligation improvement and refunding bond; 5%, due December 2025",1,"$1,001-$15,000",1001,15000,False,,,,,,,,
OREGON ST GO 5% 05/01/31 MN,,,,,,,,Municipal & gov bonds,"Municipal bond — Oregon ST, 5% coupon, due 05/01/31, pays May/Nov",1,"$1,001-$15,000",1001,15000,False,
OTIS WORLDWIDE CORPORATION CMN,Common stock,"Common stock of Otis Worldwide, an elevator and escalator maker",3,"$1,001-$15,000",3003,45000,False,Common stock,"Common stock of Otis Worldwide, an elevator and escalator maker",3,"None | $1,001-$15,000",1001,15000,False,overlapping_reported_ranges
OWENS CORNING CMN,,,,,,,,Common stock,Common stock of Owens Corning,2,"$1,001-$15,000",,,False,
P G & E CORPORATION CMN,Common stock,"Common stock of PG&E, a California electric and gas utility",1,"$1,001-$15,000",1001,15000,False,Common stock,"Common stock of PG&E, a California electric and gas utility",1,"$1,001-$15,000",1001,15000,False,same_reported_range
PACCAR INC CMN,Common stock,"Common stock of Paccar, maker of Kenworth and Peterbilt trucks.",3,"$1,001-$15,000",3003,45000,False,Common stock,"Common stock of Paccar, maker of Kenworth and Peterbilt trucks.",3,"$1,001-$15,000 | None",2002,30000,False,overlapping_reported_ranges
PACIFIC LIFE INSURANCE CO-UNIVERSAL CSV,Common stock,Cash surrender value of a Pacific Life universal life insurance policy,1,"$500,001-$1,000,000",500001,1000000,False,Common stock,Cash surrender value of a Pacific Life universal life insurance policy,1,"$500,001-$1,000,000",500001,1000000,False,same_reported_range
PACKAGING CORP OF AMERICA COMMON STOCK,Common stock,"Common stock of Packaging Corporation of America, a cardboard box maker",1,"$1,001-$15,000",1001,15000,False,Common stock,"Common stock of Packaging Corporation of America, a cardboard box maker",2,"$1,001-$15,000 | None",1001,15000,False,same_reported_range
PALANTIR TECHNOLOGIES INC CL A,,,,,,,,Common stock,Common stock of Palantir Technologies Inc CL A,3,"$1,001-$15,000",3003,45000,False,
PALANTIR TECHNOLOGIES INC CMN,,,,,,,,Common stock,Common stock of Palantir Technologies Inc,3,"$15,001-$50,000 | $1,001-$15,000",31003,115000,False,
PALANTIR TECHNOLOGIES INC. CMN,Common stock,"Common stock of Palantir Technologies, a data analytics software company",3,"$15,001-$50,000 | None | $1,001-$15,000",16002,65000,False,,,,,,,,
PALO ALTO NETWORKS INC CMN,,,,,,,,Common stock,Common stock of Palo Alto Networks Inc,3,"$1,001-$15,000",3003,45000,False,
PALO ALTO NETWORKS INC. CMN,Common stock,"Common stock of Palo Alto Networks, a cybersecurity company",3,"$15,001-$50,000 | $1,001-$15,000",17003,80000,False,,,,,,,,
PARAMOUNT GLOBAL CMN CLASS B,Common stock,"Class B common stock of Paramount Global, a film and television media company | Class B common stock of Paramount Global, a film and television media company.",3,"None | $1,001-$15,000",1001,15000,False,,,,,,,,
PARAMOUNT SKYDANCE CORPORATION CMN CLASS B,,,,,,,,Common stock,Common stock of Paramount Skydance Corporation,1,"$1,001-$15,000",1001,15000,False,
PARK CENTER PLAZA HOLDINGS LP OFFICE BUILDINGS INDEPENDENCE OH,,,,,,,,Hedge funds & private funds,Private fund / partnership interest — Park Center Plaza Holdings LP Office Buildings Independence OH,2,"$15,001-$50,000 | $100,001-$250,000",115002,300000,False,
"PARK CENTER PLAZA HOLDINGS LP, OFFICE BUILDINGS, INDEPENDENCE, OH",Hedge funds & private funds,"Partnership owning office buildings at Park Center Plaza in Independence, Ohio",2,"$15,001-$50,000 | $100,001-$250,000",115002,300000,False,,,,,,,,
PARKER HANNIFIN CORP CMN,,,,,,,,Common stock,Common stock of Parker Hannifin Corp,2,None,0,0,False,
PARKER-HANNIFIN CORP CMN,,,,,,,,Common stock,Common stock of Parker-hannifin Corp,3,"None | $1,001-$15,000",1001,15000,False,
PARKER-HANNIFIN CORP. CMN,Common stock,"Common stock of Parker Hannifin, a motion and control technologies manufacturer",6,"$15,001-$50,000 | $1,001-$15,000 | None",18004,95000,False,,,,,,,,
PARTNERRE FINANCE B LLC HYBRID 10/01/2050 USD JRSUB LIEN CPN 09/22/20,Preferred & hybrid securities,"Junior subordinated bond of reinsurer PartnerRe's financing unit, maturing October 2050",1,"$1,001-$15,000",1001,15000,False,Preferred & hybrid securities,"Junior subordinated bond of reinsurer PartnerRe's financing unit, maturing October 2050",2,"$1,001-$15,000",2002,30000,False,overlapping_reported_ranges
PARTNERRE FINANCE B LLC HYBRID 10/01/2050 USD JRSUB LIEN CPN 09/22/20 4,Preferred & hybrid securities,"Junior subordinated hybrid note of reinsurer PartnerRe's finance subsidiary, maturing 2050; name truncated.",1,"$1,001-$15,000",1001,15000,False,,,,,,,,
"PAYCHEX, INC CMN",,,,,,,,Common stock,"Common stock of Paychex, Inc",3,"$1,001-$15,000",3003,45000,False,
"PAYCHEX, INC. CMN",Common stock,"Common stock of Paychex, a payroll and human resources services provider",3,"$1,001-$15,000 | None",2002,30000,False,,,,,,,,
PAYCOM SOFTWARE INC CMN,,,,,,,,Common stock,Common stock of Paycom Software Inc,3,"$1,001-$15,000",3003,45000,False,
"PAYCOM SOFTWARE, INC, CMN",Common stock,"Common stock of Paycom Software, a payroll and human resources software company",1,None,0,0,False,,,,,,,,
"PAYCOM SOFTWARE, INC. CMN",Common stock,"Common stock of Paycom, a payroll and human resources software provider",2,"$1,001-$15,000 | None",1001,15000,False,,,,,,,,
PAYPAL HOLDINGS INC CMN,,,,,,,,Common stock,Common stock of Paypal Holdings Inc,3,"$1,001-$15,000",3003,45000,False,
"PAYPAL HOLDINGS, INC. CMN",Common stock,"Common stock of PayPal, the digital payments company.",3,"$1,001-$15,000",3003,45000,False,,,,,,,,
PCM UNISON HOLDINGS GP LLC,,,,,,,,Hedge funds & private funds,Private fund / partnership interest — PCM Unison Holdings GP LLC,3,"$500,001-$1,000,000 | $250,001-$500,000",1250003,2500000,False,
"PCM UNISON HOLDINGS GP, LLC",Hedge funds & private funds,"Interest in PCM Unison Holdings, a private company; business not identifiable from name",3,"$500,001-$1,000,000 | $250,001-$500,000",1250003,2500000,False,,,,,,,,
PE PREMIER BLKSTONE LSCI V (BBZ62),Hedge funds & private funds,Interest in Blackstone Life Sciences Fund V through a private-equity access platform.,1,"$100,001-$250,000",100001,250000,False,Hedge funds & private funds,Interest in Blackstone Life Sciences Fund V through a private-equity access platform.,1,"$250,001-$500,000",250001,500000,False,higher
PENN ENTERTAINMENT INC CMN,Common stock,"Common stock of Penn Entertainment, a casino and sports betting operator",3,"$15,001-$50,000 | $50,001-$100,000",115003,250000,False,Common stock,"Common stock of Penn Entertainment, a casino and sports betting operator",3,"$1,001-$15,000 | $15,001-$50,000 | None",16002,65000,False,lower
PENNSYLVANIA ST GO 1 8500% 08/01/29 FA GO BDS FIRST 2021 TAXBL UT BEO,,,,,,,,Municipal & gov bonds,"Municipal bond — Pennsylvania ST, 8500% coupon",1,"$15,001-$50,000",15001,50000,False,
PENNSYLVANIA ST GO 1.8500% 08/01/29 FA TAXABLE GO REF BDS FIRST 2021 T,Municipal & gov bonds,"Commonwealth of Pennsylvania taxable general obligation refunding bond — 1.85% coupon, matures August 2029",1,"$15,001-$50,000",15001,50000,False,,,,,,,,
PENNSYLVANIA ST HIGHER EDL REV 3 % 06/15/27 JD FACS AUTH REV SYS TAXA,,,,,,,,Municipal & gov bonds,Municipal / government bond,1,"$15,001-$50,000",15001,50000,False,
PENNSYLVANIA ST HIGHER EDL REV 3% 06/15/27 JD FACS AUTH REV SYS TAXA,Municipal & gov bonds,"Pennsylvania Higher Educational Facilities Authority taxable revenue bond; 3% coupon, matures June 2027.",1,"$15,001-$50,000",15001,50000,False,,,,,,,,
PEPSICO INC,Common stock,"Common stock of PepsiCo, the beverage and snack food company",3,"$1,001-$15,000",3003,45000,False,Common stock,"Common stock of PepsiCo, the beverage and snack food company",3,"$1,001-$15,000",3003,45000,False,same_reported_range
PEPSICO INC CMN,,,,,,,,Common stock,Common stock of Pepsico Inc,3,"$15,001-$50,000",45003,150000,False,
"PEPSICO, INC. CMN",Common stock,"Common stock of PepsiCo, the beverage and snack food company",5,"None | $15,001-$50,000",30002,100000,False,,,,,,,,
PEPSICO. INC. CMN,Common stock,"Common stock of PepsiCo, the beverage and snack food company",1,None,0,0,False,,,,,,,,
PERRYSBURG OHIO EXMP VLG SCH GO 4% 12/01/30 JD,Municipal & gov bonds,"Perrysburg, Ohio exempted village school district general obligation bond, 4%, due December 2030.",1,None,0,0,False,,,,,,,,
PETERSHILL II LP,Hedge funds & private funds,"Petershill II, a Goldman Sachs fund buying minority stakes in alternative asset managers",1,"$500,001-$1,000,000",500001,1000000,False,Hedge funds & private funds,"Petershill II, a Goldman Sachs fund buying minority stakes in alternative asset managers",1,"$250,001-$500,000",250001,500000,False,lower
PFIZER INC,,,,,,,,Common stock,Common stock of Pfizer Inc,2,"$1,001-$15,000",2002,30000,False,
PFIZER INC CMN,,,,,,,,Common stock,Common stock of Pfizer Inc,6,"$1,001-$15,000 | $15,001-$50,000",48006,195000,False,
PFIZER INC. CMN,Common stock,"Common stock of Pfizer, the pharmaceutical company",6,"$50,001-$100,000 | $1,001-$15,000 | $15,001-$50,000",83006,245000,False,,,,,,,,
PHILIP MORRIS INTERNATIONAL IN 1 75% 11/01/2030 USD SR LIEN,,,,,,,,Preferred & hybrid securities,Preferred / hybrid perpetual security issued by Philip Morris International IN 1 75% 11/01/2030 USD SR Lien,1,"$15,001-$50,000",15001,50000,False,
PHILIP MORRIS INTERNATIONAL IN 1.75% 11/01/2030 USD SR LIEN,Preferred & hybrid securities,"Senior bond of tobacco company Philip Morris International — 1.75% coupon, matures 2030",1,"$15,001-$50,000",15001,50000,False,,,,,,,,
PHILIP MORRIS INTERNATIONAL IN 4.875% 02/15/2028 USD SR LIEN,Preferred & hybrid securities,"Senior bond of tobacco company Philip Morris International; 4.875% coupon, matures 2028.",1,"$1,001-$15,000",1001,15000,False,,,,,,,,
PHILIP MORRIS INTERNATIONAL IN 5 125 % 02/15/2030 USD SR LIEN,,,,,,,,Preferred & hybrid securities,Preferred / hybrid perpetual security issued by Philip Morris International IN 5 125 % 02/15/2030 USD SR Lien,1,"$1,001-$15,000",1001,15000,False,
PHILIP MORRIS INTERNATIONAL IN 5.125% 02/15/2030 USD SR LIEN,Preferred & hybrid securities,"Senior bond of tobacco company Philip Morris International; 5.125%, due February 2030",2,"$1,001-$15,000",2002,30000,False,,,,,,,,
PHILIP MORRIS INTL INC 5.75% 11/17/2032 USD,Municipal & gov bonds,"Corporate bond of tobacco company Philip Morris International, 5.75%, maturing November 2032",1,None,0,0,False,,,,,,,,
PHILIP MORRIS INTL INC 5.75% 11/17/2032 USD SR LIEN,Preferred & hybrid securities,"Senior bond of tobacco company Philip Morris International — 5.75%, maturing November 2032",1,"$1,001-$15,000",1001,15000,False,,,,,,,,
PHILIP MORRIS INTL INC CMN,Common stock,"Common stock of Philip Morris International, the tobacco company.",3,"$15,001-$50,000",45003,150000,False,Common stock,"Common stock of Philip Morris International, the tobacco company.",3,"$15,001-$50,000 | None",30002,100000,False,overlapping_reported_ranges
PHILLIPS 66 CMN,Common stock,"Common stock of Phillips 66, oil refining and fuel marketing company",1,"$50,001-$100,000",50001,100000,False,Common stock,"Common stock of Phillips 66, oil refining and fuel marketing company",1,None,0,0,False,lower
PIERCE CNTY WASH SCH DIST NO GO 5% 12/01/31 JD,Municipal & gov bonds,"Pierce County, Washington school district general obligation bond, 5%, due December 2031",1,None,0,0,False,,,,,,,,
PINTEREST INC CMN CLASS A,Common stock,"Class A common stock of Pinterest, the image sharing social media platform",3,"$15,001-$50,000 | $50,001-$100,000",115003,250000,False,Common stock,"Class A common stock of Pinterest, the image sharing social media platform",3,"$1,001-$15,000 | $50,001-$100,000 | None",51002,115000,False,lower
PITT CNTY N C LTD OBLIG REV 1 4910 / 04/01/27 AO BDS 2021 A TAXBL BEO,,,,,,,,Municipal & gov bonds,Municipal / government bond,1,"$15,001-$50,000",15001,50000,False,
PITT CNTY N C LTD OBLIG REV 1.4910% 04/01/27 AO TAXABLE BDS 2021 A TAXB,Municipal & gov bonds,"Pitt County, North Carolina taxable limited obligation bond; 1.491% coupon, matures April 2027.",1,"$15,001-$50,000",15001,50000,False,,,,,,,,
PITTSBURGH PA GO 5% 09/01/26 MS GO CAP IMPT BDS 2025 UT BEO,,,,,,,,Municipal & gov bonds,"Municipal bond — Pittsburgh PA, 5% coupon",1,"$15,001-$50,000",15001,50000,False,
PNC FINANCIAL SERVICES 1 15 % 08/13/2026 USD SR LIEN,,,,,,,,Preferred & hybrid securities,Preferred / hybrid perpetual security issued by PNC Financial Services 1 15 % 08/13/2026 USD SR Lien,1,"$15,001-$50,000",15001,50000,False,
PNC FINANCIAL SERVICES 1.15% 08/13/2026 USD,Municipal & gov bonds,"Bond of PNC Financial Services, a large regional bank; 1.15%, due August 2026",1,None,0,0,False,,,,,,,,
PNC FINANCIAL SERVICES 1.15% 08/13/2026 USD SR LIEN,Preferred & hybrid securities,"Senior bond of banking company PNC Financial Services, 1.15%, maturing August 2026",1,"$15,001-$50,000",15001,50000,False,,,,,,,,
PNC FINANCIAL SERVICES GROUP CMN,,,,,,,,Common stock,Common stock of PNC Financial Services Group,3,"$15,001-$50,000 | $1,001-$15,000",31003,115000,False,
PNC FINANCIAL SERVICES GROUP HYBRID 12/02/2028 USD SR LIEN CPN 12/02/,,,,,,,,Preferred & hybrid securities,Preferred / hybrid perpetual security issued by PNC Financial Services Group,1,"$1,001-$15,000",1001,15000,False,
PNC FINANCIAL SERVICES GROUP HYBRID PERPETUAL USD SER T JRSUB LIEN,,,,,,,,Preferred & hybrid securities,Preferred / hybrid perpetual security issued by PNC Financial Services Group,2,"$1,001-$15,000",2002,30000,False,
PNC FINANCIAL SERVICES GROUP HYBRID PERPETUAL USD SER V JRSUB LIEN,,,,,,,,Preferred & hybrid securities,Preferred / hybrid perpetual security issued by PNC Financial Services Group,2,"$1,001-$15,000",2002,30000,False,
PNC FINANCIAL SERVICES GROUP HYBRID PERPETUAL USD SER W JRSUB LIE,,,,,,,,Preferred & hybrid securities,Preferred / hybrid perpetual security issued by PNC Financial Services Group,2,"$1,001-$15,000",2002,30000,False,
"PNC FINANCIAL SERVICES GROUP, 2.55% 01/22/2030 USD SR LIEN",Preferred & hybrid securities,"Senior bond of PNC Financial, a large regional bank — 2.55%, maturing January 2030",1,"$1,001-$15,000",1001,15000,False,,,,,,,,
"PNC FINANCIAL SERVICES GROUP, CMN",Common stock,"Common stock of PNC Financial Services Group, a large US regional bank.",3,"None | $1,001-$15,000",2002,30000,False,,,,,,,,
"PNC FINANCIAL SERVICES GROUP, HYBRID 12/02/2028 USD SR LIEN CPN 12/02/2",Preferred & hybrid securities,"Senior note issued by PNC Financial Services Group, due 12/02/2028",1,"$1,001-$15,000",1001,15000,False,,,,,,,,
"PNC FINANCIAL SERVICES GROUP, HYBRID PERPETUAL USD SER T JRSUB LIEN",Preferred & hybrid securities,"Perpetual junior subordinated preferred security (Series T) of PNC Financial, a regional bank",2,"$1,001-$15,000",2002,30000,False,,,,,,,,
"PNC FINANCIAL SERVICES GROUP, HYBRID PERPETUAL USD SER V JRSUB LIEN",Preferred & hybrid securities,"Perpetual junior-subordinated preferred security of PNC Financial Services, Series V",2,"$1,001-$15,000",2002,30000,False,,,,,,,,
"PNC FINANCIAL SERVICES GROUP, HYBRID PERPETUAL USD SER W JRSUB LIE",Preferred & hybrid securities,"Perpetual junior subordinated preferred-style security of PNC Financial Services, Series W; name truncated.",2,"$1,001-$15,000",2002,30000,False,,,,,,,,
POLARIS INC COM,,,,,,,,Common stock,Common stock of Polaris Inc,1,"$1,001-$15,000",1001,15000,False,
POOL CORP CMN,Common stock,"Common stock of Pool Corp, a swimming pool supplies distributor",3,"$1,001-$15,000 | None",2002,30000,False,Common stock,"Common stock of Pool Corp, a swimming pool supplies distributor",3,"$1,001-$15,000 | None",2002,30000,False,same_reported_range
POWELL OHIO GO 4 / 12/01/26 JD GO LTD TAX VAR PURP BDS 2019 LT BNK QUA,,,,,,,,Municipal & gov bonds,Municipal / government bond,1,"$1,001-$15,000",1001,15000,False,
PPG INDUSTRIES INC CMN,,,,,,,,Common stock,Common stock of PPG Industries Inc,2,None,0,0,False,
"PPG INDUSTRIES, INC. CMN",Common stock,"Common stock of PPG Industries, a paints and coatings maker",3,"$1,001-$15,000 | None",2002,30000,False,,,,,,,,
PPL CORPORATION CMN,Common stock,"Common stock of PPL, an electric utility holding company",1,"$1,001-$15,000",1001,15000,False,Common stock,"Common stock of PPL, an electric utility holding company",2,"$1,001-$15,000 | $15,001-$50,000",16002,65000,False,higher
PRECISION DRILLING CORPORATION COM,,,,,,,,Common stock,Common stock of Precision Drilling Corporation,2,"$1,001-$15,000",2002,30000,False,
PRINCETON OHIO CITY SCH DIST GO 5% 12/01/24 JD,Municipal & gov bonds,"Princeton, Ohio city school district general obligation bond, 5%, due December 2024.",1,None,0,0,False,,,,,,,,
PRINCIPAL FINANCIAL GROUP INC CMN,,,,,,,,Common stock,Common stock of Principal Financial Group Inc,2,"$1,001-$15,000",2002,30000,False,
"PRINCIPAL FINANCIAL GROUP, INC CMN",Common stock,"Common stock of Principal Financial Group, retirement and insurance company",3,"$1,001-$15,000 | None",2002,30000,False,,,,,,,,
PROCTER & GAMBLE COMPANY (THE) CMN,Common stock,"Common stock of Procter & Gamble, the consumer products company",4,None,0,0,False,Common stock,"Common stock of Procter & Gamble, the consumer products company",3,None,0,0,False,same_reported_range
PROCTER AND GAMBLE CO COM,Common stock,"Common stock of Procter & Gamble, the household and personal care products giant",3,"$1,001-$15,000",3003,45000,False,Common stock,"Common stock of Procter & Gamble, the household and personal care products giant",3,"$1,001-$15,000",3003,45000,False,same_reported_range
PROLOGIS INC CMN,Common stock,"Common stock of Prologis, a warehouse and logistics real estate investment trust.",3,"$15,001-$50,000 | $1,001-$15,000",31003,115000,False,Common stock,"Common stock of Prologis, a warehouse and logistics real estate investment trust.",3,"$15,001-$50,000 | $1,001-$15,000",31003,115000,False,same_reported_range
PRUDENTIAL FINANCIAL INC CMN,Common stock,"Common stock of Prudential Financial, a life insurance and retirement company",3,"$1,001-$15,000 | $15,001-$50,000",17003,80000,False,Common stock,"Common stock of Prudential Financial, a life insurance and retirement company",3,"$1,001-$15,000 | $15,001-$50,000 | None",16002,65000,False,overlapping_reported_ranges
PRUDENTIAL FINANCIAL INC HYBRID 09/01/2052 USD,,,,,,,,Preferred & hybrid securities,Preferred / hybrid perpetual security issued by Prudential Financial Inc,1,None,0,0,False,
PRUDENTIAL FINANCIAL INC HYBRID 09/01/2052 USD JRSUB LIEN CPN 08/17/22,,,,,,,,Preferred & hybrid securities,Preferred / hybrid perpetual security issued by Prudential Financial Inc,2,"$1,001-$15,000",2002,30000,False,
"PRUDENTIAL FINANCIAL, INC. HYBRID 05/15/2045 SUB LIEN CPN 05/18/15 5.375%",Preferred & hybrid securities,"Subordinated hybrid bond of insurer Prudential Financial, 5.375%, maturing May 2045",1,"$1,001-$15,000",1001,15000,False,,,,,,,,
"PRUDENTIAL FINANCIAL, INC. HYBRID 09/01/2052 USD",Preferred & hybrid securities,"Hybrid subordinated note of insurer Prudential Financial, maturing September 2052",1,None,0,0,False,,,,,,,,
"PRUDENTIAL FINANCIAL, INC. HYBRID 09/01/2052 USD JRSUB LIEN CPN 08/17/22",Preferred & hybrid securities,"Junior subordinated hybrid note of Prudential Financial, an insurer, maturing September 2052.",2,"$1,001-$15,000",2002,30000,False,,,,,,,,
PTC INC CMN,,,,,,,,Common stock,Common stock of PTC Inc,2,None,0,0,False,
PTC INC. CMN,Common stock,"Common stock of PTC, industrial and product design software maker",3,None,0,0,False,,,,,,,,
PUBLIC STORAGE CMN,Common stock,"Common stock of Public Storage, a self-storage real estate investment trust",3,"$1,001-$15,000",3003,45000,False,Common stock,"Common stock of Public Storage, a self-storage real estate investment trust",3,"$1,001-$15,000",3003,45000,False,same_reported_range
PUBLIC-SVC ENTERPRISE GROUP HOLDING CO,Common stock,"Common stock of Public Service Enterprise Group, a New Jersey utility",1,"$1,001-$15,000",1001,15000,False,Common stock,"Common stock of Public Service Enterprise Group, a New Jersey utility",1,"$1,001-$15,000",1001,15000,False,same_reported_range
PULTEGROUP INC CMN,,,,,,,,Common stock,Common stock of Pultegroup Inc,3,"$1,001-$15,000",3003,45000,False,
PULTEGROUP INC. CMN,Common stock,"Common stock of PulteGroup, a national homebuilder.",3,"None | $1,001-$15,000",2002,30000,False,,,,,,,,
PUT/XSP @ 460 EXP 06/30/2025,,,,,,,,Options,"Put option on XSP — $460 strike, expires 06/30/2025",1,None,0,0,False,
PUT/XSP @ 461 EXP 02/29/2024,Options,"Put option on the Mini-S&P 500 index (XSP) — $461 strike, expires 02/29/2024",2,None,0,0,False,,,,,,,,
PUT/XSP @ 480 EXP 03/28/2024,Options,"Put option on the Mini-SPX (S&P 500) index — $480 strike, expires 03/28/2024",2,None,0,0,False,,,,,,,,
PUT/XSP @ 480 EXP 08/16/2024,Options,"Put option on the Mini-S&P 500 index (XSP) — $480 strike, expires 08/16/2024",2,None,0,0,False,,,,,,,,
PUT/XSP @ 485 EXP 07/19/2024,Options,"Put option on the S&P 500 mini index (XSP) — $485 strike, expires 07/19/2024.",2,None,0,0,False,,,,,,,,
PUT/XSP @ 485 EXP 10/31/2024,Options,"Put option on S&P 500 mini-index (XSP) — $485 strike, expires 10/31/2024",2,None,0,0,False,,,,,,,,
PUT/XSP @ 486 EXP 04/19/2024,Options,"Put option on the Mini-SPX index (one-tenth S&P 500) — $486 strike, expires 04/19/2024",2,None,0,0,False,,,,,,,,
PUT/XSP @ 489 EXP 03/22/2024,Options,"Put option on the Mini-S&P 500 index (XSP) — $489 strike, expires 03/22/2024",2,None,0,0,False,,,,,,,,
PUT/XSP @ 490 EXP 06/07/2024,Options,"Put option on the Mini-SPX (S&P 500) index — $490 strike, expires 06/07/2024.",2,None,0,0,False,,,,,,,,
PUT/XSP @ 490 EXP 07/31/2025,,,,,,,,Options,"Put option on XSP — $490 strike, expires 07/31/2025",1,None,0,0,False,
PUT/XSP @ 490 EXP 10/18/2024,Options,"Put option on the Mini-S&P 500 index (XSP) — $490 strike, expires 10/18/2024",2,None,0,0,False,,,,,,,,
PUT/XSP @ 495 EXP 04/30/2024,Options,"Put option on the Mini-SPX (S&P 500) index — $495 strike, expires 04/30/2024",2,None,0,0,False,,,,,,,,
PUT/XSP @ 495 EXP 06/21/2024,Options,"Put option on the Mini-S&P 500 index (XSP) — $495 strike, expires 06/21/2024",2,None,0,0,False,,,,,,,,
PUT/XSP @ 497 EXP 04/05/2024,Options,"Put option on the S&P 500 mini index (XSP) — $497 strike, expires 04/05/2024.",2,None,0,0,False,,,,,,,,
PUT/XSP @ 500 EXP 05/10/2024,Options,"Put option on S&P 500 mini-index (XSP) — $500 strike, expires 05/10/2024",2,None,0,0,False,,,,,,,,
PUT/XSP @ 500 EXP 05/16/2025,,,,,,,,Options,"Put option on XSP — $500 strike, expires 05/16/2025",1,None,0,0,False,
PUT/XSP @ 500 EXP 05/17/2024,Options,"Put option on the Mini-SPX index (one-tenth S&P 500) — $500 strike, expires 05/17/2024",2,None,0,0,False,,,,,,,,
PUT/XSP @ 505 EXP 08/15/2025,,,,,,,,Options,"Put option on XSP — $505 strike, expires 08/15/2025",1,None,0,0,False,
PUT/XSP @ 506 EXP 06/30/2025,,,,,,,,Options,"Put option on XSP — $506 strike, expires 06/30/2025",1,None,0,0,False,
PUT/XSP @ 509 EXP 05/31/2024,Options,"Put option on the Mini-S&P 500 index (XSP) — $509 strike, expires 05/31/2024",2,None,0,0,False,,,,,,,,
PUT/XSP @ 510 EXP 05/03/2024,Options,"Put option on the Mini-SPX (S&P 500) index — $510 strike, expires 05/03/2024.",2,None,0,0,False,,,,,,,,
PUT/XSP @ 510 EXP 07/31/2024,Options,"Put option on the Mini-S&P 500 index (XSP) — $510 strike, expires 07/31/2024",2,None,0,0,False,,,,,,,,
PUT/XSP @ 510 EXP 07/31/2025,,,,,,,,Options,"Put option on XSP — $510 strike, expires 07/31/2025",1,None,0,0,False,
PUT/XSP @ 513 EXP 07/26/2024,Options,"Put option on the Mini-SPX (S&P 500) index — $513 strike, expires 07/26/2024",2,None,0,0,False,,,,,,,,
PUT/XSP @ 515 EXP 07/12/2024,Options,"Put option on the Mini-S&P 500 index (XSP) — $515 strike, expires 07/12/2024",2,None,0,0,False,,,,,,,,
PUT/XSP @ 515 EXP 07/18/2025,,,,,,,,Options,"Put option on XSP — $515 strike, expires 07/18/2025",1,None,0,0,False,
PUT/XSP @ 515 EXP 11/29/2024,Options,"Put option on the S&P 500 mini index (XSP) — $515 strike, expires 11/29/2024.",2,None,0,0,False,,,,,,,,
PUT/XSP @ 517 EXP 07/18/2025,,,,,,,,Options,"Put option on XSP — $517 strike, expires 07/18/2025",1,None,0,0,False,
PUT/XSP @ 518 EXP 05/30/2025,,,,,,,,Options,"Put option on XSP — $518 strike, expires 05/30/2025",1,None,0,0,False,
PUT/XSP @ 519 EXP 08/16/2024,Options,"Put option on S&P 500 mini-index (XSP) — $519 strike, expires 08/16/2024",2,None,0,0,False,,,,,,,,
PUT/XSP @ 520 EXP 11/15/2024,Options,"Put option on the Mini-SPX index (one-tenth S&P 500) — $520 strike, expires 11/15/2024",2,None,0,0,False,,,,,,,,
PUT/XSP @ 521 EXP 09/30/2024,Options,"Put option on the Mini-S&P 500 index (XSP) — $521 strike, expires 09/30/2024",2,None,0,0,False,,,,,,,,
PUT/XSP @ 527 EXP 08/30/2024,Options,"Put option on the Mini-SPX (S&P 500) index — $527 strike, expires 08/30/2024.",2,None,0,0,False,,,,,,,,
PUT/XSP @ 528 EXP 04/30/2025,,,,,,,,Options,"Put option on XSP — $528 strike, expires 04/30/2025",1,None,0,0,False,
PUT/XSP @ 528 EXP 05/30/2025,,,,,,,,Options,"Put option on XSP — $528 strike, expires 05/30/2025",1,None,0,0,False,
PUT/XSP @ 528 EXP 08/15/2025,,,,,,,,Options,"Put option on XSP — $528 strike, expires 08/15/2025",1,None,0,0,False,
PUT/XSP @ 530 EXP 05/16/2025,,,,,,,,Options,"Put option on XSP — $530 strike, expires 05/16/2025",1,None,0,0,False,
PUT/XSP @ 530 EXP 06/06/2025,,,,,,,,Options,"Put option on XSP — $530 strike, expires 06/06/2025",1,None,0,0,False,
PUT/XSP @ 530 EXP 09/06/2024,Options,"Put option on the Mini-S&P 500 index (XSP) — $530 strike, expires 09/06/2024",2,None,0,0,False,,,,,,,,
PUT/XSP @ 530 EXP 09/20/2024,Options,"Put option on the Mini-SPX (S&P 500) index — $530 strike, expires 09/20/2024",2,None,0,0,False,,,,,,,,
PUT/XSP @ 535 EXP 05/02/2025,,,,,,,,Options,"Put option on XSP — $535 strike, expires 05/02/2025",1,None,0,0,False,
PUT/XSP @ 535 EXP 05/30/2025,,,,,,,,Options,"Put option on XSP — $535 strike, expires 05/30/2025",1,None,0,0,False,
PUT/XSP @ 535 EXP 12/20/2024,Options,"Put option on the Mini-S&P 500 index (XSP) — $535 strike, expires 12/20/2024",2,None,0,0,False,,,,,,,,
PUT/XSP @ 539 EXP 07/31/2025,,,,,,,,Options,"Put option on XSP — $539 strike, expires 07/31/2025",1,None,0,0,False,
PUT/XSP @ 540 EXP 08/23/2024,Options,"Put option on the S&P 500 mini index (XSP) — $540 strike, expires 08/23/2024.",2,None,0,0,False,,,,,,,,
PUT/XSP @ 540 EXP 10/31/2024,Options,"Put option on S&P 500 mini-index (XSP) — $540 strike, expires 10/31/2024",2,None,0,0,False,,,,,,,,
PUT/XSP @ 540 EXP 11/15/2024,Options,"Put option on the Mini-SPX index (one-tenth S&P 500) — $540 strike, expires 11/15/2024",2,None,0,0,False,,,,,,,,
PUT/XSP @ 543 EXP 10/18/2024,Options,"Put option on the Mini-S&P 500 index (XSP) — $543 strike, expires 10/18/2024",2,None,0,0,False,,,,,,,,
PUT/XSP @ 544 EXP 04/17/2025,,,,,,,,Options,"Put option on XSP — $544 strike, expires 04/17/2025",1,None,0,0,False,
PUT/XSP @ 545 EXP 12/20/2024,Options,"Put option on the Mini-SPX (S&P 500) index — $545 strike, expires 12/20/2024.",2,None,0,0,False,,,,,,,,
PUT/XSP @ 547 EXP 10/04/2024,Options,"Put option on the Mini-S&P 500 index (XSP) — $547 strike, expires 10/04/2024",2,None,0,0,False,,,,,,,,
PUT/XSP @ 547 EXP 11/29/2024,Options,"Put option on the Mini-SPX (S&P 500) index — $547 strike, expires 11/29/2024",2,None,0,0,False,,,,,,,,
PUT/XSP @ 548 EXP 09/06/2024,Options,"Put option on the Mini-S&P 500 index (XSP) — $548 strike, expires 09/06/2024",2,None,0,0,False,,,,,,,,
PUT/XSP @ 550 EXP 04/30/2025,,,,,,,,Options,"Put option on XSP — $550 strike, expires 04/30/2025",1,None,0,0,False,
PUT/XSP @ 550 EXP 06/20/2025,,,,,,,,Options,"Put option on XSP — $550 strike, expires 06/20/2025",1,None,0,0,False,
PUT/XSP @ 555 EXP 01/17/2025,Options,"Put option on the S&P 500 mini index (XSP) — $555 strike, expires 01/17/2025.",2,None,0,0,False,Options,"Put option on the S&P 500 mini index (XSP) — $555 strike, expires 01/17/2025.",1,None,0,0,False,same_reported_range
PUT/XSP @ 555 EXP 03/07/2025,,,,,,,,Options,"Put option on XSP — $555 strike, expires 03/07/2025",1,None,0,0,False,
PUT/XSP @ 555 EXP 04/17/2025,,,,,,,,Options,"Put option on XSP — $555 strike, expires 04/17/2025",1,None,0,0,False,
PUT/XSP @ 555 EXP 07/11/2025,,,,,,,,Options,"Put option on XSP — $555 strike, expires 07/11/2025",1,None,0,0,False,
PUT/XSP @ 555 EXP 12/13/2024,Options,"Put option on S&P 500 mini-index (XSP) — $555 strike, expires 12/13/2024",2,None,0,0,False,,,,,,,,
PUT/XSP @ 559 EXP 12/06/2024,Options,"Put option on the Mini-SPX index (one-tenth S&P 500) — $559 strike, expires 12/06/2024",2,None,0,0,False,,,,,,,,
PUT/XSP @ 560 EXP 03/21/2025,,,,,,,,Options,"Put option on XSP — $560 strike, expires 03/21/2025",1,None,0,0,False,
PUT/XSP @ 560 EXP 08/15/2025,,,,,,,,Options,"Put option on XSP — $560 strike, expires 08/15/2025",1,None,0,0,False,
PUT/XSP @ 565 EXP 01/17/2025,Options,"Put option on the Mini-S&P 500 index (XSP) — $565 strike, expires 01/17/2025",2,None,0,0,False,Options,"Put option on the Mini-S&P 500 index (XSP) — $565 strike, expires 01/17/2025",1,None,0,0,False,same_reported_range
PUT/XSP @ 565 EXP 02/21/2025,Options,"Put option on the Mini-SPX (S&P 500) index — $565 strike, expires 02/21/2025.",2,None,0,0,False,Options,"Put option on the Mini-SPX (S&P 500) index — $565 strike, expires 02/21/2025.",1,None,0,0,False,same_reported_range
PUT/XSP @ 570 EXP 06/30/2025,,,,,,,,Options,"Put option on XSP — $570 strike, expires 06/30/2025",1,None,0,0,False,
PUT/XSP @ 570 EXP 12/27/2024,Options,"Put option on the Mini-S&P 500 index (XSP) — $570 strike, expires 12/27/2024",2,None,0,0,False,,,,,,,,
PUT/XSP @ 575 EXP 03/14/2025,,,,,,,,Options,"Put option on XSP — $575 strike, expires 03/14/2025",1,None,0,0,False,
PUT/XSP @ 575 EXP 07/25/2025,,,,,,,,Options,"Put option on XSP — $575 strike, expires 07/25/2025",1,None,0,0,False,
PUT/XSP @ 575 EXP 08/29/2025,,,,,,,,Options,"Put option on XSP — $575 strike, expires 08/29/2025",1,None,0,0,False,
PUT/XSP @ 580 EXP 01/03/2025,Options,"Put option on the Mini-SPX (S&P 500) index — $580 strike, expires 01/03/2025",2,None,0,0,False,Options,"Put option on the Mini-SPX (S&P 500) index — $580 strike, expires 01/03/2025",1,None,0,0,False,same_reported_range
PUT/XSP @ 580 EXP 03/28/2025,,,,,,,,Options,"Put option on XSP — $580 strike, expires 03/28/2025",1,None,0,0,False,
PUT/XSP @ 581 EXP 04/04/2025,,,,,,,,Options,"Put option on XSP — $581 strike, expires 04/04/2025",1,None,0,0,False,
PUT/XSP @ 582 EXP 01/10/2025,Options,"Put option on the Mini-S&P 500 index (XSP) — $582 strike, expires 01/10/2025",2,None,0,0,False,Options,"Put option on the Mini-S&P 500 index (XSP) — $582 strike, expires 01/10/2025",1,None,0,0,False,same_reported_range
PUT/XSP @ 584 EXP 02/07/2025,Options,"Put option on the S&P 500 mini index (XSP) — $584 strike, expires 02/07/2025.",2,None,0,0,False,Options,"Put option on the S&P 500 mini index (XSP) — $584 strike, expires 02/07/2025.",1,None,0,0,False,same_reported_range
PUT/XSP @ 585 EXP 01/31/2025,Options,"Put option on S&P 500 mini-index (XSP) — $585 strike, expires 01/31/2025",2,None,0,0,False,Options,"Put option on S&P 500 mini-index (XSP) — $585 strike, expires 01/31/2025",1,None,0,0,False,same_reported_range
PUT/XSP @ 585 EXP 10/17/2025,,,,,,,,Options,"Put option on XSP — $585 strike, expires 10/17/2025",1,None,0,0,False,
PUT/XSP @ 587 EXP 02/28/2025,Options,"Put option on the Mini-SPX index (one-tenth S&P 500) — $587 strike, expires 02/28/2025",2,None,0,0,False,Options,"Put option on the Mini-SPX index (one-tenth S&P 500) — $587 strike, expires 02/28/2025",1,None,0,0,False,same_reported_range
PUT/XSP @ 587 EXP 04/11/2025,,,,,,,,Options,"Put option on XSP — $587 strike, expires 04/11/2025",1,None,0,0,False,
PUT/XSP @ 589 EXP 09/19/2025,,,,,,,,Options,"Put option on XSP — $589 strike, expires 09/19/2025",1,None,0,0,False,
PUT/XSP @ 590 EXP 02/21/2025,Options,"Put option on the Mini-S&P 500 index (XSP) — $590 strike, expires 02/21/2025",2,None,0,0,False,Options,"Put option on the Mini-S&P 500 index (XSP) — $590 strike, expires 02/21/2025",1,None,0,0,False,same_reported_range
PUT/XSP @ 590 EXP 04/17/2025,,,,,,,,Options,"Put option on XSP — $590 strike, expires 04/17/2025",1,None,0,0,False,
PUT/XSP @ 595 EXP 08/08/2025,,,,,,,,Options,"Put option on XSP — $595 strike, expires 08/08/2025",1,None,0,0,False,
PUT/XSP @ 595 EXP 09/19/2025,,,,,,,,Options,"Put option on XSP — $595 strike, expires 09/19/2025",1,None,0,0,False,
PUT/XSP @ 599 EXP 08/22/2025,,,,,,,,Options,"Put option on XSP — $599 strike, expires 08/22/2025",1,None,0,0,False,
PUT/XSP @ 599 EXP 11/21/2025,,,,,,,,Options,"Put option on XSP — $599 strike, expires 11/21/2025",1,None,0,0,False,
PUT/XSP @ 600 EXP 09/30/2025,,,,,,,,Options,"Put option on XSP — $600 strike, expires 09/30/2025",1,None,0,0,False,
PUT/XSP @ 605 EXP 10/31/2025,,,,,,,,Options,"Put option on XSP — $605 strike, expires 10/31/2025",1,None,0,0,False,
PUT/XSP @ 610 EXP 01/09/2026,,,,,,,,Options,"Put option on XSP — $610 strike, expires 01/09/2026",2,None,0,0,False,
PUT/XSP @ 610 EXP 10/17/2025,,,,,,,,Options,"Put option on XSP — $610 strike, expires 10/17/2025",1,None,0,0,False,
PUT/XSP @ 619 EXP 12/19/2025,,,,,,,,Options,"Put option on XSP — $619 strike, expires 12/19/2025",1,None,0,0,False,
PUT/XSP @ 620 EXP 09/26/2025,,,,,,,,Options,"Put option on XSP — $620 strike, expires 09/26/2025",1,None,0,0,False,
PUT/XSP @ 625 EXP 01/16/2026,,,,,,,,Options,"Put option on XSP — $625 strike, expires 01/16/2026",1,None,0,0,False,
PUT/XSP @ 625 EXP 10/03/2025,,,,,,,,Options,"Put option on XSP — $625 strike, expires 10/03/2025",1,None,0,0,False,
PUT/XSP @ 625 EXP 11/21/2025,,,,,,,,Options,"Put option on XSP — $625 strike, expires 11/21/2025",1,None,0,0,False,
PUT/XSP @ 629 EXP 10/24/2025,,,,,,,,Options,"Put option on XSP — $629 strike, expires 10/24/2025",1,None,0,0,False,
PUT/XSP @ 629 EXP 12/19/2025,,,,,,,,Options,"Put option on XSP — $629 strike, expires 12/19/2025",1,None,0,0,False,
PUT/XSP @ 630 EXP 11/14/2025,,,,,,,,Options,"Put option on XSP — $630 strike, expires 11/14/2025",1,None,0,0,False,
PUT/XSP @ 635 EXP 01/30/2026,,,,,,,,Options,"Put option on XSP — $635 strike, expires 01/30/2026",1,None,0,0,False,
PUT/XSP @ 635 EXP 11/07/2025,,,,,,,,Options,"Put option on XSP — $635 strike, expires 11/07/2025",1,None,0,0,False,
PUT/XSP @ 635 EXP 12/12/2025,,,,,,,,Options,"Put option on XSP — $635 strike, expires 12/12/2025",1,None,0,0,False,
PUT/XSP @ 640 EXP 12/05/2025,,,,,,,,Options,"Put option on XSP — $640 strike, expires 12/05/2025",1,None,0,0,False,
PUT/XSP @ 649 EXP 02/27/2026,,,,,,,,Options,"Put option on XSP — $649 strike, expires 02/27/2026",1,None,0,0,False,
PUT/XSP @ 650 EXP 01/16/2026,,,,,,,,Options,"Put option on XSP — $650 strike, expires 01/16/2026",1,None,0,0,False,
PUT/XSP @ 650 EXP 02/06/2026,,,,,,,,Options,"Put option on XSP — $650 strike, expires 02/06/2026",1,None,0,0,False,
PUT/XSP @ 651 EXP 01/30/2026,,,,,,,,Options,"Put option on XSP — $651 strike, expires 01/30/2026",1,None,0,0,False,
PUT/XSP @ 655 EXP 02/20/2026,,,,,,,,Options,"Put option on XSP — $655 strike, expires 02/20/2026",1,None,0,0,False,
PUT/XSP @ 659 EXP 12/19/2025,,,,,,,,Options,"Put option on XSP — $659 strike, expires 12/19/2025",1,None,0,0,False,
QIAGEN NV ORD EUR0 01,,,,,,,,Common stock,Common stock of Qiagen NV ORD Eur0 01,1,"$1,001-$15,000",1001,15000,False,
QNITY ELECTRONICS INC CMN,,,,,,,,Common stock,Common stock of Qnity Electronics Inc,3,"$1,001-$15,000 | None",2002,30000,False,
QORVO INC CMN,,,,,,,,Common stock,Common stock of Qorvo Inc,1,None,0,0,False,
"QORVO, INC. CMN",Common stock,"Common stock of Qorvo, a radio-frequency semiconductor maker.",3,None,0,0,False,,,,,,,,
QUALCOMM INC,Common stock,"Common stock of Qualcomm, a smartphone chip and wireless technology company",3,"$15,001-$50,000 | $1,001-$15,000",31003,115000,False,,,,,,,,
QUALCOMM INC CMN,Common stock,"Common stock of Qualcomm, a smartphone chip maker",3,"$1,001-$15,000 | $15,001-$50,000",31003,115000,False,Common stock,"Common stock of Qualcomm, a smartphone chip maker",3,"$1,001-$15,000 | $15,001-$50,000",17003,80000,False,overlapping_reported_ranges
QUANTA SERVICES INC CMN,Common stock,"Common stock of Quanta Services, an electric grid and infrastructure contractor",4,"$1,001-$15,000 | $50,001-$100,000",53004,145000,False,Common stock,"Common stock of Quanta Services, an electric grid and infrastructure contractor",4,"None | $1,001-$15,000 | $15,001-$50,000",17003,80000,False,overlapping_reported_ranges
QUEST DIAGNOSTICS INCORPORATED CMN,Common stock,"Common stock of Quest Diagnostics, a medical laboratory testing company.",3,None,0,0,False,Common stock,"Common stock of Quest Diagnostics, a medical laboratory testing company.",1,"$1,001-$15,000",1001,15000,False,higher
R I HEALTH & EDL BLDG CORP HIG REV 5% 06/01/28 JD,Municipal & gov bonds,"Rhode Island Health and Educational Building Corporation revenue bond, 5% coupon, due 06/01/2028",1,None,0,0,False,,,,,,,,
RAILSPLITTER TOB SETTLEMENT REV 5% 06/01/27-CA JD AUTH ILL SETTLEMEN,,,,,,,,Municipal & gov bonds,"Municipal bond — Railsplitter TOB Settlement, 5% coupon",1,"$1,001-$15,000",1001,15000,False,
RALEIGH N C LTD OBLIG REV 1 9640% 10/01/30 AO TAXABLE BDS 2020 B TAXBL,,,,,,,,Municipal & gov bonds,"Municipal bond — Raleigh N C Ltd Oblig, 9640% coupon",1,"$1,001-$15,000",1001,15000,False,
RALEIGH N C LTD OBLIG REV 1.9640% 10/01/30 AO TAXABLE BDS 2020 B TAXBL,Municipal & gov bonds,"Raleigh, North Carolina taxable limited obligation revenue bond, 1.964%, due October 2030",1,"$1,001-$15,000",1001,15000,False,,,,,,,,
RALPH LAUREN CORP CMN CLASS A,Common stock,Class A common stock of fashion and apparel company Ralph Lauren. | Class A common stock of fashion and apparel company Ralph Lauren,3,"$1,001-$15,000 | None",1001,15000,False,Common stock,Class A common stock of fashion and apparel company Ralph Lauren.,1,None,0,0,False,lower
RAYMOND JAMES FINANCIAL INC CMN,,,,,,,,Common stock,Common stock of Raymond James Financial Inc,3,"$1,001-$15,000",3003,45000,False,
"RAYMOND JAMES FINANCIAL, INC. CMN",Common stock,"Common stock of Raymond James Financial, a brokerage and investment banking firm",3,"$1,001-$15,000 | None",2002,30000,False,,,,,,,,
REALTY INCOME CORP 2 85% 12/15/2032 USD,,,,,,,,Municipal & gov bonds,"Municipal bond — Realty Income Corp 2, 85% coupon",1,None,0,0,False,
REALTY INCOME CORP 2.85% 12/15/2032 USD,Municipal & gov bonds,"Corporate bond of retail property landlord Realty Income, 2.85%, maturing December 2032",1,None,0,0,False,,,,,,,,
REALTY INCOME CORP 2.85% 12/15/2032 USD SR LIEN,Preferred & hybrid securities,"Senior bond of Realty Income, a retail property REIT — 2.85%, maturing December 2032",1,"$1,001-$15,000",1001,15000,False,,,,,,,,
REALTY INCOME CORP 3 1% 12/15/2029 USD SR LIEN,,,,,,,,Preferred & hybrid securities,Preferred / hybrid perpetual security issued by Realty Income Corp 3 1% 12/15/2029 USD SR Lien,1,"$15,001-$50,000",15001,50000,False,
REALTY INCOME CORP 3.1% 12/15/2029 USD,Municipal & gov bonds,"Bond of Realty Income, a retail-property real estate trust; 3.1%, maturing December 2029.",1,None,0,0,False,,,,,,,,
REALTY INCOME CORP 3.1% 12/15/2029 USD SR LIEN,Preferred & hybrid securities,"Senior bond of commercial property REIT Realty Income, 3.1% coupon, due 12/15/2029",2,"$1,001-$15,000 | $15,001-$50,000",16002,65000,False,,,,,,,,
REALTY INCOME CORP 4.625% 11/01/2025 SR LIEN,Preferred & hybrid securities,"Bond of Realty Income, a commercial property REIT; 4.625% coupon, due November 2025",1,"$1,001-$15,000",1001,15000,False,,,,,,,,
REALTY INCOME CORPORATION 4 125% 10/15/2026 USD SR LIEN,,,,,,,,Preferred & hybrid securities,Preferred / hybrid perpetual security issued by Realty Income Corporation 4 125% 10/15/2026 USD SR Lien,1,"$1,001-$15,000",1001,15000,False,
REALTY INCOME CORPORATION 4.125% 10/15/2026 USD SR LIEN,Preferred & hybrid securities,"Senior bond of retail property REIT Realty Income — 4.125% coupon, matures October 2026",1,"$1,001-$15,000",1001,15000,False,,,,,,,,
REALTY INCOME CORPORATION CMN,Common stock,"Common stock of Realty Income, a retail net-lease real estate investment trust.",3,"$1,001-$15,000 | None",2002,30000,False,Common stock,"Common stock of Realty Income, a retail net-lease real estate investment trust.",3,"$1,001-$15,000",3003,45000,False,overlapping_reported_ranges
REDBIRD SERIES 2019 ACCESS LLC,Hedge funds & private funds,Private fund providing access to a 2019 RedBird Capital private equity investment,2,"$1,000,001-$5,000,000",2000002,10000000,False,Hedge funds & private funds,Private fund providing access to a 2019 RedBird Capital private equity investment,2,"$500,001-$1,000,000",1000002,2000000,False,lower
REGAL REXNORD CORP CMN,Common stock,"Common stock of Regal Rexnord, an electric motor and industrial components maker",3,"$15,001-$50,000 | $1,001-$15,000",17003,80000,False,Common stock,"Common stock of Regal Rexnord, an electric motor and industrial components maker",3,"$1,001-$15,000",3003,45000,False,overlapping_reported_ranges
REGENCY CENTERS CORPORATION CMN,Common stock,"Common stock of Regency Centers, a shopping center real estate investment trust",1,None,0,0,False,,,,,,,,
REGENERON PHARMACEUTICAL INC CMN,Common stock,"Common stock of Regeneron Pharmaceuticals, a biotechnology drug maker.",3,"$1,001-$15,000",3003,45000,False,Common stock,"Common stock of Regeneron Pharmaceuticals, a biotechnology drug maker.",3,"$1,001-$15,000",3003,45000,False,same_reported_range
REGIONAL TRANSN AUTH ILL REV 3% 06/01/28 JD TAXABLE GO REF BDS 2021 A,Municipal & gov bonds,"Regional Transportation Authority of Illinois taxable refunding bond, 3% coupon, due 06/01/2028",1,"$15,001-$50,000",15001,50000,False,Municipal & gov bonds,"Municipal bond — Regional Transn Auth ILL, 3% coupon",1,"$15,001-$50,000",15001,50000,False,same_reported_range
REGIONAL TRANSN DIST COLO CTFS COPS 5 % 06/01/26 JD PARTN COPS 2025 G,,,,,,,,Municipal & gov bonds,Municipal / government bond,1,"$15,001-$50,000",15001,50000,False,
REGIONS FINANCIAL CORPORATION CMN,Common stock,"Common stock of Regions Financial, a Southeastern U.S. regional bank",3,"$1,001-$15,000 | None",1001,15000,False,Common stock,"Common stock of Regions Financial, a Southeastern U.S. regional bank",2,None,0,0,False,lower
REGIONS FINANCIAL CORPORATION HYBRID PERPETUAL USD SER D JRSUB LIE,Preferred & hybrid securities,"Perpetual junior-subordinated preferred security of Regions Financial, Series D",1,"$1,001-$15,000",1001,15000,False,,,,,,,,
RELX CAPITAL INC 4.75% 05/20/2032 USD,Municipal & gov bonds,"Corporate bond of RELX, the analytics and academic publishing group; 4.75% coupon, matures 2032.",1,None,0,0,False,,,,,,,,
RELX CAPITAL INC 4.75% 05/20/2032 USD SR LIEN,Preferred & hybrid securities,"Senior bond of RELX, an information and analytics publisher; 4.75%, due May 2032",1,"$1,001-$15,000",1001,15000,False,,,,,,,,
RELX PLC SPONSORED ADR CMN,Common stock,"American depositary shares of RELX, a British information and analytics company",2,"None | $15,001-$50,000",15001,50000,False,Common stock,"American depositary shares of RELX, a British information and analytics company",1,"$15,001-$50,000",15001,50000,False,same_reported_range
REPSOL SA SPON ADR EACH CNV INTO 1,,,,,,,,Common stock,Common stock of Repsol SA Spon Each CNV Into 1,1,"$1,001-$15,000",1001,15000,False,
REPSOL SA SPON ADR-EACH CNV INTO 1,,,,,,,,Common stock,Common stock of Repsol SA Spon -each CNV Into 1,1,"$1,001-$15,000",1001,15000,False,
REPUBLIC SERVICES INC CMN,Common stock,"Common stock of Republic Services, a waste collection and recycling company",2,"None | $1,001-$15,000",1001,15000,False,Common stock,"Common stock of Republic Services, a waste collection and recycling company",3,"None | $1,001-$15,000",2002,30000,False,overlapping_reported_ranges
RESILIENCE FUND II LP,Hedge funds & private funds,Private investment partnership; strategy not identifiable from the name.,2,"$15,001-$50,000",30002,100000,False,Hedge funds & private funds,Private investment partnership; strategy not identifiable from the name.,2,"$1,001-$15,000",2002,30000,False,lower
RESILIENCE FUND III LP,Hedge funds & private funds,Private investment partnership; strategy not identifiable from name,1,"$50,001-$100,000",50001,100000,False,Hedge funds & private funds,Private investment partnership; strategy not identifiable from name,1,"$100,001-$250,000",100001,250000,False,higher
RESILIENCE FUND IV LP,Hedge funds & private funds,"Private investment partnership, fourth in its series; strategy not identifiable from name",2,"$100,001-$250,000",200002,500000,False,Hedge funds & private funds,"Private investment partnership, fourth in its series; strategy not identifiable from name",2,"$100,001-$250,000",200002,500000,False,same_reported_range
RESILIENCE ONESKY FUND,Funds & ETFs,Private investment fund; strategy not identifiable from the name,1,"$250,001-$500,000",250001,500000,False,Funds & ETFs,Private investment fund; strategy not identifiable from the name,1,"$250,001-$500,000",250001,500000,False,same_reported_range
RESMED INC CMN,,,,,,,,Common stock,Common stock of Resmed Inc,2,"$1,001-$15,000",2002,30000,False,
RESMED INC. CMN,Common stock,"Common stock of ResMed, a maker of sleep apnea and respiratory devices.",3,"$1,001-$15,000 | None",2002,30000,False,,,,,,,,
REVVITY INC CMN,Common stock,"Common stock of Revvity, a life sciences and diagnostics company formerly part of PerkinElmer",2,"$1,001-$15,000",2002,30000,False,Common stock,"Common stock of Revvity, a life sciences and diagnostics company formerly part of PerkinElmer",3,"$1,001-$15,000 | None",2002,30000,False,same_reported_range
REYNOLDS AMERICAN INC 4.45% 06/12/2025 SR LIEN,Preferred & hybrid securities,"Senior bond of tobacco company Reynolds American, 4.45%, maturing June 2025",1,"$1,001-$15,000",1001,15000,False,,,,,,,,
RIO TINTO PLC SPONSORED ADR,Common stock,"American depositary shares of Rio Tinto, a global mining company",2,"None | $15,001-$50,000",15001,50000,False,Common stock,"American depositary shares of Rio Tinto, a global mining company",1,"$15,001-$50,000",15001,50000,False,same_reported_range
RIVERSIDE TECHNOLOGY CAPITAL SOLUTIONS II FUND,Hedge funds & private funds,Private investment fund providing capital to technology companies.,3,"$50,001-$100,000 | $15,001-$50,000",115003,250000,False,Hedge funds & private funds,Private investment fund providing capital to technology companies.,3,"$50,001-$100,000 | $15,001-$50,000",115003,250000,False,same_reported_range
RIVERSIDE TECHNOLOGY CAPITAL SOLUTIONS II SELECT FUND,Hedge funds & private funds,Private fund focused on technology investments (Riverside Technology Capital Solutions II Select),3,"$50,001-$100,000 | $15,001-$50,000",115003,250000,False,Hedge funds & private funds,Private fund focused on technology investments (Riverside Technology Capital Solutions II Select),3,"$50,001-$100,000 | $15,001-$50,000",115003,250000,False,same_reported_range
RIVERVIEW SOF ILP (BAQ57),Hedge funds & private funds,"Interest in Riverview SOF, a private special-opportunities fund; manager not clearly identifiable from name.",1,"$15,001-$50,000",15001,50000,False,Hedge funds & private funds,"Interest in Riverview SOF, a private special-opportunities fund; manager not clearly identifiable from name.",1,"$15,001-$50,000",15001,50000,False,same_reported_range
ROBERT HALF INC CMN,Common stock,"Common stock of Robert Half, a staffing and recruiting firm",3,None,0,0,False,,,,,,,,
ROBINHOOD MARKETS INC CMN,,,,,,,,Common stock,Common stock of Robinhood Markets Inc,2,"$1,001-$15,000 | None",1001,15000,False,
ROCKWELL AUTOMATION INC CMN,Common stock,"Common stock of Rockwell Automation, an industrial automation equipment and software maker",4,"$1,001-$15,000 | None | $50,001-$100,000",51002,115000,False,Common stock,"Common stock of Rockwell Automation, an industrial automation equipment and software maker",4,"$15,001-$50,000 | None",30002,100000,False,overlapping_reported_ranges
ROGERS COMMUNICATIONS IN HYBRID 04/15/2055 SER NC5 SUB LIEN CPN 02/1,Preferred & hybrid securities,"Subordinated hybrid note of Canadian telecom Rogers Communications, maturing 2055; name truncated.",1,"$1,001-$15,000",1001,15000,False,,,,,,,,
ROGERS COMMUNICATIONS INC HYBRID 04/15/2055 USD SER NC5 SUB LIEN CP,,,,,,,,Preferred & hybrid securities,Preferred / hybrid perpetual security issued by Rogers Communications Inc,2,"$1,001-$15,000",2002,30000,False,
ROLLINS INC REGOFF SCTASK0796638,,,,,,,,Common stock,Common stock of Rollins Inc Regoff Sctask0796638,2,"None | $1,001-$15,000",1001,15000,False,
"ROLLINS INC, REGOFF SCTASK0796638",Common stock,"Common stock of Rollins, the pest control company behind Orkin",1,None,0,0,False,,,,,,,,
ROPER TECHNOLOGIES INC 4 75 % 02/15/2032 USD SR LIEN,,,,,,,,Preferred & hybrid securities,Preferred / hybrid perpetual security issued by Roper Technologies Inc 4 75 % 02/15/2032 USD SR Lien,1,"$1,001-$15,000",1001,15000,False,
ROPER TECHNOLOGIES INC 4.75% 02/15/2032,Municipal & gov bonds,"Bond of Roper Technologies, a software and industrial company — 4.75%, maturing February 2032",1,None,0,0,False,,,,,,,,
ROPER TECHNOLOGIES INC 4.75% 02/15/2032 USD SR LIEN,Preferred & hybrid securities,"Senior bond of Roper Technologies, a software and industrial products company; 4.75%, due 2032.",1,"$1,001-$15,000",1001,15000,False,,,,,,,,
ROPER TECHNOLOGIES INC CMN,Common stock,"Common stock of Roper Technologies, diversified industrial and software company",3,"$1,001-$15,000 | None",1001,15000,False,Common stock,"Common stock of Roper Technologies, diversified industrial and software company",2,"$1,001-$15,000",2002,30000,False,overlapping_reported_ranges
"ROPER TECHNOLOGIES, INC. 2.0% 06/30/2030 USD SR LIEN",Preferred & hybrid securities,"Bond of Roper Technologies, a diversified software and industrial company; 2%, due 2030",1,"$1,001-$15,000",1001,15000,False,,,,,,,,
ROSS STORES INC,,,,,,,,Common stock,Common stock of Ross Stores Inc,1,"$1,001-$15,000",1001,15000,False,
ROSS STORES INC CMN,,,,,,,,Common stock,Common stock of Ross Stores Inc,3,"$1,001-$15,000",3003,45000,False,
"ROSS STORES,INC CMN",Common stock,"Common stock of Ross Stores, an off-price clothing and home goods retailer",3,"None | $1,001-$15,000",2002,30000,False,,,,,,,,
ROSS STORES.INC CMN,Common stock,"Common stock of Ross Stores, an off-price retail clothing chain.",1,None,0,0,False,,,,,,,,
ROUTT CNTY COLO SCH DIST NO GO 4% 12/01/24 JD,Municipal & gov bonds,"Routt County, Colorado school district general obligation bond; 4%, due December 2024",1,None,0,0,False,,,,,,,,
ROYAL BANK OF CANADA LINKED TO BASKET OF INDICES UPSIDE LEVERED CA,Structured notes,"Royal Bank of Canada structured note tied to a basket of stock indexes, leveraged capped upside",1,"$15,001-$50,000",15001,50000,False,Structured notes,"Royal Bank of Canada structured note tied to a basket of stock indexes, leveraged capped upside",3,"$15,001-$50,000 | $50,001-$100,000",80003,200000,False,higher
ROYAL BANK OF CANADA LINKED TO S&P 500 INDEX,Structured notes,Royal Bank of Canada structured note whose return is tied to the S&P 500 index,1,None,0,0,False,,,,,,,,
ROYAL BANK OF CANADA LINKED TO S&P 500 INDEX CNTNGNT CPN W BUFFER,Structured notes,"Royal Bank of Canada structured note tied to the S&P 500, contingent coupons with buffer.",4,"$50,001-$100,000 | $100,001-$250,000 | $250,001-$500,000",450004,950000,False,Structured notes,"Royal Bank of Canada structured note tied to the S&P 500, contingent coupons with buffer.",2,"$15,001-$50,000 | $100,001-$250,000",115002,300000,False,lower
ROYAL BANK OF CANADA LINKED TO S&P 500 INDEX UPSIDE LEVERED CAPPED,Structured notes,"Royal Bank of Canada structured note on the S&P 500, leveraged upside with cap",2,"$250,001-$500,000 | $100,001-$250,000",350002,750000,False,Structured notes,"Royal Bank of Canada structured note on the S&P 500, leveraged upside with cap",2,"$100,001-$250,000",200002,500000,False,overlapping_reported_ranges
ROYAL BANK OF CANADA MTN 4 65 / 01/27/2026 SER GMTN SUB LIEN,,,,,,,,Other,Reported asset or transaction line item — Royal Bank of Canada MTN 4 65 / 01/27/2026 SER Gmtn SUB Lien,1,"$1,001-$15,000",1001,15000,False,
ROYAL BANK OF CANADA MTN 4.65% 01/27/2026 USD SUB LIEN,Municipal & gov bonds,"Subordinated note of Royal Bank of Canada, 4.65% coupon, maturing January 2026",1,"$15,001-$50,000",15001,50000,False,,,,,,,,
ROYAL CARIBBEAN GROUP ISIN LR0008862868,Common stock,"Common stock of Royal Caribbean Group, a cruise line operator",1,"$1,001-$15,000",1001,15000,False,Common stock,"Common stock of Royal Caribbean Group Isin Lr0008862868 | Common stock of Royal Caribbean Group, a cruise line operator",3,"$1,001-$15,000",3003,45000,False,overlapping_reported_ranges
ROYAL CARIBBEAN GROUP ISIN. LR0008862868,Common stock,"Common stock of Royal Caribbean Group, the cruise line operator.",1,"$1,001-$15,000",1001,15000,False,,,,,,,,
ROYAL CARIBBEAN GROUP ISIN: LR0008862868,Common stock,"Common stock of Royal Caribbean Group, a cruise line operator",1,"$1,001-$15,000",1001,15000,False,,,,,,,,
ROYALTY PHARMA PLC 2 2% 09/02/2030 USD SER WI SR LIEN,,,,,,,,Preferred & hybrid securities,Preferred / hybrid perpetual security issued by Royalty Pharma PLC 2 2% 09/02/2030 USD SER WI SR Lien,1,"$1,001-$15,000",1001,15000,False,
ROYALTY PHARMA PLC 2.15 / 09/02/2031 USD SR LIEN,,,,,,,,Preferred & hybrid securities,Preferred / hybrid perpetual security issued by Royalty Pharma PLC 2.15 / 09/02/2031 USD SR Lien,1,"$1,001-$15,000",1001,15000,False,
ROYALTY PHARMA PLC 2.15% 09/02/2031 USD,Municipal & gov bonds,"Corporate bond of Royalty Pharma, a buyer of drug royalties, 2.15%, maturing 2031",1,None,0,0,False,,,,,,,,
ROYALTY PHARMA PLC 2.15% 09/02/2031 USD SR LIEN,Preferred & hybrid securities,"Senior bond of Royalty Pharma, a drug royalty investor — 2.15%, maturing September 2031",1,"$1,001-$15,000",1001,15000,False,,,,,,,,
ROYALTY PHARMA PLC 2.2% 09/02/2030 USD SER WI SR LIEN,Preferred & hybrid securities,"Senior bond of Royalty Pharma, a buyer of drug royalties; 2.2%, maturing September 2030.",2,"$1,001-$15,000 | $15,001-$50,000",16002,65000,False,,,,,,,,
RTX CORPORATION COM USD1 00,,,,,,,,Common stock,Common stock of RTX Corporation Usd1 00,3,"$15,001-$50,000 | $1,001-$15,000",31003,115000,False,
RTX CORPORATION COM USD1.00,Common stock,"Common stock of RTX, aerospace and defense company formerly Raytheon Technologies",3,"$15,001-$50,000 | $1,001-$15,000",31003,115000,False,,,,,,,,
S&P GLOBAL INC CMN,,,,,,,,Common stock,Common stock of S&P Global Inc,3,"$15,001-$50,000 | $1,001-$15,000",31003,115000,False,
S&P GLOBAL INC. CMN,Common stock,"Common stock of S&P Global, the credit ratings and financial data company",3,"$15,001-$50,000 | $1,001-$15,000",31003,115000,False,,,,,,,,
SALESFORCE INC CMN,Common stock,"Common stock of Salesforce, a cloud-based business software company",5,"$15,001-$50,000 | $1,001-$15,000 | $50,001-$100,000",96005,265000,False,Common stock,"Common stock of Salesforce, a cloud-based business software company",7,"$15,001-$50,000 | $1,001-$15,000",77007,280000,False,overlapping_reported_ranges
SALESFORCE INC COM,,,,,,,,Common stock,Common stock of Salesforce Inc,2,"$1,001-$15,000",2002,30000,False,
SALT RIVER PROJ AGRCLTR IMPVMT REV 5.0000% 01/01/25 JJ,Municipal & gov bonds,"Salt River Project, an Arizona public power district, revenue bond; 5% coupon, matures January 2025.",1,None,0,0,False,,,,,,,,
SALT RIVER PROJ AGRCLTR IMPVMT REV 5.0000% 01/01/25 JJ - REV BONDS,Municipal & gov bonds,"Salt River Project, an Arizona public power utility; revenue bond, 5%, due January 2025",1,"$1,001-$15,000",1001,15000,False,,,,,,,,
SAMSARA INC CMN CLASS A,,,,,,,,Common stock,Common stock of Samsara Inc,1,"$1,001-$15,000",1001,15000,False,
SANDISK LLC CMN,,,,,,,,Common stock,Common stock of Sandisk LLC,1,None,0,0,False,
SANOFI SPONSORED ADR CMN,Common stock,"American depositary shares of Sanofi, a French pharmaceutical company",2,"None | $15,001-$50,000",15001,50000,False,Common stock,"American depositary shares of Sanofi, a French pharmaceutical company",1,None,0,0,False,lower
SAP AG CMN NON DTC ELIGIBLE,,,,,,,,Common stock,Common stock of SAP AG NON DTC Eligible,1,"$15,001-$50,000",15001,50000,False,
SBA COMMUNICATIONS CORPORATION CMN,Common stock,"Common stock of SBA Communications, a wireless tower real estate investment trust",6,"$15,001-$50,000 | $1,001-$15,000 | None",18004,95000,False,Common stock,"Common stock of SBA Communications, a wireless tower real estate investment trust",6,"$15,001-$50,000 | $1,001-$15,000",34006,160000,False,overlapping_reported_ranges
SCHNEIDER ELECTRIC SE UNSPONSORED ADR (FRANCE),Common stock,"US-traded depositary receipts of Schneider Electric, a French electrical equipment maker.",2,None,0,0,False,Common stock,"US-traded depositary receipts of Schneider Electric, a French electrical equipment maker.",1,None,0,0,False,same_reported_range
SCHNEIDER ELECTRIC SE UNSPONSORED ADR (FRANCE) SCHNEIDER ELECTR,Common stock,"U.S.-listed shares (ADR) of Schneider Electric, French electrical equipment company",1,"$15,001-$50,000",15001,50000,False,Common stock,"U.S.-listed shares (ADR) of Schneider Electric, French electrical equipment company",1,"$15,001-$50,000",15001,50000,False,same_reported_range
SEAGATE TECHNOLOGY HOLDIN PLC CMN,Common stock,"Common stock of Seagate Technology, a computer hard drive maker",3,None,0,0,False,Common stock,"Common stock of Seagate Technology, a computer hard drive maker",2,"$15,001-$50,000 | $1,001-$15,000",16002,65000,False,higher
SEALED AIR CORPORATION CMN,Common stock,"Common stock of Sealed Air, a packaging maker known for Bubble Wrap",1,None,0,0,False,,,,,,,,
SEMPRA ENERGY CMN,Common stock,"Common stock of Sempra, a California-based energy infrastructure and utility company.",1,"$1,001-$15,000",1001,15000,False,Common stock,"Common stock of Sempra, a California-based energy infrastructure and utility company.",1,"$1,001-$15,000",1001,15000,False,same_reported_range
SEMPRA ENERGY HYBRID PERPETUAL USD JRSUB LIEN CPN 06/19/20 4.875%,Preferred & hybrid securities,Sempra Energy perpetual junior subordinated hybrid security; 4.875% coupon; California-based utility,1,"$1,001-$15,000",1001,15000,False,,,,,,,,
SEMPRA HYBRID 04/01/2056 JRSUB LIEN CPN 08/29/25 6 375 %,,,,,,,,Preferred & hybrid securities,Preferred / hybrid perpetual security issued by Sempra,1,"$1,001-$15,000",1001,15000,False,
SEMPRA HYBRID 04/01/2056 JRSUB LIEN CPN 08/29/25 6 375%,,,,,,,,Preferred & hybrid securities,Preferred / hybrid perpetual security issued by Sempra,1,"$1,001-$15,000",1001,15000,False,
SEMPRA HYBRID 10/01/2054,Preferred & hybrid securities,"Hybrid subordinated bond of energy utility Sempra, maturing October 2054",1,None,0,0,False,,,,,,,,
SEMPRA HYBRID 10/01/2054 USD JRSUB LIEN CPN 03/14/24 6 875 %,,,,,,,,Preferred & hybrid securities,Preferred / hybrid perpetual security issued by Sempra,1,"$1,001-$15,000",1001,15000,False,
SEMPRA HYBRID 10/01/2054 USD JRSUB LIEN CPN 03/14/24 6 875 /,,,,,,,,Preferred & hybrid securities,Preferred / hybrid perpetual security issued by Sempra,1,"$1,001-$15,000",1001,15000,False,
SEMPRA HYBRID 10/01/2054 USD JRSUB LIEN CPN 03/14/24 6.875%,Preferred & hybrid securities,"Junior subordinated hybrid note of utility Sempra — 6.875%, maturing October 2054",2,"$1,001-$15,000",2002,30000,False,,,,,,,,
SENSATA TECHNOLOGIES HOLDING P CMN,Common stock,"Common stock of Sensata Technologies, maker of automotive and industrial sensors.",3,"$15,001-$50,000",45003,150000,False,Common stock,"Common stock of Sensata Technologies, maker of automotive and industrial sensors.",3,None,0,0,False,lower
SERVICENOW INC CMN,Common stock,"Common stock of ServiceNow, enterprise workflow software company",3,"$15,001-$50,000",45003,150000,False,Common stock,"Common stock of ServiceNow, enterprise workflow software company",3,"$15,001-$50,000",45003,150000,False,same_reported_range
SHELL PLC SPONSORED ADR CMN,Common stock,"U.S.-traded shares (ADR) of Shell, the British oil and gas company",1,"$15,001-$50,000",15001,50000,False,Common stock,"U.S.-traded shares (ADR) of Shell, the British oil and gas company",1,"$50,001-$100,000",50001,100000,False,higher
SHERWIN WILLIAMS CO CMN,,,,,,,,Common stock,Common stock of Sherwin Williams CO,2,"$1,001-$15,000",2002,30000,False,
SHERWIN-WILLIAMS CO CMN,Common stock,"Common stock of Sherwin-Williams, the paint and coatings company",3,"$1,001-$15,000",3003,45000,False,Common stock,"Common stock of Sherwin-Williams, the paint and coatings company",1,"$1,001-$15,000",1001,15000,False,overlapping_reported_ranges
SHOPIFY INC CMN CLASS A,,,,,,,,Common stock,Common stock of Shopify Inc,1,"$1,001-$15,000",1001,15000,False,
SHOPIFY INC. CMN CLASS A,Common stock,"Class A common stock of Shopify, an e-commerce platform company.",1,"$1,001-$15,000",1001,15000,False,,,,,,,,
SIDNEY OHIO CITY SCH DIST GO 4% 12/01/25 JD,,,,,,,,Municipal & gov bonds,"Municipal bond — Sidney Ohio City, 4% coupon, due 12/01/25, pays Jun/Dec",1,None,0,0,False,
SIEMENS AKTIENGESELLSCHAFT SPONSORED ADR CMN,,,,,,,,Common stock,Common stock of Siemens Aktiengesellschaft,1,"$15,001-$50,000",15001,50000,False,
SILVER POINT DISTRESSED OPPORTUNITY FUND II,Funds & ETFs,Silver Point Capital private fund investing in distressed debt,3,"$50,001-$100,000",150003,300000,False,Funds & ETFs,Silver Point Capital private fund investing in distressed debt,3,"$100,001-$250,000 | $50,001-$100,000",250003,600000,False,overlapping_reported_ranges
SIMON PROPERTY GROUP INC CMN,Common stock,"Common stock of Simon Property Group, a shopping mall landlord",3,"$1,001-$15,000 | None",2002,30000,False,Common stock,"Common stock of Simon Property Group, a shopping mall landlord",2,"$1,001-$15,000",2002,30000,False,same_reported_range
SIMON PROPERTY GROUP L.P 3 375 % 12/01/2027 USD SER SR LIEN,,,,,,,,Preferred & hybrid securities,Preferred / hybrid perpetual security issued by Simon Property Group L.P 3 375 % 12/01/2027 USD SER SR Lien,1,"$1,001-$15,000",1001,15000,False,
SIMON PROPERTY GROUP L.P. 3.5% 09/01/2025 SR LIEN,Preferred & hybrid securities,"Senior bond of mall operator Simon Property Group — 3.5%, maturing September 2025",1,"$1,001-$15,000",1001,15000,False,,,,,,,,
SIMON PROPERTY GROUP LP 3 375% 12/01/2027 USD SER SR LIEN,,,,,,,,Preferred & hybrid securities,Preferred / hybrid perpetual security issued by Simon Property Group LP 3 375% 12/01/2027 USD SER SR Lien,1,"$15,001-$50,000",15001,50000,False,
"SIMON PROPERTY GROUP, L.P. 3.375% 12/01/2027 USD SER SR LIEN",Preferred & hybrid securities,"Senior bond of Simon Property Group, a shopping-mall real estate trust; 3.375%, due December 2027.",2,"$15,001-$50,000 | $1,001-$15,000",16002,65000,False,,,,,,,,
SKYWORKS SOLUTIONS INC CMN,,,,,,,,Common stock,Common stock of Skyworks Solutions Inc,2,"None | $1,001-$15,000",1001,15000,False,
"SKYWORKS SOLUTIONS, INC. CMN",Common stock,"Common stock of Skyworks Solutions, wireless semiconductor maker",3,None,0,0,False,,,,,,,,
SMS INVESTORS LP,Hedge funds & private funds,Private investment partnership; strategy not identifiable from name,2,"$1,001-$15,000",2002,30000,False,Hedge funds & private funds,Private investment partnership; strategy not identifiable from name,2,None,0,0,False,lower
SNAP-ON INC CMN,Common stock,"Common stock of Snap-on, a professional tools and equipment maker.",1,None,0,0,False,Common stock,"Common stock of Snap-on, a professional tools and equipment maker.",1,None,0,0,False,same_reported_range
SNOWFLAKE INC CMN CLASS A,,,,,,,,Common stock,Common stock of Snowflake Inc,1,"$15,001-$50,000",15001,50000,False,
SNOWFLAKE INC. CMN CLASS A,Common stock,"Class A common stock of Snowflake, a cloud data warehousing company",1,"$15,001-$50,000",15001,50000,False,,,,,,,,
SOCIETE GENERALE LINKED TO S&P 500 INDEX CNTNGNT CPN W BUFFER STR,Structured notes,"Societe Generale structured note tied to the S&P 500, contingent coupons with buffer",8,"$15,001-$50,000 | $50,001-$100,000 | $100,001-$250,000",360008,900000,False,,,,,,,,
SOLSTICE ADVANCED MATERIALS IN CMN,,,,,,,,Common stock,Common stock of Solstice Advanced Materials IN,2,"$1-$1,000 | $15,001-$50,000",15002,51000,False,
SOLVENTUM CORPORATION CMN,Common stock,"Common stock of Solventum, the healthcare products company spun off from 3M",3,"$1,001-$15,000 | None",1001,15000,False,Common stock,"Common stock of Solventum, the healthcare products company spun off from 3M",4,"$1,001-$15,000 | None",3003,45000,False,overlapping_reported_ranges
SOMNIGROUP INTERNATIONAL INC CMN,Common stock,"Common stock of Somnigroup International, mattress company formerly known as Tempur Sealy.",1,"$1-$1,000",1,1000,False,Common stock,"Common stock of Somnigroup International, mattress company formerly known as Tempur Sealy.",1,"$1-$1,000",1,1000,False,same_reported_range
SOUTHERN COMPANY (THE) HYBRID 01/15/2051 SER B JRSUB LIEN CPN 09/18/2,,,,,,,,Preferred & hybrid securities,Preferred / hybrid perpetual security issued by Southern Company (the),2,"$1,001-$15,000",2002,30000,False,
SOUTHERN COMPANY (THE) HYBRID 01/15/2051 USD SER B JRSUB LIEN CPN 09,Preferred & hybrid securities,"Junior subordinated hybrid note of utility Southern Company, Series B, due 01/15/2051",2,"$1,001-$15,000",2002,30000,False,,,,,,,,
SOUTHERN COMPANY (THE) HYBRID 03/15/2055,,,,,,,,Preferred & hybrid securities,Preferred / hybrid perpetual security issued by Southern Company (the),1,None,0,0,False,
SOUTHERN COMPANY (THE) HYBRID 03/15/2055 SER 2025 JRSUB LIEN CPN 02/2,Preferred & hybrid securities,"Junior subordinated hybrid bond of utility Southern Company, maturing March 2055",1,"$1,001-$15,000",1001,15000,False,,,,,,,,
SOUTHERN COMPANY (THE) HYBRID 03/15/2055 USD SER 2025 JRSUB LIEN CPN,,,,,,,,Preferred & hybrid securities,Preferred / hybrid perpetual security issued by Southern Company (the),2,"$1-$1,000 | $1,001-$15,000",1002,16000,False,
SOUTHWEST AIRLINES CO CMN,Common stock,"Common stock of Southwest Airlines, a U.S. low-cost airline",3,"$1,001-$15,000 | None",2002,30000,False,Common stock,"Common stock of Southwest Airlines, a U.S. low-cost airline",3,"None | $1,001-$15,000",2002,30000,False,same_reported_range
SPDR S&P 500 ETF TRUST,Funds & ETFs,Exchange-traded fund tracking the S&P 500 stock index.,1,"$1,000,001-$5,000,000",1000001,5000000,False,,,,,,,,
SPOTIFY TECHNOLOGY S.A CMN,,,,,,,,Common stock,Common stock of Spotify Technology S.A,1,"$1,001-$15,000",1001,15000,False,
SPOTIFY TECHNOLOGY S.A. CMN,Common stock,"Common stock of Spotify, the music streaming service",3,"$500,001-$1,000,000 | $1,001-$15,000 | $1,000,001-$5,000,000",1501003,6015000,False,Common stock,"Common stock of Spotify, the music streaming service",2,"$250,001-$500,000",500002,1000000,False,lower
SPRING LAKE PARK MINN INDPT GO 5% 02/01/33 FA,,,,,,,,Municipal & gov bonds,"Municipal bond — Spring Lake Park Minn Indpt, 5% coupon, due 02/01/33, pays Feb/Aug",1,"$15,001-$50,000",15001,50000,False,
SS&C TECHNOLOGIES HOLDINGS IN CMN,,,,,,,,Common stock,Common stock of Ss&c Technologies Holdings IN,5,"$1,001-$15,000 | $15,001-$50,000 | None",18004,95000,False,
"SS&C TECHNOLOGIES HOLDINGS, IN CMN",Common stock,"Common stock of SS&C Technologies, a financial services software provider",5,"$15,001-$50,000 | $50,001-$100,000 | $1,001-$15,000",131005,315000,False,,,,,,,,
ST MARYS OHIO CITY SCH DIST GO 5% 12/01/25 JD,Municipal & gov bonds,"St. Marys, Ohio school district general obligation bond — 5%, maturing December 2025",1,None,0,0,False,,,,,,,,
ST MARYS OHIO CITY SCH DIST GO 5% 12/01/34 JD,Municipal & gov bonds,"St. Marys, Ohio city school district general obligation bond, 5%, due December 2034.",1,None,0,0,False,,,,,,,,
ST PAUL MINN GO 5% 05/01/31 MN,Municipal & gov bonds,"City of St. Paul, Minnesota general obligation bond, 5% coupon, due 05/01/2031",1,None,0,0,False,,,,,,,,
ST PAUL MINN GO 5% 05/01/31 MN GO STR RECON BDS 2024B UT BEO,Municipal & gov bonds,"St. Paul, Minnesota general obligation street reconstruction bond, 5%, due May 2031",1,"$1,001-$15,000",1001,15000,False,,,,,,,,
STANLEY BLACK & DECKER INC CMN,,,,,,,,Common stock,Common stock of Stanley Black & Decker Inc,1,None,0,0,False,
"STANLEY BLACK & DECKER, INC CMN",,,,,,,,Common stock,"Common stock of Stanley Black & Decker, Inc",1,None,0,0,False,
"STANLEY BLACK & DECKER, INC. CMN",Common stock,"Common stock of Stanley Black & Decker, a maker of tools and hardware",3,"$1,001-$15,000 | None",1001,15000,False,,,,,,,,
STARBUCKS CORP CMN,,,,,,,,Common stock,Common stock of Starbucks Corp,6,"$15,001-$50,000 | $1,001-$15,000",20006,125000,False,
STARBUCKS CORP. CMN,Common stock,"Common stock of Starbucks, the global coffee shop chain",6,"$50,001-$100,000 | $1,001-$15,000 | $15,001-$50,000",69006,210000,False,,,,,,,,
STARZ ENTERTAINMENT CORP CMN,,,,,,,,Common stock,Common stock of Starz Entertainment Corp,3,"$1-$1,000 | $1,001-$15,000 | None",1002,16000,False,
STATE OF OHIO GEN OBLIGATION GO 5.0000% 11/01/24 MN,Municipal & gov bonds,"State of Ohio general obligation bond, 5%, maturing November 2024",1,None,0,0,False,,,,,,,,
STATE OF OHIO GO 5.0000% 05/01/25 MN,Municipal & gov bonds,"State of Ohio general obligation bond — 5% coupon, maturing May 2025",1,None,0,0,False,,,,,,,,
STATE OF OHIO GO 5.0000% 05/01/25 MN GENERAL OBLIGATION HIGHWAY CAP,Municipal & gov bonds,"State of Ohio highway capital improvement general obligation bond, 5%, due May 2025.",1,"$50,001-$100,000",50001,100000,False,,,,,,,,
STATE OF OHIO REV 5 / 02/01/26 FA FACILITIES LEASE APPROPRIATION BONDS,,,,,,,,Municipal & gov bonds,Municipal / government bond,1,"$1,001-$15,000",1001,15000,False,
STATE OF OHIO REV 5% 04/01/26 AO FACILITIES LEASE APPROPRIATION BONDS,,,,,,,,Municipal & gov bonds,"Municipal bond — State of Ohio, 5% coupon",1,"$1,001-$15,000",1001,15000,False,
STATE STREET CORP HYBRID 11/21/2029 USD SR LIEN CPN 11/21/23 5.684%,Preferred & hybrid securities,"Senior note issued by custody bank State Street, 5.684% coupon, due 11/21/2029",1,"$1,001-$15,000",1001,15000,False,,,,,,,,
STATE STREET CORP HYBRID PERPETUAL,,,,,,,,Preferred & hybrid securities,Preferred / hybrid perpetual security issued by State Street Corp,1,None,0,0,False,
STATE STREET CORPORATION (NEW) CMN,Common stock,"Common stock of State Street, a custody bank and asset manager",3,"$1,001-$15,000 | None",2002,30000,False,Common stock,"Common stock of State Street, a custody bank and asset manager",2,"$1,001-$15,000",2002,30000,False,same_reported_range
STATE STREET CORPORATION HYBRID 02/07/2028 USD SR LIEN CPN 02/07/22 2,,,,,,,,Preferred & hybrid securities,Preferred / hybrid perpetual security issued by State Street Corporation,1,"$15,001-$50,000",15001,50000,False,
STATE STREET CORPORATION HYBRID 02/07/2028 USD SR LIEN CPN 02/07/22 2.,Preferred & hybrid securities,"Senior note of custody bank State Street, maturing February 2028",1,"$15,001-$50,000",15001,50000,False,,,,,,,,
STATE STREET CORPORATION HYBRID 12/03/2029 USD SR LIEN CPN 12/03/18 4.,Preferred & hybrid securities,"Senior hybrid note of custody bank State Street, maturing December 2029; name truncated.",1,"$1,001-$15,000",1001,15000,False,,,,,,,,
STATE STREET CORPORATION HYBRID PERPETUAL,Preferred & hybrid securities,"State Street, a custody bank; perpetual preferred security with no set maturity",1,None,0,0,False,,,,,,,,
STATE STREET CORPORATION HYBRID PERPETUAL USD JRSUB LIEN CPN 02/0,Preferred & hybrid securities,Perpetual junior subordinated preferred security of custody bank State Street,1,"$1,001-$15,000",1001,15000,False,Preferred & hybrid securities,Perpetual junior subordinated preferred security of custody bank State Street,2,"$1-$1,000 | $1,001-$15,000",1002,16000,False,overlapping_reported_ranges
STATE STREET CORPORATION HYBRID PERPETUAL USD SER I JRSUB LIEN CP,,,,,,,,Preferred & hybrid securities,Preferred / hybrid perpetual security issued by State Street Corporation,1,"$1,001-$15,000",1001,15000,False,
STATE STREET CORPORATION HYBRID PERPETUAL USD SER I JRSUB LIEN CPI,,,,,,,,Preferred & hybrid securities,Preferred / hybrid perpetual security issued by State Street Corporation,1,"$1,001-$15,000",1001,15000,False,
STATE STREET CORPORATION HYBRID PERPETUAL USD SER I JRSUB LIEN CPN,Preferred & hybrid securities,"Perpetual junior subordinated preferred security issued by State Street, Series I",2,"$1,001-$15,000",2002,30000,False,,,,,,,,
STATE STREET CORPORATION HYBRID PERPETUAL USD SER J JRSUB LIEN CP,Preferred & hybrid securities,"Perpetual junior subordinated preferred security of State Street, a custody bank; Series J.",2,"$1,001-$15,000 | $15,001-$50,000",16002,65000,False,Preferred & hybrid securities,"Perpetual junior subordinated preferred security of State Street, a custody bank; Series J.",2,"$1,001-$15,000 | $15,001-$50,000",16002,65000,False,same_reported_range
STATE STREET SPDR S&P 500 ETF CMN,,,,,,,,Common stock,Common stock of State Street Spdr S&P 500 ETF,1,"$500,001-$1,000,000",500001,1000000,False,
STATE UNIV IOWA UNIV REV REV 5% 07/01/31 JJ,Municipal & gov bonds,"University of Iowa revenue bond, 5% coupon, due 07/01/2031",1,None,0,0,False,,,,,,,,
STATE UNIV IOWA UNIV REV REV 5% 07/01/31 JJ ACADEMIC BLDG REF BDS S U,Municipal & gov bonds,"University of Iowa academic building revenue refunding bond, 5% coupon, due July 2031",1,"$15,001-$50,000",15001,50000,False,,,,,,,,
STEEL DYNAMICS INC CMN,,,,,,,,Common stock,Common stock of Steel Dynamics Inc,3,"None | $15,001-$50,000",15001,50000,False,
"STEEL DYNAMICS, INC. CMN",Common stock,"Common stock of Steel Dynamics, a U.S. steel producer",2,"None | $50,001-$100,000",50001,100000,False,,,,,,,,
STERIS PUBLIC LIMITED COMPANY CMN,Common stock,"Common stock of Steris, a sterilization and infection prevention products company.",3,"None | $1,001-$15,000",1001,15000,False,Common stock,"Common stock of Steris, a sterilization and infection prevention products company.",1,"$1,001-$15,000",1001,15000,False,same_reported_range
STMICROELECTRONICS NV ADR CMN,Common stock,"American depositary shares of STMicroelectronics, a European semiconductor maker",2,"None | $15,001-$50,000",15001,50000,False,Common stock,"American depositary shares of STMicroelectronics, a European semiconductor maker",1,None,0,0,False,lower
STRATEGIC INVESTORS XI ACCESS LLC,Hedge funds & private funds,Private fund access vehicle; underlying strategy not identifiable from name,1,"$250,001-$500,000",250001,500000,False,Hedge funds & private funds,Private fund access vehicle; underlying strategy not identifiable from name,1,"$250,001-$500,000",250001,500000,False,same_reported_range
STRATEGIC VALUE FNBA INVESTORS LP FIRST NAT'L BANCSHARES,,,,,,,,Hedge funds & private funds,Private fund / partnership interest — Strategic Value Fnba Investors LP First Nat'l Bancshares,1,"$50,001-$100,000",50001,100000,False,
"STRATEGIC VALUE FNBA INVESTORS LP, FIRST NAT'L BANCSHARES",Hedge funds & private funds,"Private partnership investing in First National Bancshares, a community bank holding company.",1,"$100,001-$250,000",100001,250000,False,,,,,,,,
STRYKER CORPORATION CMN,Common stock,"Common stock of Stryker, a medical device and surgical equipment maker",5,"None | $15,001-$50,000 | $1,001-$15,000",31003,115000,False,Common stock,"Common stock of Stryker, a medical device and surgical equipment maker",3,"$15,001-$50,000 | $1,001-$15,000",31003,115000,False,same_reported_range
SUMITOMO MITSUI FINANCIAL GRP SPONSORED ADR CMN,Common stock,"US-traded depositary receipts of Sumitomo Mitsui Financial Group, a Japanese banking group.",2,"None | $50,001-$100,000",50001,100000,False,Common stock,"US-traded depositary receipts of Sumitomo Mitsui Financial Group, a Japanese banking group.",1,"$50,001-$100,000",50001,100000,False,same_reported_range
SUPER MICRO COMPUTER INC CMN,,,,,,,,Common stock,Common stock of Super Micro Computer Inc,1,"$1,001-$15,000",1001,15000,False,
"SUPER MICRO COMPUTER, INC CMN",,,,,,,,Common stock,"Common stock of Super Micro Computer, Inc",1,None,0,0,False,
"SUPER MICRO COMPUTER, INC. CMN",Common stock,"Common stock of Super Micro Computer, server and data center hardware maker",3,None,0,0,False,,,,,,,,
SYNCHRONY FINANCIAL CMN,Common stock,"Common stock of Synchrony Financial, a store credit card issuer",3,"$1,001-$15,000 | None",2002,30000,False,Common stock,"Common stock of Synchrony Financial, a store credit card issuer",2,None,0,0,False,lower
SYNCHRONY FINANCIAL PFD USD1 4063(5 63 /) SERIES A,,,,,,,,Preferred & hybrid securities,Preferred / hybrid perpetual security issued by Synchrony Financial,1,"$1,001-$15,000",1001,15000,False,
SYNCHRONY FINANCIAL PFD USD1.4063(5.63%) SERIES A,Preferred & hybrid securities,"Series A preferred stock of consumer lender Synchrony Financial, 5.63% dividend rate",1,"$1,001-$15,000",1001,15000,False,,,,,,,,
SYNCHRONY FINANCIAL PFD USD2 0625(8 25 /) SERIES B,,,,,,,,Preferred & hybrid securities,Preferred / hybrid perpetual security issued by Synchrony Financial,1,"$1,001-$15,000",1001,15000,False,
SYNCHRONY FINANCIAL PFD USD2 0625(8 25%) SERIES B,,,,,,,,Preferred & hybrid securities,Preferred / hybrid perpetual security issued by Synchrony Financial,1,"$1,001-$15,000",1001,15000,False,
SYNCHRONY FINANCIAL PFD USD2.0625(8.25%) SERIES B,Preferred & hybrid securities,"Series B preferred stock of consumer lender Synchrony Financial, paying 8.25%.",2,"$1,001-$15,000",2002,30000,False,,,,,,,,
SYNOPSYS INC CMN,,,,,,,,Common stock,Common stock of Synopsys Inc,7,"None | $1,001-$15,000",3003,45000,False,
SYNOPSYS INC. CMN,Common stock,"Common stock of Synopsys, a chip design software company",4,"$1,001-$15,000 | None | $15,001-$50,000",17003,80000,False,,,,,,,,
SYSCO CORPORATION CMN,Common stock,"Common stock of Sysco, a food distribution company",6,"$50,001-$100,000 | $15,001-$50,000 | $1,001-$15,000 | None",82005,230000,False,Common stock,"Common stock of Sysco, a food distribution company",6,"$15,001-$50,000 | $1,001-$15,000 | None",33005,145000,False,overlapping_reported_ranges
T MOBILE US INC CMN,,,,,,,,Common stock,Common stock of T Mobile US Inc,4,"$1,001-$15,000",4004,60000,False,
T MOBILE USA INC 2 4 % 03/15/2029 USD SER WI SR LIEN,,,,,,,,Preferred & hybrid securities,Preferred / hybrid perpetual security issued by T Mobile USA Inc 2 4 % 03/15/2029 USD SER WI SR Lien,1,"$15,001-$50,000",15001,50000,False,
T MOBILE USA INC 2 7% 03/15/2032 USD SER WI SR LIEN,,,,,,,,Preferred & hybrid securities,Preferred / hybrid perpetual security issued by T Mobile USA Inc 2 7% 03/15/2032 USD SER WI SR Lien,1,"$1,001-$15,000",1001,15000,False,
T ROWE PRICE GROUP INC CMN,,,,,,,,Common stock,Common stock of T Rowe Price Group Inc,2,"$1,001-$15,000",2002,30000,False,
T ROWE PRICE MID CAP GROWTH FUND CL I,Funds & ETFs,"Mutual fund investing in mid-sized growth companies, managed by T. Rowe Price",3,"$500,001-$1,000,000 | $250,001-$500,000",1250003,2500000,False,,,,,,,,
"T-MOBILE US, INC. CMN",Common stock,"Common stock of T-Mobile US, the wireless phone carrier.",3,"$1,001-$15,000",3003,45000,False,,,,,,,,
"T-MOBILE USA, INC. 2.4% 03/15/2029 USD SER WI SR LIEN",Preferred & hybrid securities,"Senior bond of wireless carrier T-Mobile USA, 2.4% coupon, due 03/15/2029",1,"$15,001-$50,000",15001,50000,False,,,,,,,,
"T-MOBILE USA, INC. 2.7% 03/15/2032 USD",Municipal & gov bonds,"Corporate bond of wireless carrier T-Mobile USA, 2.7% coupon, maturing March 2032",1,None,0,0,False,,,,,,,,
"T-MOBILE USA, INC. 2.7% 03/15/2032 USD SER WI SR LIEN",Preferred & hybrid securities,"Senior bond of wireless carrier T-Mobile — 2.7% coupon, matures March 2032",1,"$1,001-$15,000",1001,15000,False,,,,,,,,
"T-MOBILE USA, INC. 3.375% 04/15/2029 USD SR LIEN",Preferred & hybrid securities,"Senior bond of wireless carrier T-Mobile USA; 3.375% coupon, matures 2029.",1,"$1,001-$15,000",1001,15000,False,,,,,,,,
"T. ROWE PRICE GROUP, INC. CMN",Common stock,"Common stock of T. Rowe Price, a mutual fund and asset management company",3,"$1,001-$15,000 | None",2002,30000,False,,,,,,,,
TAIWAN SEMICONDUCTOR MFG ADS LTD ADS 1ADS EQUALS 5ORDS,Common stock,"American depositary shares of Taiwan Semiconductor (TSMC), a chip manufacturer; one ADS equals five ordinary shares",2,"None | $15,001-$50,000",15001,50000,False,Common stock,"American depositary shares of Taiwan Semiconductor (TSMC), a chip manufacturer; one ADS equals five ordinary shares",2,"$15,001-$50,000",30002,100000,False,overlapping_reported_ranges
TAKE TWO INTERACTIVE SOFTWARE INC,Common stock,"Common stock of Take-Two Interactive, the video game publisher behind Grand Theft Auto",3,"$1,001-$15,000",3003,45000,False,Common stock,"Common stock of Take-Two Interactive, the video game publisher behind Grand Theft Auto",2,"$1,001-$15,000 | None",1001,15000,False,overlapping_reported_ranges
TAKEDA PHARMACEUTICAL CO LTD SPONSORED ADR CMN,Common stock,"US-traded depositary receipts of Takeda Pharmaceutical, a Japanese drugmaker.",2,"None | $15,001-$50,000",15001,50000,False,Common stock,"US-traded depositary receipts of Takeda Pharmaceutical, a Japanese drugmaker.",1,"$15,001-$50,000",15001,50000,False,same_reported_range
TALLAHASSEE FLA CONS UTIL SYS REV 5% 10/01/24 AO,Municipal & gov bonds,"Tallahassee, Florida consolidated utility system revenue bond, 5% coupon, due 10/01/2024",1,None,0,0,False,,,,,,,,
TAPESTRY INC CMN,,,,,,,,Common stock,Common stock of Tapestry Inc,1,"$1,001-$15,000",1001,15000,False,
"TAPESTRY, INC. CMN",Common stock,"Common stock of Tapestry, parent of Coach and Kate Spade",3,"$1,001-$15,000 | None",1001,15000,False,,,,,,,,
TARGA RESOURCES CORP,Common stock,"Common stock of Targa Resources, a natural gas pipeline and processing company",3,"$1,001-$15,000",3003,45000,False,,,,,,,,
TARGET CORPORATION CMN,Common stock,"Common stock of Target, the discount retail chain.",6,"$15,001-$50,000 | $1,001-$15,000 | None",19005,110000,False,Common stock,"Common stock of Target, the discount retail chain.",6,"None | $1,001-$15,000",3003,45000,False,overlapping_reported_ranges
TE CONNECTIVITY CORPORATION CMN,Common stock,"Common stock of TE Connectivity, a maker of electronic connectors and sensors",2,"None | $1,001-$15,000",1001,15000,False,Common stock,"Common stock of TE Connectivity, a maker of electronic connectors and sensors",2,"$1,001-$15,000 | None",1001,15000,False,same_reported_range
TE CONNECTIVITY LTD CMN,Common stock,"Common stock of TE Connectivity, a maker of electronic connectors and sensors",2,None,0,0,False,,,,,,,,
TELEDYNE TECHNOLOGIES INCORPOR CMN,Common stock,"Common stock of Teledyne, a maker of sensors and aerospace instruments",3,None,0,0,False,Common stock,"Common stock of Teledyne, a maker of sensors and aerospace instruments",1,None,0,0,False,same_reported_range
TELEFLEX INC CMN,,,,,,,,Common stock,Common stock of Teleflex Inc,1,None,0,0,False,
TELEFLEX INC. CMN,Common stock,"Common stock of Teleflex, a medical device maker.",3,None,0,0,False,,,,,,,,
TELEFLEX INCORPORATED COM,,,,,,,,Common stock,Common stock of Teleflex Incorporated,2,"$1,001-$15,000",2002,30000,False,
TELUS CORPORATION HYBRID 10/15/2055 USD JRSUB LIEN CPN 06/27/25 6 625,,,,,,,,Preferred & hybrid securities,Preferred / hybrid perpetual security issued by Telus Corporation,1,"$1,001-$15,000",1001,15000,False,
TEMPLE TEX UTIL SYS REV REV 5 % 08/01/26 FA BDS 2025 BEO,,,,,,,,Municipal & gov bonds,Municipal / government bond,1,"$1,001-$15,000",1001,15000,False,
TENABLE HOLDINGS INC CMN,,,,,,,,Common stock,Common stock of Tenable Holdings Inc,3,"$1,001-$15,000 | $50,001-$100,000 | None",51002,115000,False,
TERADYNE INC CMN,Common stock,"Common stock of Teradyne, semiconductor test equipment maker",3,"$1,001-$15,000 | None",1001,15000,False,Common stock,"Common stock of Teradyne, semiconductor test equipment maker",2,"None | $15,001-$50,000",15001,50000,False,higher
TESLA INC CMN,,,,,,,,Common stock,Common stock of Tesla Inc,2,"$100,001-$250,000",200002,500000,False,
TESLA INC COM,,,,,,,,Common stock,Common stock of Tesla Inc,3,"$1,001-$15,000",3003,45000,False,
"TESLA, INC CMN",,,,,,,,Common stock,"Common stock of Tesla, the electric vehicle maker.",1,"$100,001-$250,000",100001,250000,False,
"TESLA, INC. CMN",Common stock,"Common stock of Tesla, the electric vehicle maker",3,"$100,001-$250,000",300003,750000,False,,,,,,,,
TEXAS INSTRUMENTS INC CMN,,,,,,,,Common stock,Common stock of Texas Instruments Inc,6,"$15,001-$50,000 | $1,001-$15,000 | None",47005,180000,False,
TEXAS INSTRUMENTS INC. CMN,Common stock,"Common stock of Texas Instruments, a semiconductor maker",6,"$50,001-$100,000 | $15,001-$50,000 | $1,001-$15,000",111006,315000,False,,,,,,,,
TEXAS ST DB 5 % 10/01/33 AO GEN OBLIG MOBILITY FD REF BDS 2025 UT BEO,,,,,,,,Municipal & gov bonds,Municipal / government bond,1,"$1,001-$15,000",1001,15000,False,
TEXAS TRANSN COMMN GO 5 / 04/01/31 AO,,,,,,,,Municipal & gov bonds,Municipal / government bond,1,None,0,0,False,
TEXAS TRANSN COMMN GO 5% 04/01/31 AO,Municipal & gov bonds,"Texas Transportation Commission general obligation bond; 5% coupon, matures April 2031.",1,None,0,0,False,,,,,,,,
TEXAS TRANSN COMMN GO 5% 04/01/31 AO HWY IMPT GO REF BDS 2024 UT BE,Municipal & gov bonds,"Texas Transportation Commission highway improvement general obligation refunding bond; 5%, due April 2031",1,"$15,001-$50,000",15001,50000,False,,,,,,,,
TEXAS TRANSN COMMN ST HWY FD REV 5% 10/01/24 AO,Municipal & gov bonds,"Texas Transportation Commission state highway fund revenue bond, 5%, maturing October 2024",1,None,0,0,False,,,,,,,,
THE BANK OF NOVA SCOTIA 4.5% 12/16/2025 USD,Municipal & gov bonds,"Bond of Bank of Nova Scotia (Scotiabank) — 4.5% coupon, maturing December 2025",1,None,0,0,False,,,,,,,,
THE BANK OF NOVA SCOTIA 4.5% 12/16/2025 USD SUB LIEN,Municipal & gov bonds,"Subordinated bond of Bank of Nova Scotia (Scotiabank); 4.5%, maturing December 2025.",2,"$1,001-$15,000",2002,30000,False,,,,,,,,
THE BANK OF NOVA SCOTIA LINKED TO BASKET OF INDICES UPSIDE LEVERED,Structured notes,"Bank of Nova Scotia structured note tied to a stock index basket, leveraged upside",2,"$100,001-$250,000 | $15,001-$50,000",115002,300000,False,Structured notes,"Bank of Nova Scotia structured note tied to a stock index basket, leveraged upside",1,"$50,001-$100,000",50001,100000,False,lower
THE BANK OF NOVA SCOTIA LINKED TO S&P 500 INDEX,Structured notes,Structured note issued by Scotiabank with returns linked to the S&P 500,5,None,0,0,False,,,,,,,,
THE BANK OF NOVA SCOTIA LINKED TO S&P 500 INDEX BUFFERED CAPPED BE,Structured notes,"Bank of Nova Scotia structured note tied to the S&P 500, buffered and capped",2,"$50,001-$100,000",100002,200000,False,,,,,,,,
THE BANK OF NOVA SCOTIA LINKED TO S&P 500 INDEX CNTNGNT CPN W BUFF,Structured notes,"Bank of Nova Scotia structured note tied to the S&P 500, contingent coupons with buffer.",8,"$15,001-$50,000 | $50,001-$100,000 | $100,001-$250,000",360008,900000,False,Structured notes,"Bank of Nova Scotia structured note tied to the S&P 500, contingent coupons with buffer.",10,"$15,001-$50,000 | $50,001-$100,000 | $250,001-$500,000 | $100,001-$250,000",695010,1550000,False,overlapping_reported_ranges
THE BANK OF NOVA SCOTIA LINKED TO S&P 500 INDEX UPSIDE LEVERED CAPP,Structured notes,"Scotiabank structured note tied to the S&P 500, with leveraged but capped upside",3,"$100,001-$250,000 | $50,001-$100,000",200003,450000,False,Structured notes,"Scotiabank structured note tied to the S&P 500, with leveraged but capped upside",3,"$50,001-$100,000 | $15,001-$50,000",115003,250000,False,overlapping_reported_ranges
THE BANK OF NY MELLON CORP CMN,Common stock,"Common stock of Bank of New York Mellon, a custody bank",3,"$1,001-$15,000 | None",2002,30000,False,Common stock,"Common stock of Bank of New York Mellon, a custody bank",2,"$1,001-$15,000 | None",1001,15000,False,overlapping_reported_ranges
THE CAMPBELL'S COMPANY CMN,,,,,,,,Common stock,Common stock of The Campbell's Company,1,"$1,001-$15,000",1001,15000,False,
THE CAMPBELLS COMPANY CMN,,,,,,,,Common stock,Common stock of The Campbells Company,1,None,0,0,False,
THE HERSHEY COMPANY CMN,Common stock,"Common stock of Hershey, the chocolate and confectionery maker",3,None,0,0,False,Common stock,"Common stock of Hershey, the chocolate and confectionery maker",1,None,0,0,False,same_reported_range
THE HOME DEPOT INC CMN,,,,,,,,Common stock,Common stock of The Home Depot Inc,6,"None | $15,001-$50,000",45003,150000,False,
"THE HOME DEPOT, INC. CMN",Common stock,"Common stock of Home Depot, the home improvement retailer.",6,"$15,001-$50,000 | $1,001-$15,000 | $50,001-$100,000 | None",131005,315000,False,,,,,,,,
THE KRAFT HEINZ CO CMN,Common stock,Common stock of packaged food company Kraft Heinz,3,"None | $1,001-$15,000",1001,15000,False,Common stock,Common stock of packaged food company Kraft Heinz,3,"$1,001-$15,000 | None",2002,30000,False,overlapping_reported_ranges
THE MAGNUM ICE CREAM COMPANY B CMN,,,,,,,,Common stock,Common stock of The Magnum ICE Cream Company B,1,None,0,0,False,
THE PROCTER & GAMBLE COMPANY CMN,Common stock,"Common stock of Procter & Gamble, the consumer products company",4,"$50,001-$100,000 | $15,001-$50,000",165004,350000,False,Common stock,"Common stock of Procter & Gamble, the consumer products company",4,"None | $15,001-$50,000",45003,150000,False,lower
THE PROGRESSIVE CORPORATION CMN,Common stock,"Common stock of Progressive, a major U.S. auto insurer",3,"$1,001-$15,000 | $15,001-$50,000",17003,80000,False,Common stock,"Common stock of Progressive, a major U.S. auto insurer",3,"$15,001-$50,000 | $1,001-$15,000",31003,115000,False,overlapping_reported_ranges
THE SOUTHERN CO CMN,,,,,,,,Common stock,Common stock of The Southern CO,1,"$1,001-$15,000",1001,15000,False,
THE SOUTHERN CO. CMN,Common stock,"Common stock of Southern Company, a large Southeastern U.S. electric utility",1,"$1,001-$15,000",1001,15000,False,,,,,,,,
THE TRAVELERS COMPANIES INC CMN,,,,,,,,Common stock,Common stock of The Travelers Companies Inc,3,"$1,001-$15,000",3003,45000,False,
"THE TRAVELERS COMPANIES, INC CMN",Common stock,"Common stock of Travelers, a property and casualty insurer",3,"$1,001-$15,000",3003,45000,False,,,,,,,,
"THE WILLIAMS COMPANIES, INC. 4.0% 09/15/2025 SR LIEN",Preferred & hybrid securities,"Senior bond of Williams Companies, a natural gas pipeline operator — 4%, maturing 2025",1,"$1,001-$15,000",1001,15000,False,,,,,,,,
THERMO FISHER SCIENTIFIC INC,,,,,,,,Common stock,Common stock of Thermo Fisher Scientific Inc,3,"$1,001-$15,000",3003,45000,False,
THERMO FISHER SCIENTIFIC INC CMN,Common stock,"Common stock of Thermo Fisher Scientific, a laboratory equipment and life-sciences company.",3,"$15,001-$50,000",45003,150000,False,Common stock,"Common stock of Thermo Fisher Scientific, a laboratory equipment and life-sciences company.",6,"$15,001-$50,000 | $1,001-$15,000",62006,230000,False,overlapping_reported_ranges
TIGER GLOBAL CROSSOVER ACCESS LLC CLASS A1 SERIES 1,Hedge funds & private funds,Access vehicle for a Tiger Global crossover fund investing in public and private companies,2,"$250,001-$500,000 | $500,001-$1,000,000",750002,1500000,False,Hedge funds & private funds,Access vehicle for a Tiger Global crossover fund investing in public and private companies,2,"$100,001-$250,000 | $250,001-$500,000",350002,750000,False,lower
TIGER GLOBAL CROSSOVER ACCESS LLC CLASS A1 SERIES 11,Hedge funds & private funds,Access vehicle for a Tiger Global crossover (public and private) investment fund,2,"$100,001-$250,000 | $250,001-$500,000",350002,750000,False,Hedge funds & private funds,Access vehicle for a Tiger Global crossover (public and private) investment fund,2,"$100,001-$250,000",200002,500000,False,overlapping_reported_ranges
TIGER GLOBAL CROSSOVER ACCESS LLC CLASS A1 SERIES 2,Hedge funds & private funds,Access vehicle into a Tiger Global crossover fund holding private and public technology companies,2,"$250,001-$500,000 | $500,001-$1,000,000",750002,1500000,False,Hedge funds & private funds,Access vehicle into a Tiger Global crossover fund holding private and public technology companies,2,"$100,001-$250,000",200002,500000,False,lower
TJX COMPANIES INC (NEW) CMN,Common stock,"Common stock of TJX Companies, the off-price retailer behind T.J. Maxx and Marshalls.",3,"$15,001-$50,000",45003,150000,False,Common stock,"Common stock of TJX Companies, the off-price retailer behind T.J. Maxx and Marshalls.",3,"$15,001-$50,000",45003,150000,False,same_reported_range
TOLEDO OHIO CITY SCH DIST GO 5% 12/01/24 JD,Municipal & gov bonds,"Toledo, Ohio city school district general obligation bond; 5%, due December 2024",1,None,0,0,False,,,,,,,,
TOLL BROTHERS INC CMN,,,,,,,,Common stock,Common stock of Toll Brothers Inc,2,"$1,001-$15,000",2002,30000,False,
TOLL BROTHERS. INC. CMN,Common stock,"Common stock of Toll Brothers, a luxury homebuilder",1,"$1,001-$15,000",1001,15000,False,,,,,,,,
TOPBUILD CORP CMN,,,,,,,,Common stock,Common stock of Topbuild Corp,2,"$1-$1,000",,,False,
TOPBUILD CORP. CMN,Common stock,"Common stock of TopBuild, an insulation installation and distribution company",1,"$1-$1,000",1,1000,False,,,,,,,,
TOPGOLF CALLAWAY BRANDS CORP CMN,Common stock,"Common stock of Topgolf Callaway Brands, golf equipment and entertainment company.",3,"$1,001-$15,000 | $15,001-$50,000",31003,115000,False,Common stock,"Common stock of Topgolf Callaway Brands, golf equipment and entertainment company.",1,None,0,0,False,lower
TORONTO DOMINION BANK LINKED TO BASKET OF INDICES UPSIDE LEVERED (,,,,,,,,Structured notes,Structured note by Toronto Dominion Bank — return linked to Basket of Indices Upside Levered (,1,"$15,001-$50,000",15001,50000,False,
TORONTO DOMINION BANK LINKED TO BASKET OF INDICES UPSIDE LEVERED C,Structured notes,"Toronto-Dominion Bank structured note tied to a stock index basket, leveraged upside",3,"$50,001-$100,000",150003,300000,False,Structured notes,"Toronto-Dominion Bank structured note tied to a stock index basket, leveraged upside",1,"$50,001-$100,000",50001,100000,False,lower
TORONTO DOMINION BANK LINKED TO S&P 500 INDEX,Structured notes,Structured note issued by TD Bank with returns linked to the S&P 500,3,None,0,0,False,Structured notes,Structured note issued by TD Bank with returns linked to the S&P 500,1,None,0,0,False,same_reported_range
TORONTO DOMINION BANK LINKED TO S&P 500 INDEX CNTNGNT CPN W BUFFE,Structured notes,"Toronto-Dominion Bank structured note tied to the S&P 500, contingent coupons with buffer",3,"$15,001-$50,000 | $50,001-$100,000 | $100,001-$250,000",165003,400000,False,Structured notes,"Toronto-Dominion Bank structured note tied to the S&P 500, contingent coupons with buffer",10,"$15,001-$50,000 | $250,001-$500,000 | $50,001-$100,000 | $100,001-$250,000",625010,1450000,False,higher
TORONTO DOMINION BANK LINKED TO S&P 500 INDEX UPSIDE LEVERED CAPPE,,,,,,,,Structured notes,Structured note by Toronto Dominion Bank — return linked to S&P 500 Index Upside Levered Cappe,5,"$15,001-$50,000 | $50,001-$100,000 | $100,001-$250,000",230005,550000,False,
TORONTO DOMINION BANK SER E NOTE,Structured notes,Series E note issued by Canadian bank Toronto-Dominion; specific terms not identifiable from name.,3,"$500,001-$1,000,000 | $250,001-$500,000",1250003,2500000,False,,,,,,,,
TORONTO-DOMINION BANK (THE) MTN 1 25% 09/10/2026 USD SER MTN SR LIEN,,,,,,,,Preferred & hybrid securities,Preferred / hybrid perpetual security issued by Toronto-dominion Bank (the) MTN 1 25% 09/10/2026 USD SER MTN SR Lien,2,"$15,001-$50,000 | $1,001-$15,000",16002,65000,False,
TORONTO-DOMINION BANK (THE) MTN 1.25% 09/10/2026 USD SR LIEN,Preferred & hybrid securities,"Senior medium-term note of TD Bank, a Canadian bank; 1.25%, due September 2026",2,"$15,001-$50,000 | $1,001-$15,000",16002,65000,False,,,,,,,,
TORONTO-DOMINION BANK (THE) MTN 3.2% 03/10/2032 USD,Municipal & gov bonds,"Medium-term note of Canada's Toronto-Dominion Bank, 3.2%, maturing March 2032",1,None,0,0,False,,,,,,,,
TORONTO-DOMINION BANK (THE) MTN 3.2% 03/10/2032 USD SR LIEN,Preferred & hybrid securities,"Senior note of Toronto-Dominion Bank — 3.2% coupon, maturing March 2032",1,"$1,001-$15,000",1001,15000,False,,,,,,,,
TORONTO-DOMINION BANK (THE) MTN 4 108% 06/08/2027 USD SR LIEN,,,,,,,,Preferred & hybrid securities,Preferred / hybrid perpetual security issued by Toronto-dominion Bank (the) MTN 4 108% 06/08/2027 USD SR Lien,1,"$1,001-$15,000",1001,15000,False,
TORONTO-DOMINION BANK (THE) MTN 4.108% 06/08/2027 USD SR LIEN,Preferred & hybrid securities,"Senior medium-term note of Toronto-Dominion Bank; 4.108% coupon, maturing June 2027.",1,"$1,001-$15,000",1001,15000,False,,,,,,,,
TORONTO-DOMINION BANK 1.25% 12/13/2024 USD,Municipal & gov bonds,"Bond of Toronto-Dominion Bank, 1.25% coupon, due 12/13/2024",1,None,0,0,False,,,,,,,,
TOTALENERGIES SE CMN,,,,,,,,Common stock,Common stock of Totalenergies SE,1,"$15,001-$50,000",15001,50000,False,
TOTALENERGIES SE SPONSORED ADR CMN,Common stock,"U.S.-traded shares (ADR) of TotalEnergies, the French oil and gas company",2,"None | $15,001-$50,000",15001,50000,False,,,,,,,,
TOYOTA MOTOR CORPORATION SPON ADR,,,,,,,,Common stock,Common stock of Toyota Motor Corporation Spon,1,"$15,001-$50,000",15001,50000,False,
TPG TECH ADJACENCIES ACCESS LLC,Hedge funds & private funds,"Access vehicle into TPG Tech Adjacencies, a technology-focused private equity fund",2,"$250,001-$500,000 | $1,000,001-$5,000,000",1250002,5500000,False,Hedge funds & private funds,"Access vehicle into TPG Tech Adjacencies, a technology-focused private equity fund",2,"$100,001-$250,000 | $250,001-$500,000",350002,750000,False,lower
TPG TECH ADJACENCIES II ACCESS LLC,Hedge funds & private funds,"Access vehicle for TPG Tech Adjacencies II, a private technology investment fund.",2,"$500,001-$1,000,000 | $1,000,001-$5,000,000",1500002,6000000,False,Hedge funds & private funds,"Access vehicle for TPG Tech Adjacencies II, a private technology investment fund.",2,"$250,001-$500,000 | $500,001-$1,000,000",750002,1500000,False,lower
TRACTOR SUPPLY COMPANY CMN,Common stock,"Common stock of Tractor Supply, a rural lifestyle and farm supplies retailer",3,"None | $1,001-$15,000",1001,15000,False,Common stock,"Common stock of Tractor Supply, a rural lifestyle and farm supplies retailer",3,"$1,001-$15,000",3003,45000,False,overlapping_reported_ranges
TRADE DESK INC (THE) CMN,,,,,,,,Common stock,Common stock of Trade Desk Inc (the),2,"None | $1,001-$15,000",1001,15000,False,
TRANE TECHNOLOGIES PUBLIC LIMI CMN,Common stock,"Common stock of Trane Technologies, a heating and air conditioning equipment maker",4,"$1,001-$15,000 | None | $100,001-$250,000",102003,280000,False,Common stock,"Common stock of Trane Technologies, a heating and air conditioning equipment maker",3,"$1,001-$15,000 | $15,001-$50,000",17003,80000,False,lower
TRG II ONSHORE (AII14),Hedge funds & private funds,Private investment fund (TRG II); manager and strategy not clearly identifiable from name.,1,"$1,001-$15,000",1001,15000,False,Hedge funds & private funds,Private investment fund (TRG II); manager and strategy not clearly identifiable from name.,1,"$1,001-$15,000",1001,15000,False,same_reported_range
TRIBOROUGH BRDG & TUNL AUTH N REV 5 % 05/15/28 MN Y PAYROLL MOBILITY,,,,,,,,Municipal & gov bonds,Municipal / government bond,1,"$1,001-$15,000",1001,15000,False,
TRIBOROUGH BRDG & TUNL AUTH N REV 5% 05/15/28 MN Y PAYROLL MOBILITY,Municipal & gov bonds,"New York Triborough Bridge and Tunnel Authority revenue bond — 5%, maturing May 2028",1,"$1,001-$15,000",1001,15000,False,,,,,,,,
TRIBOROUGH BRDG & TUNL AUTH NY REV 5 0000% 11/15/27 MN MTA BRIDGES A,,,,,,,,Municipal & gov bonds,"Municipal bond — Triborough Brdg & Tunl Auth NY, 0000% coupon",1,"$1,001-$15,000",1001,15000,False,
TRIBOROUGH BRDG & TUNL AUTH NY REV 5.0000% 11/15/27 MN MTA BRIDGES A,Municipal & gov bonds,"New York MTA Bridges and Tunnels toll revenue bond, 5%, due November 2027.",1,"$1,001-$15,000",1001,15000,False,,,,,,,,
TRIMBLE INC CMN,,,,,,,,Common stock,Common stock of Trimble Inc,2,"$1,001-$15,000 | None",1001,15000,False,
TRINITY RIVER AUTH TEX REGL REV 5% 08/01/25 FA,,,,,,,,Municipal & gov bonds,"Municipal bond — Trinity River Auth TEX Regl, 5% coupon, due 08/01/25, pays Feb/Aug",1,None,0,0,False,
TRUIST FINANCIAL CORP MTN 1.2% 08/05/2025 SR LIEN,Preferred & hybrid securities,"Senior medium-term note of Truist Financial, 1.2% coupon, due 08/05/2025",2,"$1,001-$15,000 | $15,001-$50,000",16002,65000,False,,,,,,,,
TRUIST FINANCIAL CORP MTN 1.2% 08/05/2025 USD,Municipal & gov bonds,"Medium-term note of Truist Financial, a regional bank; 1.2% coupon, due August 2025",1,None,0,0,False,,,,,,,,
TRUIST FINANCIAL CORPORATION CMN,Common stock,"Common stock of Truist Financial, a large U.S. regional bank",6,"None | $1,001-$15,000",2002,30000,False,Common stock,"Common stock of Truist Financial, a large U.S. regional bank",4,"$1,001-$15,000 | $50,001-$100,000",53004,145000,False,higher
TRUIST FINANCIAL CORPORATION HYBRID MTN 06/06/2028 USD SER MTN SR LI,,,,,,,,Preferred & hybrid securities,Preferred / hybrid perpetual security issued by Truist Financial Corporation,1,"$1,001-$15,000",1001,15000,False,
TRUIST FINANCIAL CORPORATION HYBRID MTN 06/06/2028 USD SR LIEN CPN 06,Preferred & hybrid securities,"Senior medium-term hybrid note of bank Truist Financial, maturing June 2028; name truncated.",1,"$1,001-$15,000",1001,15000,False,,,,,,,,
TRUIST FINANCIAL CORPORATION HYBRID PERPETUAL USD,Preferred & hybrid securities,"Truist Financial, a regional bank; perpetual preferred security with no set maturity",1,None,0,0,False,,,,,,,,
TRUIST FINANCIAL CORPORATION HYBRID PERPETUAL USD SER N JRSUB LIEN,Preferred & hybrid securities,Perpetual junior subordinated preferred security of regional bank Truist Financial,2,"$1,001-$15,000",2002,30000,False,Preferred & hybrid securities,Perpetual junior subordinated preferred security of regional bank Truist Financial,2,"$1,001-$15,000",2002,30000,False,same_reported_range
TRUIST FINANCIAL CORPORATION HYBRID PERPETUAL USD SER P JRSUB LIEN,Preferred & hybrid securities,"Perpetual junior subordinated preferred security issued by Truist Financial, Series P",2,"$1,001-$15,000",2002,30000,False,,,,,,,,
TRUIST FINANCIAL CORPORATION HYBRID PERPETUAL USD SER Q JRSUB LIEN,Preferred & hybrid securities,"Perpetual junior subordinated preferred security of Truist Financial, a large US bank; Series Q.",2,"$1,001-$15,000",2002,30000,False,Preferred & hybrid securities,"Perpetual junior subordinated preferred security of Truist Financial, a large US bank; Series Q.",2,"$1,001-$15,000",2002,30000,False,same_reported_range
TRUIST FINANCIAL CORPORATION PFD USD1 3125(5 25 %) SERIES O,,,,,,,,Preferred & hybrid securities,Preferred / hybrid perpetual security issued by Truist Financial Corporation,1,"$1-$1,000",1,1000,False,
TYLER TECHNOLOGIES INC CMN,,,,,,,,Common stock,Common stock of Tyler Technologies Inc,3,"$1,001-$15,000 | None",2002,30000,False,
"TYLER TECHNOLOGIES, INC. CMN",Common stock,"Common stock of Tyler Technologies, software provider for local governments",3,"$1,001-$15,000",3003,45000,False,,,,,,,,
TYSON FOODS INC CL A CMN CLASS A,,,,,,,,Common stock,Common stock of Tyson Foods Inc CL A,2,"$1,001-$15,000 | None",1001,15000,False,
TYSON FOODS INC CL-A CMN CLASS A,Common stock,"Class A common stock of Tyson Foods, the meat processor",1,"$1,001-$15,000",1001,15000,False,,,,,,,,
U S BANCORP CMN,,,,,,,,Common stock,Common stock of U S Bancorp,2,"$15,001-$50,000 | $1,001-$15,000",16002,65000,False,
U S BANCORP HYBRID PERPETUAL USD JRSUB LIEN CPN 10/26/21 3 7 %,,,,,,,,Preferred & hybrid securities,Preferred / hybrid perpetual security issued by U S Bancorp,1,"$1,001-$15,000",1001,15000,False,
U S BANCORP HYBRID PERPETUAL USD JRSUB LIEN CPN 10/26/21 3 7%,,,,,,,,Preferred & hybrid securities,Preferred / hybrid perpetual security issued by U S Bancorp,1,"$1,001-$15,000",1001,15000,False,
U S BANCORP HYBRID PERPETUAL USD SER J JRSUB LIEN CPN 02/13/17 5 3 %,,,,,,,,Preferred & hybrid securities,Preferred / hybrid perpetual security issued by U S Bancorp,2,"$1,001-$15,000",2002,30000,False,
U S BANCORP MTN 1 375 % 07/22/2030 USD SER MTN SR LIEN,,,,,,,,Preferred & hybrid securities,Preferred / hybrid perpetual security issued by U S Bancorp MTN 1 375 % 07/22/2030 USD SER MTN SR Lien,1,"$15,001-$50,000",15001,50000,False,
U S BANCORP MTN 3 0 % 07/30/2029 USD SER DMTN SUB LIEN,,,,,,,,Other,Reported asset or transaction line item — U S Bancorp MTN 3 0 % 07/30/2029 USD SER Dmtn SUB Lien,1,"$1,001-$15,000",1001,15000,False,
U S BANCORP PFD USD1 3750(5 50 /) SERIES K,,,,,,,,Preferred & hybrid securities,Preferred / hybrid perpetual security issued by U S Bancorp,1,"$1-$1,000",1,1000,False,
U S DOLLAR,Cash & deposits,U.S. dollar cash held in the account,6,"None | $1-$1,000 | $1,001-$15,000",1003,17000,False,Cash & deposits,U.S. dollar cash held in the account,6,"$1-$1,000 | None | $1,001-$15,000",1005,19000,False,overlapping_reported_ranges
U S TREASURY NOTE 4 000000% 02/29/2028 FA ON THE RUN,,,,,,,,Municipal & gov bonds,"Municipal bond — U S Treasury Note 4, 000000% coupon",1,"$100,001-$250,000",100001,250000,False,
U S TREASURY NOTE 4 875000 % 11/30/2025 MN,,,,,,,,Other,Reported asset or transaction line item — U S Treasury Note 4 875000 % 11/30/2025 MN,1,None,0,0,False,
U.S. BANCORP CMN,Common stock,"Common stock of U.S. Bancorp, the parent company of U.S. Bank.",3,"$15,001-$50,000 | None | $1,001-$15,000",16002,65000,False,,,,,,,,
U.S. BANCORP HYBRID PERPETUAL USD JRSUB LIEN CPN 10/26/21 3.7%,Preferred & hybrid securities,U.S. Bancorp perpetual junior subordinated preferred security; 3.7% coupon,2,"$1,001-$15,000",2002,30000,False,,,,,,,,
U.S. BANCORP HYBRID PERPETUAL USD SER J JRSUB LIEN CPN 02/13/17 5.3%,Preferred & hybrid securities,"Perpetual junior subordinated preferred security of U.S. Bancorp, coupon about 5.3%",2,"$1,001-$15,000",2002,30000,False,,,,,,,,
U.S. BANCORP MTN 1.375% 07/22/2030 USD SR LIEN,Preferred & hybrid securities,"Senior note of U.S. Bancorp — 1.375% coupon, maturing July 2030",1,"$15,001-$50,000",15001,50000,False,,,,,,,,
U.S. BANCORP MTN 3.0% 07/30/2029 USD SUB LIEN,Municipal & gov bonds,"Subordinated medium-term note of U.S. Bancorp; 3.0% coupon, maturing July 2029.",2,"$1,001-$15,000",2002,30000,False,,,,,,,,
U.S. TREASURY NOTE 4.000000% 02/29/2028 FA,Municipal & gov bonds,"U.S. Treasury note, 4% coupon, maturing 02/29/2028",1,None,0,0,False,,,,,,,,
U.S. TREASURY NOTE 4.000000% 02/29/2028 FA ON THE RUN,Municipal & gov bonds,"U.S. Treasury note, 4% coupon, maturing February 2028",1,"$100,001-$250,000",100001,250000,False,,,,,,,,
UBER TECHNOLOGIES INC CMN,,,,,,,,Common stock,Common stock of Uber Technologies Inc,3,"$15,001-$50,000 | $1,001-$15,000",31003,115000,False,
UBER TECHNOLOGIES INC COM,,,,,,,,Common stock,Common stock of Uber Technologies Inc,2,"$1,001-$15,000",2002,30000,False,
"UBER TECHNOLOGIES, INC. CMN",Common stock,"Common stock of Uber, the ride-hailing and delivery company",3,"$1,001-$15,000",3003,45000,False,,,,,,,,
UBS AG LINKED TO BASKET OF INDICES,Structured notes,"Structured note issued by UBS, linked to a basket of stock indices.",3,None,0,0,False,,,,,,,,
UBS AG LINKED TO BASKET OF INDICES UPSIDE LEVERED CAPPED W BUFFER,Structured notes,"UBS structured note tied to a basket of indices; leveraged capped upside, downside buffer",2,"$50,001-$100,000",100002,200000,False,Structured notes,"UBS structured note tied to a basket of indices; leveraged capped upside, downside buffer",2,"$15,001-$50,000 | $50,001-$100,000",65002,150000,False,overlapping_reported_ranges
UBS AG LINKED TO S&P 500 INDEX,Structured notes,UBS structured note tied to the S&P 500 index,4,None,0,0,False,,,,,,,,
UBS AG LINKED TO S&P 500 INDEX CNTNGNT CPN W BUFFER STRUCTURED NO,Structured notes,"UBS structured note tied to the S&P 500, contingent coupon with downside buffer",2,"$15,001-$50,000 | $100,001-$250,000",115002,300000,False,Structured notes,"UBS structured note tied to the S&P 500, contingent coupon with downside buffer",6,"$15,001-$50,000 | $100,001-$250,000 | $50,001-$100,000",465006,1150000,False,higher
UBS AG LINKED TO S&P 500 INDEX UPSIDE LEVERED CAPPED W BUFFER STRU,Structured notes,"UBS structured note tied to the S&P 500 — leveraged, capped upside with downside buffer.",3,"$100,001-$250,000 | $50,001-$100,000",200003,450000,False,Structured notes,"UBS structured note tied to the S&P 500 — leveraged, capped upside with downside buffer.",3,"$50,001-$100,000 | $15,001-$50,000",115003,250000,False,overlapping_reported_ranges
UBS GROUP AG CMN,Common stock,Common stock of Swiss global bank UBS,1,"$15,001-$50,000",15001,50000,False,Common stock,Common stock of Swiss global bank UBS,1,"$50,001-$100,000",50001,100000,False,higher
UDR INC CMN,Common stock,"Common stock of UDR, an apartment real estate investment trust",3,"$1,001-$15,000 | None",1001,15000,False,Common stock,"Common stock of UDR, an apartment real estate investment trust",2,"$1,001-$15,000 | $15,001-$50,000",16002,65000,False,higher
ULTA BEAUTY INC CMN,Common stock,"Common stock of Ulta Beauty, a cosmetics and beauty products retailer",3,"$1,001-$15,000 | None",1001,15000,False,Common stock,"Common stock of Ulta Beauty, a cosmetics and beauty products retailer",2,None,0,0,False,lower
ULTRA CLEAN HOLDINGS INC CMN,,,,,,,,Common stock,Common stock of Ultra Clean Holdings Inc,3,"$1,001-$15,000 | None",2002,30000,False,
"ULTRA CLEAN HOLDINGS, INC. CMN",Common stock,"Common stock of Ultra Clean Holdings, a semiconductor equipment subsystems maker",3,"$1,001-$15,000 | $15,001-$50,000",31003,115000,False,,,,,,,,
UNILEVER PLC (NEW) SPONSORED ADR CMN,Common stock,"American depositary shares of Unilever, the consumer goods company",2,"None | $15,001-$50,000",15001,50000,False,,,,,,,,
UNILEVER PLC SPONSORED ADR CMN,,,,,,,,Common stock,Common stock of Unilever PLC,1,"$15,001-$50,000",15001,50000,False,
UNION PAC CORP COM,Common stock,"Common stock of Union Pacific, a major freight railroad",3,"$1,001-$15,000",3003,45000,False,Common stock,"Common stock of Union Pacific, a major freight railroad",3,"$1,001-$15,000",3003,45000,False,same_reported_range
UNION PACIFIC CORP CMN,,,,,,,,Common stock,Common stock of Union Pacific Corp,3,None,0,0,False,
UNION PACIFIC CORP JSE UNPI INT EQTY DN CASH BASE,,,,,,,,Cash & deposits,Cash or bank deposit,6,"$15,001-$50,000 | $1,001-$15,000",48006,195000,False,
UNION PACIFIC CORP. CMN,Common stock,"Common stock of Union Pacific, the freight railroad.",6,"$15,001-$50,000 | $1,001-$15,000",76006,265000,False,,,,,,,,
UNITED AIRLINES HOLDINGS INC CMN,Common stock,Common stock of airline operator United Airlines Holdings,3,"$1,001-$15,000 | None",1001,15000,False,Common stock,Common stock of airline operator United Airlines Holdings,2,"None | $1,001-$15,000",1001,15000,False,same_reported_range
UNITED INDPT SCH DIST TEX GO 5% 08/15/33 FA,Municipal & gov bonds,"United Independent School District, Texas general obligation bond, 5%, due August 2033",1,None,0,0,False,,,,,,,,
UNITED INDPT SCH DIST TEX GO 5% 08/15/33 FA ULTD TAX REF BDS 2015 PRER,Municipal & gov bonds,"United Independent School District (Texas) general obligation refunding bond — 5% coupon, due August 2033",1,"$100,001-$250,000",100001,250000,False,,,,,,,,
UNITED PARCEL SERVICE INC CLASS B COMMON STOCK,,,,,,,,Common stock,Common stock of United Parcel Service Inc,2,"$1,001-$15,000",2002,30000,False,
"UNITED PARCEL SERVICE, INC CLASS B COMMON STOCK",,,,,,,,Common stock,"Class B common stock of UPS, the package delivery company.",1,"$1,001-$15,000",1001,15000,False,
"UNITED PARCEL SERVICE, INC. CLASS B COMMON STOCK",Common stock,"Class B common stock of United Parcel Service, the package delivery company",4,"None | $1,001-$15,000 | $15,001-$50,000",17003,80000,False,,,,,,,,
UNITED RENTALS INC CMN,,,,,,,,Common stock,Common stock of United Rentals Inc,4,"$1,001-$15,000 | $15,001-$50,000",18004,95000,False,
"UNITED RENTALS, INC. CMN",Common stock,"Common stock of United Rentals, a construction equipment rental company",3,"$1,001-$15,000",3003,45000,False,,,,,,,,
UNITED STATES STEEL CORP CMN,Common stock,"Common stock of United States Steel, a steel producer.",2,None,0,0,False,,,,,,,,
UNITEDHEALTH GROUP INC,Common stock,"Common stock of UnitedHealth Group, health insurance and care services company",3,"$15,001-$50,000 | $1,001-$15,000",31003,115000,False,Common stock,"Common stock of UnitedHealth Group, health insurance and care services company",3,"$1,001-$15,000",3003,45000,False,overlapping_reported_ranges
UNITEDHEALTH GROUP INCORPORATE CMN,Common stock,"Common stock of UnitedHealth Group, the health insurer",4,"$50,001-$100,000",200004,400000,False,Common stock,"Common stock of UnitedHealth Group, the health insurer",4,"None | $15,001-$50,000",45003,150000,False,lower
UNITY SOFTWARE INC. CMN,Common stock,"Common stock of Unity Software, maker of a video game development platform",2,None,0,0,False,,,,,,,,
UNIVERSAL HEALTH SVC CL B CMN CLASS B,,,,,,,,Common stock,Common stock of Universal Health SVC CL B,2,None,0,0,False,
UNIVERSITY AKRON OHIO GEN REV 5% 01/01/26 JJ,Municipal & gov bonds,"University of Akron, Ohio general receipts revenue bond; 5% coupon, matures January 2026.",1,None,0,0,False,,,,,,,,
UNIVERSITY AKRON OHIO GEN REV 5% 01/01/26 JJ RCPTS BDS 2015A PRERE 01,Municipal & gov bonds,"University of Akron, Ohio general revenue bond; 5%, due January 2026, pre-refunded",1,"$1,001-$15,000",1001,15000,False,,,,,,,,
UNIVERSITY CINCINNATI OHIO GEN REV 5% 06/01/24 JD,Municipal & gov bonds,"University of Cincinnati general receipts revenue bond, 5%, maturing June 2024",1,None,0,0,False,,,,,,,,
UNIVERSITY CINCINNATI OHIO GEN REV 5% 06/01/26 JD RCPTS BDS 2019 A BEO,,,,,,,,Municipal & gov bonds,"Municipal bond — University Cincinnati Ohio GEN, 5% coupon",1,"$15,001-$50,000",15001,50000,False,
UNIVERSITY CINCINNATI OHIO GEN REV 5.0000% 06/01/24 JD,Municipal & gov bonds,"University of Cincinnati general receipts revenue bond — 5% coupon, maturing June 2024",1,None,0,0,False,,,,,,,,
UNIVERSITY MICH UNIV REVS REV 5% 04/01/26 AO GENERAL REVENUE BONDS,,,,,,,,Municipal & gov bonds,"Municipal bond — University Mich Univ Revs, 5% coupon",1,"$1,001-$15,000",1001,15000,False,
UPPER ARLINGTON OHIO CITY SCH GO 5.0000% 12/01/48-CA JD DIST GO ULTD,Municipal & gov bonds,"Upper Arlington, Ohio city school district general obligation bond, 5%, due December 2048.",1,"$15,001-$50,000",15001,50000,False,,,,,,,,
URBAN OUTFITTERS INC CMN,Common stock,Common stock of apparel retailer Urban Outfitters,2,None,0,0,False,,,,,,,,
US BANCORP MTN 3.95% 11/17/2025 USD,Municipal & gov bonds,"Medium-term note of U.S. Bancorp, 3.95% coupon, maturing November 2025",1,None,0,0,False,,,,,,,,
UTAH TRAN AUTH SALES TAX REV REV 5.0000% 06/15/25 JD,Municipal & gov bonds,"Utah Transit Authority sales tax revenue bond — 5% coupon, matures June 2025",1,None,0,0,False,,,,,,,,
UTAH TRAN AUTH SALES TAX REV REV 5.0000% 06/15/25 JD SALES TAX REVENU,Municipal & gov bonds,"Utah Transit Authority sales tax revenue bond; 5% coupon, matures June 2025.",1,"$15,001-$50,000",15001,50000,False,,,,,,,,
UTIL DEBT SECURTZTION AUTH NY REV 5 0000 / 06/15/28-CA JD RESTRUCTURI,,,,,,,,Municipal & gov bonds,Municipal / government bond,1,"$1,001-$15,000",1001,15000,False,
UTIL DEBT SECURTZTION AUTH NY REV 5.0000% 06/15/28-CA JD RESTRUCTURI,Municipal & gov bonds,"New York Utility Debt Securitization Authority restructuring revenue bond; 5%, due June 2028",1,"$1,001-$15,000",1001,15000,False,,,,,,,,
VA COMWLTH TRANSN BRD TRANSN REV 5% 05/15/24 MN,Municipal & gov bonds,"Virginia Commonwealth Transportation Board revenue bond, 5%, maturing May 2024",1,None,0,0,False,,,,,,,,
VANGUARD MID-CAP GROWTH FUND,Funds & ETFs,Vanguard mutual fund investing in mid-sized growth companies,3,"$250,001-$500,000 | $100,001-$250,000",600003,1250000,False,,,,,,,,
VANGUARD MID-CAP GROWTH INDEX FUND,,,,,,,,Funds & ETFs,Investment fund — Vanguard Mid-cap Growth Index Fund,3,"$250,001-$500,000",750003,1500000,False,
VANGUARD SPECIALIZED FUNDS DIV APP,Funds & ETFs,"Vanguard Dividend Appreciation fund, holding US companies with records of growing dividends.",3,"$250,001-$500,000 | $100,001-$250,000",600003,1250000,False,,,,,,,,
VANGUARD SPECIALIZED FUNDS DIV APP ETF,Funds & ETFs,"Vanguard Dividend Appreciation ETF, tracking U.S. stocks with growing dividends",2,"$100,001-$250,000",200002,500000,False,Funds & ETFs,"Vanguard Dividend Appreciation ETF, tracking U.S. stocks with growing dividends",10,"$100,001-$250,000 | $50,001-$100,000 | $500,001-$1,000,000 | $250,001-$500,000",3000010,6100000,False,higher
VANGUARD SPECIALIZED PORTFOLIO VANGUARD DIVIDEND APPRECIATION MU,Funds & ETFs,"Vanguard Dividend Appreciation mutual fund, holding stocks with growing dividends",1,"$5,000,001-$25,000,000",5000001,25000000,False,Funds & ETFs,"Vanguard Dividend Appreciation mutual fund, holding stocks with growing dividends",1,"$1,000,001-$5,000,000",1000001,5000000,False,lower
VARONIS SYSTEMS INC CMN,,,,,,,,Common stock,Common stock of Varonis Systems Inc,1,None,0,0,False,
VENTAS INC CMN,,,,,,,,Common stock,Common stock of Ventas Inc,2,"$1,001-$15,000 | None",1001,15000,False,
"VENTAS, INC. CMN",Common stock,"Common stock of Ventas, a healthcare and senior housing REIT",3,None,0,0,False,,,,,,,,
VERALTO CORPORATION CMN,Common stock,"Common stock of Veralto, a water analytics and product identification company spun off from Danaher.",3,"$1,001-$15,000 | None",2002,30000,False,Common stock,"Common stock of Veralto, a water analytics and product identification company spun off from Danaher.",3,"$1,001-$15,000 | None",2002,30000,False,same_reported_range
"VERISIGN, INC. CMN",Common stock,"Common stock of VeriSign, the internet domain name registry operator",3,None,0,0,False,,,,,,,,
VERISK ANALYTICS INC CMN,,,,,,,,Common stock,Common stock of Verisk Analytics Inc,3,"$1,001-$15,000 | None",2002,30000,False,
"VERISK ANALYTICS, INC. CMN",Common stock,"Common stock of Verisk Analytics, an insurance data and analytics company",3,"$1,001-$15,000",3003,45000,False,,,,,,,,
VERIZON COMMUNICATIONS INC,,,,,,,,Common stock,Common stock of Verizon Communications Inc,2,"$1,001-$15,000",2002,30000,False,
VERIZON COMMUNICATIONS INC 4 016% 12/03/2029 USD SER WI SR LIEN,,,,,,,,Preferred & hybrid securities,Preferred / hybrid perpetual security issued by Verizon Communications Inc 4 016% 12/03/2029 USD SER WI SR Lien,2,"$15,001-$50,000 | $1,001-$15,000",16002,65000,False,
VERIZON COMMUNICATIONS INC CMN,,,,,,,,Common stock,Common stock of Verizon Communications Inc,4,"$15,001-$50,000 | $1,001-$15,000 | None",17003,80000,False,
VERIZON COMMUNICATIONS INC. CMN,Common stock,"Common stock of Verizon, a telecommunications and wireless carrier",3,"$1,001-$15,000",3003,45000,False,,,,,,,,
"VERIZON COMMUNICATIONS, INC. 4.016% 12/03/2029 USD",Municipal & gov bonds,"Bond of Verizon Communications, the telecom carrier; 4.016% coupon, maturing December 2029.",1,None,0,0,False,,,,,,,,
"VERIZON COMMUNICATIONS, INC. 4.016% 12/03/2029 USD SER WI SR LIEN",Preferred & hybrid securities,"Senior bond of Verizon Communications, 4.016% coupon, due 12/03/2029",2,"$15,001-$50,000 | $1,001-$15,000",16002,65000,False,,,,,,,,
"VERIZON COMMUNICATIONS, INC. 4.329% 09/21/2028 USD SER WI SR LIEN",Preferred & hybrid securities,"Corporate bond of telecom carrier Verizon, 4.329% coupon, maturing September 2028",1,"$1,001-$15,000",1001,15000,False,,,,,,,,
"VERIZON COMMUNICATIONS, INC. CMN",Common stock,"Common stock of Verizon, a major U.S. telecommunications carrier",3,None,0,0,False,,,,,,,,
VERMONT ST GO 5% 08/15/24 FA,Municipal & gov bonds,"State of Vermont general obligation bond; 5% coupon, matures August 2024.",1,None,0,0,False,,,,,,,,
VERSUS CAPITAL REAL ASSETS,Funds & ETFs,"Versus Capital fund investing in real assets such as infrastructure, timberland, and farmland",3,"$15,001-$50,000 | $1,001-$15,000",31003,115000,False,,,,,,,,
VERTEX PHARMACEUTICALS INCORPO CMN,Common stock,"Common stock of Vertex Pharmaceuticals, a biotechnology company",3,"$15,001-$50,000 | $1,001-$15,000",17003,80000,False,Common stock,"Common stock of Vertex Pharmaceuticals, a biotechnology company",3,"$1,001-$15,000",3003,45000,False,overlapping_reported_ranges
VERTIV HOLDINGS LLC CMN,Common stock,"Common stock of Vertiv, a data center power and cooling equipment maker",1,"$50,001-$100,000",50001,100000,False,,,,,,,,
VERTIV HOLDINGS LLC CMN CLASS A,,,,,,,,Common stock,Common stock of Vertiv Holdings LLC,2,"None | $15,001-$50,000",15001,50000,False,
VF CORP CMN,Common stock,"Common stock of VF Corporation, apparel maker behind The North Face and Vans.",1,None,0,0,False,,,,,,,,
VIATRIS INC CMN,Common stock,"Common stock of Viatris, generic and off-patent drug maker",3,"$1,001-$15,000 | None",2002,30000,False,Common stock,"Common stock of Viatris, generic and off-patent drug maker",3,"None | $1,001-$15,000",2002,30000,False,same_reported_range
VICI PROPERTIES INC CMN,,,,,,,,Common stock,Common stock of Vici Properties Inc,3,"None | $1,001-$15,000",1001,15000,False,
VICI PROPERTIES INC. CMN,Common stock,"Common stock of VICI Properties, a casino real estate investment trust",3,"None | $1,001-$15,000",1001,15000,False,,,,,,,,
VINCI SA ADR CMN,Common stock,"American depositary shares of Vinci, a French construction and infrastructure group",1,"$15,001-$50,000",15001,50000,False,Common stock,"American depositary shares of Vinci, a French construction and infrastructure group",1,"$15,001-$50,000",15001,50000,False,same_reported_range
VINTAGE IV LP,Hedge funds & private funds,"Goldman Sachs Vintage IV, a private equity secondaries fund partnership.",1,"$50,001-$100,000",50001,100000,False,Hedge funds & private funds,"Goldman Sachs Vintage IV, a private equity secondaries fund partnership.",1,"$1,001-$15,000",1001,15000,False,lower
VINTAGE VIII/WEST STREET CAPITAL PARTNERS VIII ACCESS LP,Hedge funds & private funds,Private fund providing access to Goldman Sachs Vintage and West Street private equity funds,2,"$500,001-$1,000,000 | $1,000,001-$5,000,000",1500002,6000000,False,Hedge funds & private funds,Private fund providing access to Goldman Sachs Vintage and West Street private equity funds,2,"$250,001-$500,000 | $500,001-$1,000,000",750002,1500000,False,lower
VINTAGE X (FLAGSHIP) LP,,,,,,,,Hedge funds & private funds,Private fund / partnership interest — Vintage X (flagship) LP,1,None,0,0,False,
VISA INC,Common stock,"Common stock of Visa, the payments network company",3,"$15,001-$50,000 | $1,001-$15,000",31003,115000,False,Common stock,"Common stock of Visa, the payments network company",3,"$1,001-$15,000 | $15,001-$50,000",17003,80000,False,overlapping_reported_ranges
VISA INC CMN CLASS A,,,,,,,,Common stock,Common stock of Visa Inc,10,"$1,001-$15,000 | None | $50,001-$100,000",153006,345000,False,
VISA INC. CMN CLASS A,Common stock,"Class A common stock of Visa, the global payments network",6,"$15,001-$50,000 | $1,001-$15,000 | $50,001-$100,000",132006,330000,False,,,,,,,,
VODAFONE GROUP PLC ADR CMN,Common stock,"US-traded depositary receipts of Vodafone Group, a British telecommunications company.",2,None,0,0,False,,,,,,,,
VODAFONE GROUP PUBLIC LIMITED HYBRID 04/04/2079 USD SUB LIEN CPN 04/0,Preferred & hybrid securities,"Long-dated subordinated hybrid note of British telecom Vodafone, due 04/04/2079",2,"$1,001-$15,000",2002,30000,False,Preferred & hybrid securities,"Long-dated subordinated hybrid note of British telecom Vodafone, due 04/04/2079",2,"$1,001-$15,000",2002,30000,False,same_reported_range
VORNADO REALTY TRUST CMN,Common stock,"Common stock of Vornado Realty Trust, a New York office REIT",1,None,0,0,False,,,,,,,,
VOYA FINANCIAL INC HYBRID PERPETUAL USD SER A SR LIEN CPN 09/12/18 7,,,,,,,,Preferred & hybrid securities,Preferred / hybrid perpetual security issued by Voya Financial Inc,1,"$1,001-$15,000",1001,15000,False,
"VOYA FINANCIAL, INC HYBRID PERPETUAL USD SER A SR LIEN CPN 09/12/18 7",,,,,,,,Preferred & hybrid securities,"Preferred / hybrid perpetual security issued by Voya Financial, Inc",1,"$1,001-$15,000",1001,15000,False,
"VOYA FINANCIAL, INC. HYBRID PERPETUAL USD SER A SR LIEN CPN 09/12/18 7.",Preferred & hybrid securities,"Perpetual preferred-type security of insurer Voya Financial, Series A",2,"$1,001-$15,000",2002,30000,False,,,,,,,,
VULCAN MATERIALS CO CMN,Common stock,"Common stock of Vulcan Materials, a producer of construction aggregates.",3,"$1,001-$15,000 | None",2002,30000,False,Common stock,"Common stock of Vulcan Materials, a producer of construction aggregates.",3,"$1,001-$15,000",3003,45000,False,overlapping_reported_ranges
W R BERKLEY CORPORATION CMN,,,,,,,,Common stock,Common stock of W R Berkley Corporation,2,"$1,001-$15,000",2002,30000,False,
W R. BERKLEY CORPORATION CMN,,,,,,,,Common stock,Common stock of W R. Berkley Corporation,1,"$15,001-$50,000",15001,50000,False,
W W GRAINGER INC CMN,,,,,,,,Common stock,Common stock of W W Grainger Inc,3,"$1,001-$15,000",3003,45000,False,
W.R. BERKLEY CORPORATION CMN,Common stock,"Common stock of W.R. Berkley, a commercial insurance company",3,"None | $1,001-$15,000",1001,15000,False,,,,,,,,
W.W. GRAINGER INC CMN,Common stock,"Common stock of W.W. Grainger, an industrial supplies distributor",3,"None | $1,001-$15,000",1001,15000,False,,,,,,,,
WADSWORTH OHIO INCOME TAX REV REV 4% 12/01/24 JD,Municipal & gov bonds,"Wadsworth, Ohio income tax revenue bond — 4% coupon, maturing December 2024",1,None,0,0,False,,,,,,,,
WALGREENS BOOTS ALLIANCE INC CMN,,,,,,,,Common stock,Common stock of Walgreens Boots Alliance Inc,1,None,0,0,False,
"WALGREENS BOOTS ALLIANCE, INC. CMN",Common stock,"Common stock of Walgreens Boots Alliance, the drugstore chain.",3,"None | $1,001-$15,000",1001,15000,False,,,,,,,,
WALMART INC CMN,Common stock,Common stock of retail giant Walmart,3,"$50,001-$100,000 | $15,001-$50,000",80003,200000,False,Common stock,Common stock of retail giant Walmart,4,"$15,001-$50,000 | $50,001-$100,000",130004,300000,False,overlapping_reported_ranges
WALMART INC COM,,,,,,,,Common stock,Common stock of Walmart Inc,3,"$1,001-$15,000",3003,45000,False,
WALT DISNEY COMPANY (THE) 2.65% 01/13/2031 USD,Municipal & gov bonds,"Corporate bond of Walt Disney, 2.65% coupon, maturing January 2031",1,None,0,0,False,,,,,,,,
WALT DISNEY COMPANY (THE) 2.65% 01/13/2031 USD SR LIEN,Preferred & hybrid securities,"Senior corporate bond of Walt Disney — 2.65% coupon, matures January 2031",1,"$15,001-$50,000",15001,50000,False,Preferred & hybrid securities,"Senior corporate bond of Walt Disney — 2.65% coupon, matures January 2031",1,"$15,001-$50,000",15001,50000,False,same_reported_range
WALT DISNEY COMPANY (THE) CMN,Common stock,"Common stock of Walt Disney, the entertainment and media company.",5,"$15,001-$50,000 | $50,001-$100,000 | $100,001-$250,000 | $1,001-$15,000",181005,465000,False,Common stock,"Common stock of Walt Disney, the entertainment and media company.",6,"$15,001-$50,000 | None | $50,001-$100,000 | $1,001-$15,000",82005,230000,False,overlapping_reported_ranges
WARNER BROS DISCOVERY INC CMN,Common stock,"Common stock of Warner Bros. Discovery, a media and entertainment company",3,"$1,001-$15,000 | None",2002,30000,False,Common stock,"Common stock of Warner Bros. Discovery, a media and entertainment company",1,None,0,0,False,lower
WARNER BROS DISCOVERY INC CMN CLASS A,,,,,,,,Common stock,Common stock of Warner Bros Discovery Inc,3,"$1,001-$15,000 | $15,001-$50,000",17003,80000,False,
WASHINGTON D C MET AREA TRAN REV 5% 07/15/29 JJ AUTH DEDICATED REV B,,,,,,,,Municipal & gov bonds,"Municipal bond — Washington D C MET Area Tran, 5% coupon",1,"$15,001-$50,000",15001,50000,False,
WASHINGTON ST GO 5% 08/01/31 FA,Municipal & gov bonds,"State of Washington general obligation bond, 5%, maturing August 2031",1,None,0,0,False,,,,,,,,
WASHINGTON ST GO 5% 08/01/31 FA VAR PURP GO REF BDS R 2023 A UT BEO,,,,,,,,Municipal & gov bonds,"Municipal bond — Washington ST, 5% coupon",1,"$1,001-$15,000",1001,15000,False,
WASHINGTON ST GO 5% 08/01/31 FA VAR PURP GO REF BDS R-2023 A UT BEO,Municipal & gov bonds,"State of Washington general obligation refunding bond — 5% coupon, maturing August 2031",1,"$15,001-$50,000",15001,50000,False,,,,,,,,
WASHINGTON ST UNIV REVS REV 1 6890 / 10/01/26 AO TAXABLE GEN REF BDS,,,,,,,,Municipal & gov bonds,Municipal / government bond,1,"$15,001-$50,000",15001,50000,False,
WASHINGTON ST UNIV REVS REV 1.6890% 10/01/26 AO TAXABLE GEN REF BDS,Municipal & gov bonds,"Washington State University taxable general revenue refunding bond, 1.689%, due October 2026.",1,"$15,001-$50,000",15001,50000,False,,,,,,,,
WASHOE CNTY NEV SALES TAX REV REV 5% 12/01/24 JD,Municipal & gov bonds,"Washoe County, Nevada sales tax revenue bond, 5% coupon, due 12/01/2024",1,None,0,0,False,,,,,,,,
WASTE CONNECTIONS INC 3 2% 06/01/2032 USD SR LIEN,,,,,,,,Preferred & hybrid securities,Preferred / hybrid perpetual security issued by Waste Connections Inc 3 2% 06/01/2032 USD SR Lien,1,"$1,001-$15,000",1001,15000,False,
WASTE CONNECTIONS INC 3.2% 06/01/2032 USD,Municipal & gov bonds,"Corporate bond of Waste Connections, a trash collection company; 3.2%, due June 2032",2,None,0,0,False,,,,,,,,
WASTE CONNECTIONS INC 3.2% 06/01/2032 USD SR LIEN,Preferred & hybrid securities,"Senior bond of waste hauler Waste Connections — 3.2% coupon, matures June 2032",2,"$1,001-$15,000",2002,30000,False,,,,,,,,
WASTE MANAGEMENT INC CMN,Common stock,"Common stock of Waste Management, the trash collection and recycling company.",6,"$15,001-$50,000 | $1,001-$15,000",62006,230000,False,Common stock,"Common stock of Waste Management, the trash collection and recycling company.",6,"$15,001-$50,000 | $1,001-$15,000 | None",47005,180000,False,overlapping_reported_ranges
WATERS CORPORATION COMMON STOCK,Common stock,"Common stock of Waters Corporation, a laboratory instruments and analytics maker",1,"$1,001-$15,000",1001,15000,False,Common stock,"Common stock of Waters Corporation, a laboratory instruments and analytics maker",2,"$1,001-$15,000 | None",1001,15000,False,same_reported_range
WAYNE OHIO LOC SCH DIST WARREN GO 5 % 12/01/25 JD,,,,,,,,Municipal & gov bonds,Municipal / government bond,1,None,0,0,False,
WEC ENERGY GROUP INC CMN,,,,,,,,Common stock,Common stock of WEC Energy Group Inc,1,"$1,001-$15,000",1001,15000,False,
"WEC ENERGY GROUP, INC. CMN",Common stock,"Common stock of WEC Energy Group, a Wisconsin-based electric and gas utility",1,"$1,001-$15,000",1001,15000,False,,,,,,,,
WELLS FARGO & CO (NEW) CMN,Common stock,"Common stock of Wells Fargo, a major U.S. bank",4,None,0,0,False,,,,,,,,
WELLS FARGO & COMPANY CMN,Common stock,"Common stock of Wells Fargo, a major US bank.",6,"$15,001-$50,000 | $1,001-$15,000 | None",61005,215000,False,Common stock,"Common stock of Wells Fargo, a major US bank.",6,"None | $15,001-$50,000",45003,150000,False,overlapping_reported_ranges
WELLS FARGO & COMPANY HYBRID PERPETUAL,Preferred & hybrid securities,Perpetual preferred-style hybrid security issued by Wells Fargo,1,None,0,0,False,,,,,,,,
WELLS FARGO & COMPANY HYBRID PERPETUAL USD JRSUB LIEN CPN 07/23/24,Preferred & hybrid securities,Perpetual junior subordinated preferred security issued by Wells Fargo,2,"$1,001-$15,000",2002,30000,False,Preferred & hybrid securities,Perpetual junior subordinated preferred security issued by Wells Fargo,2,"$1,001-$15,000",2002,30000,False,same_reported_range
WELLS FARGO & COMPANY HYBRID PERPETUAL USD JRSUB LIEN CPN 07/24/23,Preferred & hybrid securities,Perpetual junior-subordinated preferred security issued by Wells Fargo,2,"$1,001-$15,000",2002,30000,False,Preferred & hybrid securities,Perpetual junior-subordinated preferred security issued by Wells Fargo,2,"$1,001-$15,000",2002,30000,False,same_reported_range
WELLS FARGO & COMPANY HYBRID PERPETUAL USD SER BB JRSUB LIEN CPN,Preferred & hybrid securities,"Perpetual junior subordinated preferred-style security of Wells Fargo, Series BB; name truncated.",2,"$1,001-$15,000",2002,30000,False,Preferred & hybrid securities,"Perpetual junior subordinated preferred-style security of Wells Fargo, Series BB; name truncated.",2,"$1,001-$15,000",2002,30000,False,same_reported_range
WELLS FARGO & COMPANY HYBRID PERPETUAL USD SER U SUB LIEN CPN 01/2,Preferred & hybrid securities,"Wells Fargo perpetual subordinated preferred security, Series U",1,"$1,001-$15,000",1001,15000,False,,,,,,,,
WELLS FARGO CO NEW COM,,,,,,,,Common stock,Common stock of Wells Fargo CO New,3,"$1,001-$15,000",3003,45000,False,
WELLTOWER INC CMN,,,,,,,,Common stock,Common stock of Welltower Inc,3,"$1,001-$15,000",3003,45000,False,
"WELLTOWER, INC. CMN",Common stock,"Common stock of Welltower, a senior housing and healthcare property company",3,"$1,001-$15,000",3003,45000,False,,,,,,,,
WEST PHARMACEUTICAL SERVICES INC,Common stock,"Common stock of West Pharmaceutical Services, maker of drug packaging and delivery components",3,"$1,001-$15,000 | None",1001,15000,False,Common stock,"Common stock of West Pharmaceutical Services, maker of drug packaging and delivery components",2,"$1,001-$15,000",2002,30000,False,overlapping_reported_ranges
WEST STREET CAPITAL PARTNERS CO-INVEST A SLP,,,,,,,,Hedge funds & private funds,Private fund / partnership interest — West Street Capital Partners Co-invest A SLP,1,"$250,001-$500,000",250001,500000,False,
"WEST STREET CAPITAL PARTNERS CO-INVEST A, SLP",Hedge funds & private funds,Goldman Sachs West Street private-equity co-investment partnership.,2,"$500,001-$1,000,000 | $1,000,001-$5,000,000",1500002,6000000,False,Hedge funds & private funds,Goldman Sachs West Street private-equity co-investment partnership.,1,"$100,001-$250,000",100001,250000,False,lower
WEST STREET CAPITAL PARTNERS IX LP,,,,,,,,Hedge funds & private funds,Private fund / partnership interest — West Street Capital Partners IX LP,1,None,0,0,False,
WEST STREET CAPITAL PARTNERS VII L P,,,,,,,,Hedge funds & private funds,Private fund / partnership interest — West Street Capital Partners VII L P,1,"$250,001-$500,000",250001,500000,False,
WEST STREET CAPITAL PARTNERS VII L.P.,Hedge funds & private funds,"Goldman Sachs private equity fund, West Street Capital Partners VII",1,"$1,000,001-$5,000,000",1000001,5000000,False,,,,,,,,
WEST STREET CAPITAL PARTNERS VIII L P,,,,,,,,Hedge funds & private funds,Private fund / partnership interest — West Street Capital Partners Viii L P,1,"$250,001-$500,000",250001,500000,False,
"WEST STREET CAPITAL PARTNERS VIII, L.P.",Hedge funds & private funds,"Goldman Sachs-managed private equity buyout fund, eighth in its series",1,"$1,000,001-$5,000,000",1000001,5000000,False,,,,,,,,
WEST STREET ENERGY PARTNERS L P,,,,,,,,Hedge funds & private funds,Private fund / partnership interest — West Street Energy Partners L P,1,"$1,001-$15,000",1001,15000,False,
WEST STREET ENERGY PARTNERS L.P,,,,,,,,Hedge funds & private funds,Private fund / partnership interest — West Street Energy Partners L.P,1,"$1,001-$15,000",1001,15000,False,
"WEST STREET ENERGY PARTNERS, L.P.",Hedge funds & private funds,Goldman Sachs private fund (West Street) investing in energy companies and assets,2,"$1,001-$15,000",2002,30000,False,,,,,,,,
WEST STREET GLOBAL GROWTH PARTNERS L P,,,,,,,,Hedge funds & private funds,Private fund / partnership interest — West Street Global Growth Partners L P,1,"$500,001-$1,000,000",500001,1000000,False,
WEST STREET GLOBAL GROWTH PARTNERS L.P,,,,,,,,Hedge funds & private funds,Private fund / partnership interest — West Street Global Growth Partners L.P,1,"$250,001-$500,000",250001,500000,False,
WEST STREET GLOBAL GROWTH PARTNERS L.P.,Hedge funds & private funds,"Goldman Sachs private growth-equity fund, West Street Global Growth Partners.",2,"$500,001-$1,000,000 | $1,000,001-$5,000,000",1500002,6000000,False,,,,,,,,
WEST STREET GROWTH EQUITY PARTNERS II LP,,,,,,,,Hedge funds & private funds,Private fund / partnership interest — West Street Growth Equity Partners II LP,1,None,0,0,False,
WEST STREET PRIVATE MARKETS 2022 L P,,,,,,,,Other,Reported asset or transaction line item — West Street Private Markets 2022 L P,1,"$250,001-$500,000",250001,500000,False,
WEST STREET PRIVATE MARKETS 2022 L.P,,,,,,,,Hedge funds & private funds,Private fund / partnership interest — West Street Private Markets 2022 L.P,1,"$250,001-$500,000",250001,500000,False,
"WEST STREET PRIVATE MARKETS 2022, L.P.",Hedge funds & private funds,"Goldman Sachs West Street private markets fund, 2022 vintage",2,"$500,001-$1,000,000 | $1,000,001-$5,000,000",1500002,6000000,False,,,,,,,,
WEST STREET SENIOR CREDIT PARTNERS III L.P,,,,,,,,Hedge funds & private funds,Private fund / partnership interest — West Street Senior Credit Partners III L.P,1,"$250,001-$500,000",250001,500000,False,
"WEST STREET SENIOR CREDIT PARTNERS III, L.P.",Hedge funds & private funds,Goldman Sachs-managed private credit fund making senior loans to companies,1,"$1,000,001-$5,000,000",1000001,5000000,False,,,,,,,,
WEST STREET STRATEGIC SOLUTIONS FUND I L P,,,,,,,,Funds & ETFs,Investment fund — West Street Strategic Solutions Fund I L P,1,"$250,001-$500,000",250001,500000,False,
WEST STREET STRATEGIC SOLUTIONS FUND I L.P,,,,,,,,Hedge funds & private funds,Private fund / partnership interest — West Street Strategic Solutions Fund I L.P,1,"$250,001-$500,000",250001,500000,False,
"WEST STREET STRATEGIC SOLUTIONS FUND I, L.P.",Hedge funds & private funds,Private credit fund managed by Goldman Sachs (West Street series),2,"$500,001-$1,000,000 | $1,000,001-$5,000,000",1500002,6000000,False,,,,,,,,
WESTERN DIGITAL CORPORATION CMN,Common stock,"Common stock of Western Digital, a maker of hard drives and data storage.",3,None,0,0,False,Common stock,"Common stock of Western Digital, a maker of hard drives and data storage.",2,"$1,001-$15,000 | $15,001-$50,000",16002,65000,False,higher
WESTERVILLE OHIO CITY SCH DIST GO 5.0000% 12/01/24 JD,Municipal & gov bonds,"Westerville, Ohio city school district general obligation bond, 5% coupon, due 12/01/2024",1,None,0,0,False,,,,,,,,
WESTINGHOUSE AIR BRAKE TECHNOL CMN,Common stock,"Common stock of Wabtec, a rail equipment and locomotive manufacturer",3,None,0,0,False,Common stock,"Common stock of Wabtec, a rail equipment and locomotive manufacturer",2,"None | $15,001-$50,000",15001,50000,False,higher
WESTLAKE OHIO CITY SCH DIST GO 4% 12/01/37 JD,Municipal & gov bonds,"Westlake, Ohio city school district general obligation bond — 4% coupon, due December 2037",1,None,0,0,False,,,,,,,,
WESTLAKE OHIO SPL OBLIG REV REV 5% 12/01/27-CA JD,Municipal & gov bonds,"City of Westlake, Ohio special obligation revenue bond; 5% coupon, matures December 2027.",1,None,0,0,False,,,,,,,,
WESTPAC BANKING CORPORATION 2 15% 06/03/2031 USD SR LIEN,,,,,,,,Preferred & hybrid securities,Preferred / hybrid perpetual security issued by Westpac Banking Corporation 2 15% 06/03/2031 USD SR Lien,1,"$15,001-$50,000",15001,50000,False,
WESTPAC BANKING CORPORATION 2.15% 06/03/2031 USD,Municipal & gov bonds,"Bond of Westpac, a major Australian bank; 2.15%, due June 2031",1,None,0,0,False,,,,,,,,
WESTPAC BANKING CORPORATION 2.15% 06/03/2031 USD SR LIEN,Preferred & hybrid securities,"Senior bond of Australian bank Westpac, 2.15%, maturing June 2031",1,"$15,001-$50,000",15001,50000,False,,,,,,,,
WESTROCK COMPANY CMN,Common stock,"Common stock of WestRock, a paper and packaging manufacturer",2,None,0,0,False,,,,,,,,
WEYERHAEUSER COMPANY CMN,Common stock,"Common stock of Weyerhaeuser, a timberland-owning real estate investment trust.",3,"$1,001-$15,000",3003,45000,False,Common stock,"Common stock of Weyerhaeuser, a timberland-owning real estate investment trust.",3,"None | $1,001-$15,000",2002,30000,False,overlapping_reported_ranges
WHIRLPOOL CORP. CMN,Common stock,Common stock of home appliance maker Whirlpool,1,None,0,0,False,,,,,,,,
WILLIS TOWERS WATSON PLC CMN,Common stock,"Common stock of Willis Towers Watson, an insurance brokerage and advisory firm",3,"None | $1,001-$15,000",1001,15000,False,Common stock,"Common stock of Willis Towers Watson, an insurance brokerage and advisory firm",1,"$1,001-$15,000",1001,15000,False,same_reported_range
WILLOUGHBY EASTLAKE OHIO CITY GO 5% 12/01/46-CA JD SCH DIST,,,,,,,,Municipal & gov bonds,"Municipal bond — Willoughby Eastlake Ohio City, 5% coupon",1,None,0,0,False,
WIX.COM LTD CMN,,,,,,,,Common stock,Common stock of Wix. Ltd,3,"$1,001-$15,000",3003,45000,False,
WORKDAY INC CMN CLASS A,,,,,,,,Common stock,Common stock of Workday Inc,2,None,0,0,False,
WYNFORD OHIO LOC SCH DIST GO 4% 11/01/26 MN GO SCH FACS CONSTR IMPT,,,,,,,,Municipal & gov bonds,"Municipal bond — Wynford Ohio LOC, 4% coupon",1,"$1,001-$15,000",1001,15000,False,
WYNN RESORTS LIMITED CMN,,,,,,,,Common stock,Common stock of Wynn Resorts Limited,1,None,0,0,False,
"WYNN RESORTS, LIMITED CMN",Common stock,"Common stock of Wynn Resorts, a casino and luxury resort operator",3,"$1,001-$15,000 | None",1001,15000,False,,,,,,,,
XCEL ENERGY INC 2 6% 12/01/2029 USD SR LIEN,,,,,,,,Preferred & hybrid securities,Preferred / hybrid perpetual security issued by Xcel Energy Inc 2 6% 12/01/2029 USD SR Lien,1,"$1,001-$15,000",1001,15000,False,
XCEL ENERGY INC 2.6% 12/01/2029 USD SR LIEN,Preferred & hybrid securities,"Senior bond of utility Xcel Energy; 2.6% coupon, matures 2029.",1,"$15,001-$50,000",15001,50000,False,,,,,,,,
XCEL ENERGY INC 3 4 % 06/01/2030 USD SR LIEN,,,,,,,,Preferred & hybrid securities,Preferred / hybrid perpetual security issued by Xcel Energy Inc 3 4 % 06/01/2030 USD SR Lien,1,"$15,001-$50,000",15001,50000,False,
XCEL ENERGY INC 3.4% 06/01/2030 USD SR LIEN,Preferred & hybrid securities,"Senior bond of Xcel Energy, a Midwestern electric utility; 3.4%, due June 2030",1,"$15,001-$50,000",15001,50000,False,,,,,,,,
XCEL ENERGY INC CMN,,,,,,,,Common stock,Common stock of Xcel Energy Inc,2,"$1,001-$15,000 | $15,001-$50,000",16002,65000,False,
XCEL ENERGY INC. CMN,Common stock,"Common stock of Xcel Energy, a Midwestern electric and gas utility",2,"$1,001-$15,000 | $100,001-$250,000",101002,265000,False,,,,,,,,
XENIA OHIO CMNTY CITY SCH DIST GO 4% 12/01/25 JD,Municipal & gov bonds,"Xenia, Ohio community school district general obligation bond — 4%, maturing December 2025",1,None,0,0,False,,,,,,,,
XENIA OHIO CMNTY CITY SCH DIST GO 4% 12/01/25 JD GO UNLTD TAX FACS CO,Municipal & gov bonds,"Xenia, Ohio community city school district general obligation bond, 4%, due December 2025.",1,"$100,001-$250,000",100001,250000,False,,,,,,,,
XYLEM INC CMN,,,,,,,,Common stock,Common stock of Xylem Inc,4,"None | $1,001-$15,000",1001,15000,False,
XYLEM INC. CMN,Common stock,"Common stock of Xylem, water technology and equipment company",5,"$15,001-$50,000 | None | $1,001-$15,000",17003,80000,False,,,,,,,,
YUM BRANDS INC CMN,,,,,,,,Common stock,Common stock of YUM Brands Inc,3,"$1,001-$15,000",3003,45000,False,
"YUM BRANDS, INC. CMN",Common stock,"Common stock of Yum Brands, parent of KFC, Taco Bell, and Pizza Hut",3,"$1,001-$15,000 | None",2002,30000,False,,,,,,,,
ZEBRA TECHNOLOGIES INC CMN CLASS A,Common stock,"Class A common stock of Zebra Technologies, maker of barcode scanners and printers",1,None,0,0,False,Common stock,"Class A common stock of Zebra Technologies, maker of barcode scanners and printers",2,"None | $1,001-$15,000",1001,15000,False,higher
ZIMMER BIOMET HOLDINGS INC,Common stock,"Common stock of Zimmer Biomet, an orthopedic implants and medical device maker.",4,"$15,001-$50,000 | $1,001-$15,000 | $50,001-$100,000",116004,265000,False,Common stock,"Common stock of Zimmer Biomet, an orthopedic implants and medical device maker.",4,"$1,001-$15,000 | None | $50,001-$100,000",,,False,not_comparable
ZIONS BANCORP CMN,Common stock,"Common stock of Zions Bancorporation, a Utah-based regional bank",1,None,0,0,False,,,,,,,,
ZOETIS INC,Common stock,"Common stock of Zoetis, an animal health medicines company",3,"$1,001-$15,000",3003,45000,False,,,,,,,,
ZOETIS INC CMN CLASS A,,,,,,,,Common stock,Common stock of Zoetis Inc,6,"$15,001-$50,000 | $1,001-$15,000 | None",33005,145000,False,
ZOETIS INC. CMN CLASS A,Common stock,"Class A common stock of Zoetis, an animal health medicines company",3,"$1,001-$15,000",3003,45000,False,,,,,,,,
ZSCALER INC CMN,,,,,,,,Common stock,Common stock of Zscaler Inc,1,"$1,001-$15,000",1001,15000,False,
"ZSCALER, INC. CMN",Common stock,"Common stock of Zscaler, a cloud cybersecurity company.",1,"$15,001-$50,000",15001,50000,False,,,,,,,,
